"../../../Engine/Plugins/2D/Paper2D/Content/PlaceholderTextures/DummySpriteTexture.ubulk" 0
"../../../Engine/Plugins/2D/Paper2D/Content/PlaceholderTextures/DummySpriteTexture.uasset" 1
"../../../Engine/Plugins/2D/Paper2D/Content/PlaceholderTextures/DummySpriteTexture.uexp" 2
"../../../Engine/Plugins/2D/Paper2D/Content/DummySprite.uasset" 3
"../../../Engine/Plugins/2D/Paper2D/Content/DummySprite.uexp" 4
"../../../Engine/Plugins/2D/Paper2D/Content/DefaultPaperTerrainMaterial.uasset" 5
"../../../Engine/Plugins/2D/Paper2D/Content/DefaultPaperTerrainMaterial.uexp" 6
"../../../Engine/Plugins/Animation/ACLPlugin/Content/ACLAnimBoneCompressionSettings.uasset" 7
"../../../Engine/Plugins/Animation/ACLPlugin/Content/ACLAnimBoneCompressionSettings.uexp" 8
"../../../Engine/Content/EngineMaterials/DefaultDestructiblePhysicalMaterial.uasset" 9
"../../../Engine/Content/EngineMaterials/DefaultDestructiblePhysicalMaterial.uexp" 10
"../../../Engine/Content/EngineFonts/Faces/DroidSansFallback.uexp" 11
"../../../Engine/Content/EngineFonts/Faces/DroidSansFallback.uasset" 12
"../../../Engine/Content/EngineFonts/Faces/DroidSansFallback.ufont" 13
"../../../Engine/Content/EngineFonts/Faces/RobotoRegular.uexp" 14
"../../../Engine/Content/EngineFonts/Faces/RobotoRegular.uasset" 15
"../../../Engine/Content/EngineFonts/Faces/RobotoRegular.ufont" 16
"../../../Engine/Content/EngineFonts/Faces/RobotoLight.uexp" 17
"../../../Engine/Content/EngineFonts/Faces/RobotoLight.uasset" 18
"../../../Engine/Content/EngineFonts/Faces/RobotoLight.ufont" 19
"../../../Engine/Content/EngineFonts/Faces/RobotoItalic.uexp" 20
"../../../Engine/Content/EngineFonts/Faces/RobotoItalic.uasset" 21
"../../../Engine/Content/EngineFonts/Faces/RobotoItalic.ufont" 22
"../../../Engine/Content/EngineFonts/Faces/RobotoBoldItalic.uexp" 23
"../../../Engine/Content/EngineFonts/Faces/RobotoBoldItalic.uasset" 24
"../../../Engine/Content/EngineFonts/Faces/RobotoBoldItalic.ufont" 25
"../../../Engine/Content/EngineFonts/Faces/RobotoBold.uexp" 26
"../../../Engine/Content/EngineFonts/Faces/RobotoBold.uasset" 27
"../../../Engine/Content/EngineFonts/Faces/RobotoBold.ufont" 28
"../../../Engine/Content/EngineFonts/Roboto.uasset" 29
"../../../Engine/Content/EngineFonts/Roboto.uexp" 30
"../../../Engine/Content/EngineFonts/Faces/DroidSansMono.uexp" 31
"../../../Engine/Content/EngineFonts/Faces/DroidSansMono.uasset" 32
"../../../Engine/Content/EngineFonts/Faces/DroidSansMono.ufont" 33
"../../../Engine/Content/EngineFonts/DroidSansMono.uasset" 34
"../../../Engine/Content/EngineFonts/DroidSansMono.uexp" 35
"../../../Engine/Plugins/Interchange/Runtime/Content/Pipelines/DefaultTexturePipeline.uasset" 36
"../../../Engine/Plugins/Interchange/Runtime/Content/Pipelines/DefaultTexturePipeline.uexp" 37
"../../../Engine/Plugins/Interchange/Runtime/Content/Pipelines/DefaultSceneLevelPipeline.uasset" 38
"../../../Engine/Plugins/Interchange/Runtime/Content/Pipelines/DefaultSceneLevelPipeline.uexp" 39
"../../../Engine/Plugins/Interchange/Runtime/Content/Pipelines/DefaultSceneAssetsPipeline.uasset" 40
"../../../Engine/Plugins/Interchange/Runtime/Content/Pipelines/DefaultSceneAssetsPipeline.uexp" 41
"../../../Engine/Plugins/Interchange/Runtime/Content/Pipelines/DefaultMaterialXPipeline.uasset" 42
"../../../Engine/Plugins/Interchange/Runtime/Content/Pipelines/DefaultMaterialXPipeline.uexp" 43
"../../../Engine/Plugins/Interchange/Runtime/Content/Pipelines/DefaultMaterialPipeline.uasset" 44
"../../../Engine/Plugins/Interchange/Runtime/Content/Pipelines/DefaultMaterialPipeline.uexp" 45
"../../../Engine/Plugins/Interchange/Runtime/Content/Pipelines/DefaultGLTFSceneAssetsPipeline.uasset" 46
"../../../Engine/Plugins/Interchange/Runtime/Content/Pipelines/DefaultGLTFSceneAssetsPipeline.uexp" 47
"../../../Engine/Plugins/Interchange/Runtime/Content/Pipelines/DefaultGLTFPipeline.uasset" 48
"../../../Engine/Plugins/Interchange/Runtime/Content/Pipelines/DefaultGLTFPipeline.uexp" 49
"../../../Engine/Plugins/Interchange/Runtime/Content/Pipelines/DefaultGLTFAssetsPipeline.uasset" 50
"../../../Engine/Plugins/Interchange/Runtime/Content/Pipelines/DefaultGLTFAssetsPipeline.uexp" 51
"../../../Engine/Plugins/Interchange/Runtime/Content/Pipelines/DefaultAssetsPipeline.uasset" 52
"../../../Engine/Plugins/Interchange/Runtime/Content/Pipelines/DefaultAssetsPipeline.uexp" 53
"../../../Engine/Content/EngineSounds/Master.uasset" 54
"../../../Engine/Content/EngineSounds/Master.uexp" 55
"../../../Engine/Content/EngineResources/GradientTexture0.uasset" 56
"../../../Engine/Content/EngineResources/GradientTexture0.uexp" 57
"../../../Engine/Content/EngineResources/Black.uasset" 58
"../../../Engine/Content/EngineResources/Black.uexp" 59
"../../../Engine/Content/EditorResources/S_Actor.ubulk" 60
"../../../Engine/Content/EditorResources/S_Actor.uasset" 61
"../../../Engine/Content/EditorResources/S_Actor.uexp" 62
"../../../Engine/Plugins/NNE/NNEDenoiser/Content/NNEDTOM_Output_Default.uasset" 63
"../../../Engine/Plugins/NNE/NNEDenoiser/Content/NNEDTOM_Output_Default.uexp" 64
"../../../Engine/Plugins/NNE/NNEDenoiser/Content/NNEDTOM_Output_Alpha.uasset" 65
"../../../Engine/Plugins/NNE/NNEDenoiser/Content/NNEDTOM_Output_Alpha.uexp" 66
"../../../Engine/Plugins/NNE/NNEDenoiser/Content/NNEDTIM_ColorAlbedoNormal_Default.uasset" 67
"../../../Engine/Plugins/NNE/NNEDenoiser/Content/NNEDTIM_ColorAlbedoNormal_Default.uexp" 68
"../../../Engine/Plugins/NNE/NNEDenoiser/Content/NNEDTIM_ColorAlbedoNormal_Alpha.uasset" 69
"../../../Engine/Plugins/NNE/NNEDenoiser/Content/NNEDTIM_ColorAlbedoNormal_Alpha.uexp" 70
"../../../Engine/Plugins/NNE/NNEDenoiser/Content/NNEDOM_Output_Default.uasset" 71
"../../../Engine/Plugins/NNE/NNEDenoiser/Content/NNEDOM_Output_Default.uexp" 72
"../../../Engine/Plugins/NNE/NNEDenoiser/Content/NNEDOM_Output_Alpha.uasset" 73
"../../../Engine/Plugins/NNE/NNEDenoiser/Content/NNEDOM_Output_Alpha.uexp" 74
"../../../Engine/Plugins/NNE/NNEDenoiser/Content/NNEDIM_HighQuality_Default.uasset" 75
"../../../Engine/Plugins/NNE/NNEDenoiser/Content/NNEDIM_HighQuality_Default.uexp" 76
"../../../Engine/Plugins/NNE/NNEDenoiser/Content/NNEDIM_HighQuality_Alpha.uasset" 77
"../../../Engine/Plugins/NNE/NNEDenoiser/Content/NNEDIM_HighQuality_Alpha.uexp" 78
"../../../Engine/Plugins/NNE/NNEDenoiser/Content/NNEDIM_ColorAlbedoNormal_Default.uasset" 79
"../../../Engine/Plugins/NNE/NNEDenoiser/Content/NNEDIM_ColorAlbedoNormal_Default.uexp" 80
"../../../Engine/Plugins/NNE/NNEDenoiser/Content/NNEDIM_ColorAlbedoNormal_Alpha.uasset" 81
"../../../Engine/Plugins/NNE/NNEDenoiser/Content/NNEDIM_ColorAlbedoNormal_Alpha.uexp" 82
"../../../Engine/Content/Functions/Engine_MaterialFunctions02/WorldPositionOffset/CameraOffset.uasset" 83
"../../../Engine/Content/Functions/Engine_MaterialFunctions02/WorldPositionOffset/CameraOffset.uexp" 84
"../../../Engine/Plugins/Animation/ControlRig/Content/M_Manip.uasset" 85
"../../../Engine/Plugins/Animation/ControlRig/Content/M_Manip.uexp" 86
"../../../Engine/Content/EditorLandscapeResources/WhiteSquareTexture.uasset" 87
"../../../Engine/Content/EditorLandscapeResources/WhiteSquareTexture.uexp" 88
"../../../Engine/Content/EditorLandscapeResources/LayerVisMaterial.uasset" 89
"../../../Engine/Content/EditorLandscapeResources/LayerVisMaterial.uexp" 90
"../../../Engine/Content/Functions/Engine_MaterialFunctions02/Utility/BreakOutFloat2Components.uasset" 91
"../../../Engine/Content/Functions/Engine_MaterialFunctions02/Utility/BreakOutFloat2Components.uexp" 92
"../../../Engine/Content/Functions/Engine_MaterialFunctions01/Texturing/ScaleUVsByCenter.uasset" 93
"../../../Engine/Content/Functions/Engine_MaterialFunctions01/Texturing/ScaleUVsByCenter.uexp" 94
"../../../Engine/Content/Functions/Engine_MaterialFunctions02/WorldPositionOffset/LocalPosition.uasset" 95
"../../../Engine/Content/Functions/Engine_MaterialFunctions02/WorldPositionOffset/LocalPosition.uexp" 96
"../../../Engine/Content/EngineMaterials/DefaultDiffuse.ubulk" 97
"../../../Engine/Content/EngineMaterials/DefaultDiffuse.uasset" 98
"../../../Engine/Content/EngineMaterials/DefaultDiffuse.uexp" 99
"../../../Engine/Content/Functions/Engine_MaterialFunctions01/Texturing/TextureCropping.uasset" 100
"../../../Engine/Content/Functions/Engine_MaterialFunctions01/Texturing/TextureCropping.uexp" 101
"../../../Engine/Content/Functions/Engine_MaterialFunctions02/ExampleContent/DebugNumberStrip.uasset" 102
"../../../Engine/Content/Functions/Engine_MaterialFunctions02/ExampleContent/DebugNumberStrip.uexp" 103
"../../../Engine/Content/Functions/Engine_MaterialFunctions01/Debug/DebugIntValues.uasset" 104
"../../../Engine/Content/Functions/Engine_MaterialFunctions01/Debug/DebugIntValues.uexp" 105
"../../../Engine/Content/EditorLandscapeResources/LandscapeLayerUsageMaterial.uasset" 106
"../../../Engine/Content/EditorLandscapeResources/LandscapeLayerUsageMaterial.uexp" 107
"../../../Engine/Content/EditorLandscapeResources/DefaultAlphaTexture.uasset" 108
"../../../Engine/Content/EditorLandscapeResources/DefaultAlphaTexture.uexp" 109
"../../../Engine/Content/EditorLandscapeResources/LandscapeDirtyMaterial.uasset" 110
"../../../Engine/Content/EditorLandscapeResources/LandscapeDirtyMaterial.uexp" 111
"../../../Engine/Content/EngineResources/DefaultTexture.ubulk" 112
"../../../Engine/Content/EngineResources/DefaultTexture.uasset" 113
"../../../Engine/Content/EngineResources/DefaultTexture.uexp" 114
"../../../Engine/Content/EngineMaterials/RemoveSurfaceMaterial.uasset" 115
"../../../Engine/Content/EngineMaterials/RemoveSurfaceMaterial.uexp" 116
"../../../Engine/Content/EngineMaterials/PreintegratedSkinBRDF.uasset" 117
"../../../Engine/Content/EngineMaterials/PreintegratedSkinBRDF.uexp" 118
"../../../Engine/Content/EngineMaterials/DefaultCalibrationGrayscale.uasset" 119
"../../../Engine/Content/EngineMaterials/DefaultCalibrationGrayscale.uexp" 120
"../../../Engine/Content/EngineMaterials/PPM_DefaultCalibrationGrayscale.uasset" 121
"../../../Engine/Content/EngineMaterials/PPM_DefaultCalibrationGrayscale.uexp" 122
"../../../Engine/Content/EngineMaterials/DefaultCalibrationColor.uasset" 123
"../../../Engine/Content/EngineMaterials/DefaultCalibrationColor.uexp" 124
"../../../Engine/Content/EngineMaterials/PPM_DefaultCalibrationColor.uasset" 125
"../../../Engine/Content/EngineMaterials/PPM_DefaultCalibrationColor.uexp" 126
"../../../Engine/Content/EngineMaterials/PhAT_JointLimitMaterial.uasset" 127
"../../../Engine/Content/EngineMaterials/PhAT_JointLimitMaterial.uexp" 128
"../../../Engine/Content/EngineMaterials/NaniteHiddenSectionMaterial.uasset" 129
"../../../Engine/Content/EngineMaterials/NaniteHiddenSectionMaterial.uexp" 130
"../../../Engine/Content/EngineMaterials/InvalidLightmapSettings.ubulk" 131
"../../../Engine/Content/EngineMaterials/InvalidLightmapSettings.uasset" 132
"../../../Engine/Content/EngineMaterials/InvalidLightmapSettings.uexp" 133
"../../../Engine/Content/EngineMaterials/M_InvalidLightmapSettings.uasset" 134
"../../../Engine/Content/EngineMaterials/M_InvalidLightmapSettings.uexp" 135
"../../../Engine/Content/EngineMaterials/MiniFont.uasset" 136
"../../../Engine/Content/EngineMaterials/MiniFont.uexp" 137
"../../../Engine/Content/EngineMaterials/GizmoMaterial.uasset" 138
"../../../Engine/Content/EngineMaterials/GizmoMaterial.uexp" 139
"../../../Engine/Content/EngineMaterials/BaseFlattenDiffuseMap_VT.ubulk" 140
"../../../Engine/Content/EngineMaterials/BaseFlattenDiffuseMap_VT.uasset" 141
"../../../Engine/Content/EngineMaterials/BaseFlattenDiffuseMap_VT.uexp" 142
"../../../Engine/Content/EngineMaterials/BaseFlattenEmissiveMap_VT.ubulk" 143
"../../../Engine/Content/EngineMaterials/BaseFlattenEmissiveMap_VT.uasset" 144
"../../../Engine/Content/EngineMaterials/BaseFlattenEmissiveMap_VT.uexp" 145
"../../../Engine/Content/EngineMaterials/BaseFlattenGrayscaleMap_VT.ubulk" 146
"../../../Engine/Content/EngineMaterials/BaseFlattenGrayscaleMap_VT.uasset" 147
"../../../Engine/Content/EngineMaterials/BaseFlattenGrayscaleMap_VT.uexp" 148
"../../../Engine/Content/EngineMaterials/BaseFlattenLinearColor_VT.ubulk" 149
"../../../Engine/Content/EngineMaterials/BaseFlattenLinearColor_VT.uasset" 150
"../../../Engine/Content/EngineMaterials/BaseFlattenLinearColor_VT.uexp" 151
"../../../Engine/Content/EngineMaterials/BaseFlattenNormalMap_VT.ubulk" 152
"../../../Engine/Content/EngineMaterials/BaseFlattenNormalMap_VT.uasset" 153
"../../../Engine/Content/EngineMaterials/BaseFlattenNormalMap_VT.uexp" 154
"../../../Engine/Content/EngineMaterials/Black_1x1_EXR_Texture_VT.ubulk" 155
"../../../Engine/Content/EngineMaterials/Black_1x1_EXR_Texture_VT.uasset" 156
"../../../Engine/Content/EngineMaterials/Black_1x1_EXR_Texture_VT.uexp" 157
"../../../Engine/Content/EngineMaterials/FlattenMaterial_WS_Normal_VT.uasset" 158
"../../../Engine/Content/EngineMaterials/FlattenMaterial_WS_Normal_VT.uexp" 159
"../../../Engine/Content/EngineMaterials/FlattenMaterial_VT.uasset" 160
"../../../Engine/Content/EngineMaterials/FlattenMaterial_VT.uexp" 161
"../../../Engine/Content/EngineMaterials/BaseFlattenNormalMap.uasset" 162
"../../../Engine/Content/EngineMaterials/BaseFlattenNormalMap.uexp" 163
"../../../Engine/Content/EngineMaterials/BaseFlattenDiffuseMap.uasset" 164
"../../../Engine/Content/EngineMaterials/BaseFlattenDiffuseMap.uexp" 165
"../../../Engine/Content/EngineMaterials/BaseFlattenEmissiveMap.uasset" 166
"../../../Engine/Content/EngineMaterials/BaseFlattenEmissiveMap.uexp" 167
"../../../Engine/Content/EngineMaterials/BaseFlattenGrayscaleMap.uasset" 168
"../../../Engine/Content/EngineMaterials/BaseFlattenGrayscaleMap.uexp" 169
"../../../Engine/Content/EngineMaterials/BaseFlattenLinearColor.uasset" 170
"../../../Engine/Content/EngineMaterials/BaseFlattenLinearColor.uexp" 171
"../../../Engine/Content/Functions/Engine_MaterialFunctions02/PivotPainter2/Black_1x1_EXR_Texture.uasset" 172
"../../../Engine/Content/Functions/Engine_MaterialFunctions02/PivotPainter2/Black_1x1_EXR_Texture.uexp" 173
"../../../Engine/Content/EngineMaterials/FlattenMaterial.uasset" 174
"../../../Engine/Content/EngineMaterials/FlattenMaterial.uexp" 175
"../../../Engine/Content/EngineMaterials/FastBlueNoise_vec2_128x128x64.uasset" 176
"../../../Engine/Content/EngineMaterials/FastBlueNoise_vec2_128x128x64.uexp" 177
"../../../Engine/Content/EngineMaterials/FastBlueNoise_scalar_128x128x8.uasset" 178
"../../../Engine/Content/EngineMaterials/FastBlueNoise_scalar_128x128x8.uexp" 179
"../../../Engine/Content/EngineMaterials/FastBlueNoise_scalar_128x128x64.uasset" 180
"../../../Engine/Content/EngineMaterials/FastBlueNoise_scalar_128x128x64.uexp" 181
"../../../Engine/Content/EngineMaterials/DefaultWhiteGrid_Low.uasset" 182
"../../../Engine/Content/EngineMaterials/DefaultWhiteGrid_Low.uexp" 183
"../../../Engine/Content/EngineMaterials/EmissiveMeshMaterial.uasset" 184
"../../../Engine/Content/EngineMaterials/EmissiveMeshMaterial.uexp" 185
"../../../Engine/Content/EngineMaterials/DefaultWhiteGrid.ubulk" 186
"../../../Engine/Content/EngineMaterials/DefaultWhiteGrid.uasset" 187
"../../../Engine/Content/EngineMaterials/DefaultWhiteGrid.uexp" 188
"../../../Engine/Content/EngineFonts/RobotoDistanceField.uasset" 189
"../../../Engine/Content/EngineFonts/RobotoDistanceField.uexp" 190
"../../../Engine/Content/EngineMaterials/DefaultTextMaterialOpaque.uasset" 191
"../../../Engine/Content/EngineMaterials/DefaultTextMaterialOpaque.uexp" 192
"../../../Engine/Content/EngineMaterials/DefaultPostProcessMaterial.uasset" 193
"../../../Engine/Content/EngineMaterials/DefaultPostProcessMaterial.uexp" 194
"../../../Engine/Content/EngineMaterials/DefaultLightFunctionMaterial.uasset" 195
"../../../Engine/Content/EngineMaterials/DefaultLightFunctionMaterial.uexp" 196
"../../../Engine/Content/EngineMaterials/DefaultDeferredDecalMaterial.uasset" 197
"../../../Engine/Content/EngineMaterials/DefaultDeferredDecalMaterial.uexp" 198
"../../../Engine/Content/EngineMaterials/DefaultBokeh.uasset" 199
"../../../Engine/Content/EngineMaterials/DefaultBokeh.uexp" 200
"../../../Engine/Content/EngineMaterials/DefaultBloomKernel.uasset" 201
"../../../Engine/Content/EngineMaterials/DefaultBloomKernel.uexp" 202
"../../../Engine/Content/Functions/Engine_MaterialFunctions02/Utility/CameraDirectionVector.uasset" 203
"../../../Engine/Content/Functions/Engine_MaterialFunctions02/Utility/CameraDirectionVector.uexp" 204
"../../../Engine/Content/EngineDebugMaterials/VolumeToRender.uasset" 205
"../../../Engine/Content/EngineDebugMaterials/VolumeToRender.uexp" 206
"../../../Engine/Content/EngineDebugMaterials/M_VolumeRenderSphereTracePP.uasset" 207
"../../../Engine/Content/EngineDebugMaterials/M_VolumeRenderSphereTracePP.uexp" 208
"../../../Engine/Content/EngineDebugMaterials/M_SimpleUnlitTranslucent.uasset" 209
"../../../Engine/Content/EngineDebugMaterials/M_SimpleUnlitTranslucent.uexp" 210
"../../../Engine/Content/EngineDebugMaterials/DebugMeshMaterial.uasset" 211
"../../../Engine/Content/EngineDebugMaterials/DebugMeshMaterial.uexp" 212
"../../../Engine/Content/EngineDebugMaterials/DebugEditorMaterial.uasset" 213
"../../../Engine/Content/EngineDebugMaterials/DebugEditorMaterial.uexp" 214
"../../../Engine/Content/EngineDamageTypes/DmgTypeBP_Environmental.uasset" 215
"../../../Engine/Content/EngineDamageTypes/DmgTypeBP_Environmental.uexp" 216
"../../../Engine/Content/EditorResources/S_TriggerSphere.uasset" 217
"../../../Engine/Content/EditorResources/S_TriggerSphere.uexp" 218
"../../../Engine/Content/EditorResources/S_TriggerCapsule.uasset" 219
"../../../Engine/Content/EditorResources/S_TriggerCapsule.uexp" 220
"../../../Engine/Content/EditorResources/S_TriggerBox.uasset" 221
"../../../Engine/Content/EditorResources/S_TriggerBox.uexp" 222
"../../../Engine/Content/EditorResources/S_Trigger.ubulk" 223
"../../../Engine/Content/EditorResources/S_Trigger.uasset" 224
"../../../Engine/Content/EditorResources/S_Trigger.uexp" 225
"../../../Engine/Content/EditorResources/S_Terrain.ubulk" 226
"../../../Engine/Content/EditorResources/S_Terrain.uasset" 227
"../../../Engine/Content/EditorResources/S_Terrain.uexp" 228
"../../../Engine/Content/EditorResources/S_Solver.ubulk" 229
"../../../Engine/Content/EditorResources/S_Solver.uasset" 230
"../../../Engine/Content/EditorResources/S_Solver.uexp" 231
"../../../Engine/Content/EditorResources/S_BoxReflectionCapture.uasset" 232
"../../../Engine/Content/EditorResources/S_BoxReflectionCapture.uexp" 233
"../../../Engine/Content/EditorResources/BSPVertex.uasset" 234
"../../../Engine/Content/EditorResources/BSPVertex.uexp" 235
"../../../Engine/Content/EditorMaterials/PreviewShadowIndicator.ubulk" 236
"../../../Engine/Content/EditorMaterials/PreviewShadowIndicator.uasset" 237
"../../../Engine/Content/EditorMaterials/PreviewShadowIndicator.uexp" 238
"../../../Engine/Content/EditorMaterials/PreviewShadowIndicatorMaterial.uasset" 239
"../../../Engine/Content/EditorMaterials/PreviewShadowIndicatorMaterial.uexp" 240
"../../../Engine/Content/EditorMaterials/PhAT_UnselectedMaterial.uasset" 241
"../../../Engine/Content/EditorMaterials/PhAT_UnselectedMaterial.uexp" 242
"../../../Engine/Content/EditorMaterials/PhAT_NoCollisionMaterial.uasset" 243
"../../../Engine/Content/EditorMaterials/PhAT_NoCollisionMaterial.uexp" 244
"../../../Engine/Plugins/VirtualProduction/CameraCalibrationCore/Content/Materials/M_DefaultOddSquare.uasset" 245
"../../../Engine/Plugins/VirtualProduction/CameraCalibrationCore/Content/Materials/M_DefaultOddSquare.uexp" 246
"../../../Engine/Plugins/VirtualProduction/CameraCalibrationCore/Content/Materials/M_DefaultEvenSquare.uasset" 247
"../../../Engine/Plugins/VirtualProduction/CameraCalibrationCore/Content/Materials/M_DefaultEvenSquare.uexp" 248
"../../../Engine/Plugins/Runtime/HairStrands/Content/Materials/HairMeshesDefaultMaterial.uasset" 249
"../../../Engine/Plugins/Runtime/HairStrands/Content/Materials/HairMeshesDefaultMaterial.uexp" 250
"../../../Engine/Plugins/Runtime/HairStrands/Content/Materials/HairDefaultMaterial.uasset" 251
"../../../Engine/Plugins/Runtime/HairStrands/Content/Materials/HairDefaultMaterial.uexp" 252
"../../../Engine/Content/Functions/Engine_MaterialFunctions02/Utility/MakeFloat2.uasset" 253
"../../../Engine/Content/Functions/Engine_MaterialFunctions02/Utility/MakeFloat2.uexp" 254
"../../../Engine/Content/Functions/Engine_MaterialFunctions02/Utility/MakeFloat3.uasset" 255
"../../../Engine/Content/Functions/Engine_MaterialFunctions02/Utility/MakeFloat3.uexp" 256
"../../../Engine/Content/EngineMaterials/HairDebugColor.uasset" 257
"../../../Engine/Content/EngineMaterials/HairDebugColor.uexp" 258
"../../../Engine/Content/EngineMaterials/HairColorMap.uasset" 259
"../../../Engine/Content/EngineMaterials/HairColorMap.uexp" 260
"../../../Engine/Plugins/Runtime/HairStrands/Content/Materials/HairGroupColors.uasset" 261
"../../../Engine/Plugins/Runtime/HairStrands/Content/Materials/HairGroupColors.uexp" 262
"../../../Engine/Plugins/Runtime/HairStrands/Content/Materials/HairDebugMaterial.uasset" 263
"../../../Engine/Plugins/Runtime/HairStrands/Content/Materials/HairDebugMaterial.uexp" 264
"../../../Engine/Plugins/Runtime/HairStrands/Content/Materials/HairCardsDefaultMaterial.uasset" 265
"../../../Engine/Plugins/Runtime/HairStrands/Content/Materials/HairCardsDefaultMaterial.uexp" 266
"../../../Engine/Plugins/Runtime/AudioWidgets/Content/Resources/ScrubHandleDown_Clamped.uasset" 267
"../../../Engine/Plugins/Runtime/AudioWidgets/Content/Resources/ScrubHandleDown_Clamped.uexp" 268
"../../../Engine/Plugins/Interchange/Assets/Content/Functions/MX_UsdPreviewSurface.uasset" 269
"../../../Engine/Plugins/Interchange/Assets/Content/Functions/MX_UsdPreviewSurface.uexp" 270
"../../../Engine/Plugins/Interchange/Assets/Content/Functions/MX_UniformEDF.uasset" 271
"../../../Engine/Plugins/Interchange/Assets/Content/Functions/MX_UniformEDF.uexp" 272
"../../../Engine/Plugins/Interchange/Assets/Content/Functions/MX_TranslucentBSDF.uasset" 273
"../../../Engine/Plugins/Interchange/Assets/Content/Functions/MX_TranslucentBSDF.uexp" 274
"../../../Engine/Plugins/Interchange/Assets/Content/Functions/MX_ThinFilmBSDF.uasset" 275
"../../../Engine/Plugins/Interchange/Assets/Content/Functions/MX_ThinFilmBSDF.uexp" 276
"../../../Engine/Plugins/Interchange/Assets/Content/Functions/MX_SurfaceUnlit.uasset" 277
"../../../Engine/Plugins/Interchange/Assets/Content/Functions/MX_SurfaceUnlit.uexp" 278
"../../../Engine/Plugins/Interchange/Assets/Content/Functions/MX_Surface.uasset" 279
"../../../Engine/Plugins/Interchange/Assets/Content/Functions/MX_Surface.uexp" 280
"../../../Engine/Plugins/Interchange/Assets/Content/Functions/MX_SubsurfaceBSDF.uasset" 281
"../../../Engine/Plugins/Interchange/Assets/Content/Functions/MX_SubsurfaceBSDF.uexp" 282
"../../../Engine/Plugins/Interchange/Assets/Content/Functions/MX_SheenBSDF.uasset" 283
"../../../Engine/Plugins/Interchange/Assets/Content/Functions/MX_SheenBSDF.uexp" 284
"../../../Engine/Plugins/Interchange/Assets/Content/Functions/MX_OrenNayarBSDF.uasset" 285
"../../../Engine/Plugins/Interchange/Assets/Content/Functions/MX_OrenNayarBSDF.uexp" 286
"../../../Engine/Plugins/Interchange/Assets/Content/Functions/MF_IridescenceNoLUT.uasset" 287
"../../../Engine/Plugins/Interchange/Assets/Content/Functions/MF_IridescenceNoLUT.uexp" 288
"../../../Engine/Plugins/Interchange/Assets/Content/Functions/MX_StandardSurface.uasset" 289
"../../../Engine/Plugins/Interchange/Assets/Content/Functions/MX_StandardSurface.uexp" 290
"../../../Engine/Plugins/Interchange/Assets/Content/Functions/MX_TransmissionSurface.uasset" 291
"../../../Engine/Plugins/Interchange/Assets/Content/Functions/MX_TransmissionSurface.uexp" 292
"../../../Engine/Plugins/Interchange/Assets/Content/Functions/MX_OpenPBR_Translucent.uasset" 293
"../../../Engine/Plugins/Interchange/Assets/Content/Functions/MX_OpenPBR_Translucent.uexp" 294
"../../../Engine/Plugins/Interchange/Assets/Content/Functions/MX_OpenPBR_Opaque.uasset" 295
"../../../Engine/Plugins/Interchange/Assets/Content/Functions/MX_OpenPBR_Opaque.uexp" 296
"../../../Engine/Plugins/Interchange/Assets/Content/Functions/MX_MeasuredEDF.uasset" 297
"../../../Engine/Plugins/Interchange/Assets/Content/Functions/MX_MeasuredEDF.uexp" 298
"../../../Engine/Plugins/Interchange/Assets/Content/Functions/MX_GeneralizedSchlickBSDF.uasset" 299
"../../../Engine/Plugins/Interchange/Assets/Content/Functions/MX_GeneralizedSchlickBSDF.uexp" 300
"../../../Engine/Plugins/Interchange/Assets/Content/Functions/MX_Displacement.uasset" 301
"../../../Engine/Plugins/Interchange/Assets/Content/Functions/MX_Displacement.uexp" 302
"../../../Engine/Plugins/Interchange/Assets/Content/Functions/MX_DielectricBSDF.uasset" 303
"../../../Engine/Plugins/Interchange/Assets/Content/Functions/MX_DielectricBSDF.uexp" 304
"../../../Engine/Plugins/Interchange/Assets/Content/Functions/MX_ConicalEDF.uasset" 305
"../../../Engine/Plugins/Interchange/Assets/Content/Functions/MX_ConicalEDF.uexp" 306
"../../../Engine/Plugins/Interchange/Assets/Content/Functions/MX_ConductorBSDF.uasset" 307
"../../../Engine/Plugins/Interchange/Assets/Content/Functions/MX_ConductorBSDF.uexp" 308
"../../../Engine/Plugins/Interchange/Assets/Content/Functions/MX_BurleyDiffuseBSDF.uasset" 309
"../../../Engine/Plugins/Interchange/Assets/Content/Functions/MX_BurleyDiffuseBSDF.uexp" 310
"../../../Engine/Plugins/Interchange/Assets/Content/Functions/MX_AnisotropicVDF.uasset" 311
"../../../Engine/Plugins/Interchange/Assets/Content/Functions/MX_AnisotropicVDF.uexp" 312
"../../../Engine/Plugins/Interchange/Assets/Content/Functions/MX_AbsorptionVDF.uasset" 313
"../../../Engine/Plugins/Interchange/Assets/Content/Functions/MX_AbsorptionVDF.uexp" 314
"../../../Engine/Content/Functions/Engine_MaterialFunctions02/Utility/VectorLength.uasset" 315
"../../../Engine/Content/Functions/Engine_MaterialFunctions02/Utility/VectorLength.uexp" 316
"../../../Engine/Content/Functions/Engine_MaterialFunctions02/WorldPositionOffset/ObjectScale.uasset" 317
"../../../Engine/Content/Functions/Engine_MaterialFunctions02/WorldPositionOffset/ObjectScale.uexp" 318
"../../../Engine/Content/Functions/Engine_MaterialFunctions02/Utility/BreakOutFloat3Components.uasset" 319
"../../../Engine/Content/Functions/Engine_MaterialFunctions02/Utility/BreakOutFloat3Components.uexp" 320
"../../../Engine/Content/Functions/Engine_MaterialFunctions02/SafeNormalize.uasset" 321
"../../../Engine/Content/Functions/Engine_MaterialFunctions02/SafeNormalize.uexp" 322
"../../../Engine/Plugins/Editor/SpeedTreeImporter/Content/SpeedTree9/UnpackInteger3.uasset" 323
"../../../Engine/Plugins/Editor/SpeedTreeImporter/Content/SpeedTree9/UnpackInteger3.uexp" 324
"../../../Engine/Plugins/Editor/SpeedTreeImporter/Content/SpeedTree9/UnpackDirection.uasset" 325
"../../../Engine/Plugins/Editor/SpeedTreeImporter/Content/SpeedTree9/UnpackDirection.uexp" 326
"../../../Engine/Plugins/Editor/SpeedTreeImporter/Content/SpeedTree9/game_wind_noise.ubulk" 327
"../../../Engine/Plugins/Editor/SpeedTreeImporter/Content/SpeedTree9/game_wind_noise.uasset" 328
"../../../Engine/Plugins/Editor/SpeedTreeImporter/Content/SpeedTree9/game_wind_noise.uexp" 329
"../../../Engine/Plugins/Editor/SpeedTreeImporter/Content/SpeedTree9/SpeedTreeWindMotion.uasset" 330
"../../../Engine/Plugins/Editor/SpeedTreeImporter/Content/SpeedTree9/SpeedTreeWindMotion.uexp" 331
"../../../Engine/Plugins/Editor/SpeedTreeImporter/Content/SpeedTree9/SpeedTreeBranchMotion.uasset" 332
"../../../Engine/Plugins/Editor/SpeedTreeImporter/Content/SpeedTree9/SpeedTreeBranchMotion.uexp" 333
"../../../Engine/Content/Functions/Engine_MaterialFunctions02/ObjectLocalBounds.uasset" 334
"../../../Engine/Content/Functions/Engine_MaterialFunctions02/ObjectLocalBounds.uexp" 335
"../../../Engine/Content/Functions/Engine_MaterialFunctions02/UVs/BoundingBoxBased_0-1_UVW.uasset" 336
"../../../Engine/Content/Functions/Engine_MaterialFunctions02/UVs/BoundingBoxBased_0-1_UVW.uexp" 337
"../../../Engine/Plugins/Editor/SpeedTreeImporter/Content/SpeedTree9/SpeedTreeWind.uasset" 338
"../../../Engine/Plugins/Editor/SpeedTreeImporter/Content/SpeedTree9/SpeedTreeWind.uexp" 339
"../../../Engine/Plugins/Editor/SpeedTreeImporter/Content/SpeedTree9/SpeedTreeCameraFacing.uasset" 340
"../../../Engine/Plugins/Editor/SpeedTreeImporter/Content/SpeedTree9/SpeedTreeCameraFacing.uexp" 341
"../../../Engine/Plugins/Editor/SpeedTreeImporter/Content/SpeedTree9/EmptyNormal.uasset" 342
"../../../Engine/Plugins/Editor/SpeedTreeImporter/Content/SpeedTree9/EmptyNormal.uexp" 343
"../../../Engine/Plugins/Editor/SpeedTreeImporter/Content/SpeedTree9/Empty.uasset" 344
"../../../Engine/Plugins/Editor/SpeedTreeImporter/Content/SpeedTree9/Empty.uexp" 345
"../../../Engine/Plugins/Editor/SpeedTreeImporter/Content/SpeedTree9/SpeedTreeMaster.uasset" 346
"../../../Engine/Plugins/Editor/SpeedTreeImporter/Content/SpeedTree9/SpeedTreeMaster.uexp" 347
"../../../Engine/Plugins/Editor/SpeedTreeImporter/Content/SpeedTree9/SpeedTreeBillboard.uasset" 348
"../../../Engine/Plugins/Editor/SpeedTreeImporter/Content/SpeedTree9/SpeedTreeBillboard.uexp" 349
"../../../Engine/Plugins/Editor/SpeedTreeImporter/Content/SpeedTree9/SpeedTreeBillboardMaster.uasset" 350
"../../../Engine/Plugins/Editor/SpeedTreeImporter/Content/SpeedTree9/SpeedTreeBillboardMaster.uexp" 351
"../../../Engine/Plugins/Animation/ControlRig/Content/Controls/ControlRigXRayMaterial.uasset" 352
"../../../Engine/Plugins/Animation/ControlRig/Content/Controls/ControlRigXRayMaterial.uexp" 353
"../../../Engine/Plugins/Animation/ControlRig/Content/Controls/ControlRigGizmoMaterial.uasset" 354
"../../../Engine/Plugins/Animation/ControlRig/Content/Controls/ControlRigGizmoMaterial.uexp" 355
"../../../Engine/Content/EditorMaterials/Dataflow/DataflowVertexMaterial.uasset" 356
"../../../Engine/Content/EditorMaterials/Dataflow/DataflowVertexMaterial.uexp" 357
"../../../Engine/Content/EditorMaterials/Dataflow/DataflowTwoSidedVertexMaterial.uasset" 358
"../../../Engine/Content/EditorMaterials/Dataflow/DataflowTwoSidedVertexMaterial.uexp" 359
"../../../Engine/Content/EditorResources/SequenceRecorder/RecordingIndicator.uasset" 360
"../../../Engine/Content/EditorResources/SequenceRecorder/RecordingIndicator.uexp" 361
"../../../Engine/Content/EditorResources/SequenceRecorder/Countdown.uasset" 362
"../../../Engine/Content/EditorResources/SequenceRecorder/Countdown.uexp" 363
"../../../Engine/Content/EditorMaterials/ParticleSystems/PSysThumbnail_OOD.ubulk" 364
"../../../Engine/Content/EditorMaterials/ParticleSystems/PSysThumbnail_OOD.uasset" 365
"../../../Engine/Content/EditorMaterials/ParticleSystems/PSysThumbnail_OOD.uexp" 366
"../../../Engine/Content/EditorMaterials/ParticleSystems/PSysThumbnail_NoImage.ubulk" 367
"../../../Engine/Content/EditorMaterials/ParticleSystems/PSysThumbnail_NoImage.uasset" 368
"../../../Engine/Content/EditorMaterials/ParticleSystems/PSysThumbnail_NoImage.uexp" 369
"../../../Engine/Content/EngineResources/FilmGrains/Marcie_Grain_v3_128_M2_000.uasset" 370
"../../../Engine/Content/EngineResources/FilmGrains/Marcie_Grain_v3_128_M2_000.uexp" 371
"../../../Engine/Content/EngineResources/Development/ZenLogo_64.uasset" 372
"../../../Engine/Content/EngineResources/Development/ZenLogo_64.uexp" 373
"../../../Engine/Content/EngineMaterials/LTC/Sheen_LTC.uasset" 374
"../../../Engine/Content/EngineMaterials/LTC/Sheen_LTC.uexp" 375
"../../../Engine/Content/EngineMaterials/LTC/GGX_LTCMat.uasset" 376
"../../../Engine/Content/EngineMaterials/LTC/GGX_LTCMat.uexp" 377
"../../../Engine/Content/EngineMaterials/LTC/GGX_LTCAmp.uasset" 378
"../../../Engine/Content/EngineMaterials/LTC/GGX_LTCAmp.uexp" 379
"../../../Engine/Content/EngineMaterials/EnergyConservation/Sheen_Energy.uasset" 380
"../../../Engine/Content/EngineMaterials/EnergyConservation/Sheen_Energy.uexp" 381
"../../../Engine/Content/EngineMaterials/EnergyConservation/SheenLegacy_Energy.uasset" 382
"../../../Engine/Content/EngineMaterials/EnergyConservation/SheenLegacy_Energy.uexp" 383
"../../../Engine/Content/EngineMaterials/EnergyConservation/GGX_TransmissionEnergyArray.uasset" 384
"../../../Engine/Content/EngineMaterials/EnergyConservation/GGX_TransmissionEnergyArray.uexp" 385
"../../../Engine/Content/EngineMaterials/EnergyConservation/GGX_ReflectionEnergy.uasset" 386
"../../../Engine/Content/EngineMaterials/EnergyConservation/GGX_ReflectionEnergy.uexp" 387
"../../../Engine/Content/EngineMaterials/EnergyConservation/Diffuse_Energy.uasset" 388
"../../../Engine/Content/EngineMaterials/EnergyConservation/Diffuse_Energy.uexp" 389
"C:/Users/tazmi/Documents/Unreal Projects/Tandalfs-Tumultuous-Time-Trials/TandalfsTumultuousTT 5.6/Content/UI/Pause_Menu.uasset" 390
"C:/Users/tazmi/Documents/Unreal Projects/Tandalfs-Tumultuous-Time-Trials/TandalfsTumultuousTT 5.6/Content/UI/Pause_Menu.uexp" 391
"C:/Users/tazmi/Documents/Unreal Projects/Tandalfs-Tumultuous-Time-Trials/TandalfsTumultuousTT 5.6/Content/UI/WB_PauseMenu.uasset" 392
"C:/Users/tazmi/Documents/Unreal Projects/Tandalfs-Tumultuous-Time-Trials/TandalfsTumultuousTT 5.6/Content/UI/WB_PauseMenu.uexp" 393
"C:/Users/tazmi/Documents/Unreal Projects/Tandalfs-Tumultuous-Time-Trials/TandalfsTumultuousTT 5.6/Content/UI/WB_Crosshair.uasset" 394
"C:/Users/tazmi/Documents/Unreal Projects/Tandalfs-Tumultuous-Time-Trials/TandalfsTumultuousTT 5.6/Content/UI/WB_Crosshair.uexp" 395
"../../../Engine/Plugins/FX/Niagara/Content/DefaultAssets/DefaultRIbbonMaterial.uasset" 396
"../../../Engine/Plugins/FX/Niagara/Content/DefaultAssets/DefaultRIbbonMaterial.uexp" 397
"C:/Users/tazmi/Documents/Unreal Projects/Tandalfs-Tumultuous-Time-Trials/TandalfsTumultuousTT 5.6/Content/Prefabs/TimeBeam.uasset" 398
"C:/Users/tazmi/Documents/Unreal Projects/Tandalfs-Tumultuous-Time-Trials/TandalfsTumultuousTT 5.6/Content/Prefabs/TimeBeam.uexp" 399
"../../../Engine/Content/EngineMaterials/T_Default_Material_Grid_M.ubulk" 400
"../../../Engine/Content/EngineMaterials/T_Default_Material_Grid_M.uasset" 401
"../../../Engine/Content/EngineMaterials/T_Default_Material_Grid_M.uexp" 402
"../../../Engine/Content/Functions/Engine_MaterialFunctions01/Opacity/CameraDepthFade.uasset" 403
"../../../Engine/Content/Functions/Engine_MaterialFunctions01/Opacity/CameraDepthFade.uexp" 404
"../../../Engine/Content/EngineMaterials/T_Default_Material_Grid_N.ubulk" 405
"../../../Engine/Content/EngineMaterials/T_Default_Material_Grid_N.uasset" 406
"../../../Engine/Content/EngineMaterials/T_Default_Material_Grid_N.uexp" 407
"../../../Engine/Content/EngineMaterials/DefaultMaterial.uasset" 408
"../../../Engine/Content/EngineMaterials/DefaultMaterial.uexp" 409
"../../../Engine/Content/BasicShapes/Sphere.ubulk" 410
"../../../Engine/Content/BasicShapes/Sphere.uasset" 411
"../../../Engine/Content/BasicShapes/Sphere.uexp" 412
"C:/Users/tazmi/Documents/Unreal Projects/Tandalfs-Tumultuous-Time-Trials/TandalfsTumultuousTT 5.6/Content/UI/YouLose.uasset" 413
"C:/Users/tazmi/Documents/Unreal Projects/Tandalfs-Tumultuous-Time-Trials/TandalfsTumultuousTT 5.6/Content/UI/YouLose.uexp" 414
"C:/Users/tazmi/Documents/Unreal Projects/Tandalfs-Tumultuous-Time-Trials/TandalfsTumultuousTT 5.6/Content/UI/Screenshot_2026-04-21_195618.uasset" 415
"C:/Users/tazmi/Documents/Unreal Projects/Tandalfs-Tumultuous-Time-Trials/TandalfsTumultuousTT 5.6/Content/UI/Screenshot_2026-04-21_195618.uexp" 416
"C:/Users/tazmi/Documents/Unreal Projects/Tandalfs-Tumultuous-Time-Trials/TandalfsTumultuousTT 5.6/Content/UI/Main_Menu.uasset" 417
"C:/Users/tazmi/Documents/Unreal Projects/Tandalfs-Tumultuous-Time-Trials/TandalfsTumultuousTT 5.6/Content/UI/Main_Menu.uexp" 418
"C:/Users/tazmi/Documents/Unreal Projects/Tandalfs-Tumultuous-Time-Trials/TandalfsTumultuousTT 5.6/Content/UI/WB_Settings.uasset" 419
"C:/Users/tazmi/Documents/Unreal Projects/Tandalfs-Tumultuous-Time-Trials/TandalfsTumultuousTT 5.6/Content/UI/WB_Settings.uexp" 420
"C:/Users/tazmi/Documents/Unreal Projects/Tandalfs-Tumultuous-Time-Trials/TandalfsTumultuousTT 5.6/Content/UI/Title.uasset" 421
"C:/Users/tazmi/Documents/Unreal Projects/Tandalfs-Tumultuous-Time-Trials/TandalfsTumultuousTT 5.6/Content/UI/Title.uexp" 422
"C:/Users/tazmi/Documents/Unreal Projects/Tandalfs-Tumultuous-Time-Trials/TandalfsTumultuousTT 5.6/Content/UI/Rewind_Button.uasset" 423
"C:/Users/tazmi/Documents/Unreal Projects/Tandalfs-Tumultuous-Time-Trials/TandalfsTumultuousTT 5.6/Content/UI/Rewind_Button.uexp" 424
"C:/Users/tazmi/Documents/Unreal Projects/Tandalfs-Tumultuous-Time-Trials/TandalfsTumultuousTT 5.6/Content/UI/Quit.uasset" 425
"C:/Users/tazmi/Documents/Unreal Projects/Tandalfs-Tumultuous-Time-Trials/TandalfsTumultuousTT 5.6/Content/UI/Quit.uexp" 426
"C:/Users/tazmi/Documents/Unreal Projects/Tandalfs-Tumultuous-Time-Trials/TandalfsTumultuousTT 5.6/Content/UI/Controls.uasset" 427
"C:/Users/tazmi/Documents/Unreal Projects/Tandalfs-Tumultuous-Time-Trials/TandalfsTumultuousTT 5.6/Content/UI/Controls.uexp" 428
"C:/Users/tazmi/Documents/Unreal Projects/Tandalfs-Tumultuous-Time-Trials/TandalfsTumultuousTT 5.6/Content/UI/WB_Mainmenu.uasset" 429
"C:/Users/tazmi/Documents/Unreal Projects/Tandalfs-Tumultuous-Time-Trials/TandalfsTumultuousTT 5.6/Content/UI/WB_Mainmenu.uexp" 430
"C:/Users/tazmi/Documents/Unreal Projects/Tandalfs-Tumultuous-Time-Trials/TandalfsTumultuousTT 5.6/Content/UI/WB_Gameover.uasset" 431
"C:/Users/tazmi/Documents/Unreal Projects/Tandalfs-Tumultuous-Time-Trials/TandalfsTumultuousTT 5.6/Content/UI/WB_Gameover.uexp" 432
"C:/Users/tazmi/Documents/Unreal Projects/Tandalfs-Tumultuous-Time-Trials/TandalfsTumultuousTT 5.6/Content/Characters/Mannequins/Meshes/SK_Mannequin.uasset" 433
"C:/Users/tazmi/Documents/Unreal Projects/Tandalfs-Tumultuous-Time-Trials/TandalfsTumultuousTT 5.6/Content/Characters/Mannequins/Meshes/SK_Mannequin.uexp" 434
"C:/Users/tazmi/Documents/Unreal Projects/Tandalfs-Tumultuous-Time-Trials/TandalfsTumultuousTT 5.6/Content/Characters/Mannequins/Rigs/PA_Mannequin.uasset" 435
"C:/Users/tazmi/Documents/Unreal Projects/Tandalfs-Tumultuous-Time-Trials/TandalfsTumultuousTT 5.6/Content/Characters/Mannequins/Rigs/PA_Mannequin.uexp" 436
"C:/Users/tazmi/Documents/Unreal Projects/Tandalfs-Tumultuous-Time-Trials/TandalfsTumultuousTT 5.6/Content/Characters/Mannequins/Textures/Shared/T_UE_Logo_M.uasset" 437
"C:/Users/tazmi/Documents/Unreal Projects/Tandalfs-Tumultuous-Time-Trials/TandalfsTumultuousTT 5.6/Content/Characters/Mannequins/Textures/Shared/T_UE_Logo_M.uexp" 438
"C:/Users/tazmi/Documents/Unreal Projects/Tandalfs-Tumultuous-Time-Trials/TandalfsTumultuousTT 5.6/Content/Characters/Mannequins/Textures/Manny/T_Manny_01_MRA.ubulk" 439
"C:/Users/tazmi/Documents/Unreal Projects/Tandalfs-Tumultuous-Time-Trials/TandalfsTumultuousTT 5.6/Content/Characters/Mannequins/Textures/Manny/T_Manny_01_MRA.uasset" 440
"C:/Users/tazmi/Documents/Unreal Projects/Tandalfs-Tumultuous-Time-Trials/TandalfsTumultuousTT 5.6/Content/Characters/Mannequins/Textures/Manny/T_Manny_01_MRA.uexp" 441
"C:/Users/tazmi/Documents/Unreal Projects/Tandalfs-Tumultuous-Time-Trials/TandalfsTumultuousTT 5.6/Content/Characters/Mannequins/Textures/Manny/T_Manny_01_D.ubulk" 442
"C:/Users/tazmi/Documents/Unreal Projects/Tandalfs-Tumultuous-Time-Trials/TandalfsTumultuousTT 5.6/Content/Characters/Mannequins/Textures/Manny/T_Manny_01_D.uasset" 443
"C:/Users/tazmi/Documents/Unreal Projects/Tandalfs-Tumultuous-Time-Trials/TandalfsTumultuousTT 5.6/Content/Characters/Mannequins/Textures/Manny/T_Manny_01_D.uexp" 444
"C:/Users/tazmi/Documents/Unreal Projects/Tandalfs-Tumultuous-Time-Trials/TandalfsTumultuousTT 5.6/Content/Characters/Mannequins/Textures/Manny/T_Manny_01_BN.ubulk" 445
"C:/Users/tazmi/Documents/Unreal Projects/Tandalfs-Tumultuous-Time-Trials/TandalfsTumultuousTT 5.6/Content/Characters/Mannequins/Textures/Manny/T_Manny_01_BN.uasset" 446
"C:/Users/tazmi/Documents/Unreal Projects/Tandalfs-Tumultuous-Time-Trials/TandalfsTumultuousTT 5.6/Content/Characters/Mannequins/Textures/Manny/T_Manny_01_BN.uexp" 447
"C:/Users/tazmi/Documents/Unreal Projects/Tandalfs-Tumultuous-Time-Trials/TandalfsTumultuousTT 5.6/Content/Characters/Mannequins/Materials/M_Mannequin.uasset" 448
"C:/Users/tazmi/Documents/Unreal Projects/Tandalfs-Tumultuous-Time-Trials/TandalfsTumultuousTT 5.6/Content/Characters/Mannequins/Materials/M_Mannequin.uexp" 449
"C:/Users/tazmi/Documents/Unreal Projects/Tandalfs-Tumultuous-Time-Trials/TandalfsTumultuousTT 5.6/Content/Characters/Mannequins/Materials/Manny/MI_Manny_01_New.uasset" 450
"C:/Users/tazmi/Documents/Unreal Projects/Tandalfs-Tumultuous-Time-Trials/TandalfsTumultuousTT 5.6/Content/Characters/Mannequins/Materials/Manny/MI_Manny_01_New.uexp" 451
"C:/Users/tazmi/Documents/Unreal Projects/Tandalfs-Tumultuous-Time-Trials/TandalfsTumultuousTT 5.6/Content/Characters/Mannequins/Textures/Manny/T_Manny_02_MRA.ubulk" 452
"C:/Users/tazmi/Documents/Unreal Projects/Tandalfs-Tumultuous-Time-Trials/TandalfsTumultuousTT 5.6/Content/Characters/Mannequins/Textures/Manny/T_Manny_02_MRA.uasset" 453
"C:/Users/tazmi/Documents/Unreal Projects/Tandalfs-Tumultuous-Time-Trials/TandalfsTumultuousTT 5.6/Content/Characters/Mannequins/Textures/Manny/T_Manny_02_MRA.uexp" 454
"C:/Users/tazmi/Documents/Unreal Projects/Tandalfs-Tumultuous-Time-Trials/TandalfsTumultuousTT 5.6/Content/Characters/Mannequins/Textures/Manny/T_Manny_02_D.ubulk" 455
"C:/Users/tazmi/Documents/Unreal Projects/Tandalfs-Tumultuous-Time-Trials/TandalfsTumultuousTT 5.6/Content/Characters/Mannequins/Textures/Manny/T_Manny_02_D.uasset" 456
"C:/Users/tazmi/Documents/Unreal Projects/Tandalfs-Tumultuous-Time-Trials/TandalfsTumultuousTT 5.6/Content/Characters/Mannequins/Textures/Manny/T_Manny_02_D.uexp" 457
"C:/Users/tazmi/Documents/Unreal Projects/Tandalfs-Tumultuous-Time-Trials/TandalfsTumultuousTT 5.6/Content/Characters/Mannequins/Textures/Manny/T_Manny_02_BN.ubulk" 458
"C:/Users/tazmi/Documents/Unreal Projects/Tandalfs-Tumultuous-Time-Trials/TandalfsTumultuousTT 5.6/Content/Characters/Mannequins/Textures/Manny/T_Manny_02_BN.uasset" 459
"C:/Users/tazmi/Documents/Unreal Projects/Tandalfs-Tumultuous-Time-Trials/TandalfsTumultuousTT 5.6/Content/Characters/Mannequins/Textures/Manny/T_Manny_02_BN.uexp" 460
"C:/Users/tazmi/Documents/Unreal Projects/Tandalfs-Tumultuous-Time-Trials/TandalfsTumultuousTT 5.6/Content/Characters/Mannequins/Materials/Manny/MI_Manny_02_New.uasset" 461
"C:/Users/tazmi/Documents/Unreal Projects/Tandalfs-Tumultuous-Time-Trials/TandalfsTumultuousTT 5.6/Content/Characters/Mannequins/Materials/Manny/MI_Manny_02_New.uexp" 462
"C:/Users/tazmi/Documents/Unreal Projects/Tandalfs-Tumultuous-Time-Trials/TandalfsTumultuousTT 5.6/Content/Characters/Mannequins/Meshes/SKM_Manny_Simple.uasset" 463
"C:/Users/tazmi/Documents/Unreal Projects/Tandalfs-Tumultuous-Time-Trials/TandalfsTumultuousTT 5.6/Content/Characters/Mannequins/Meshes/SKM_Manny_Simple.uexp" 464
"../../../Engine/Content/Animation/DefaultVariableFrameStrippingSettings.uasset" 465
"../../../Engine/Content/Animation/DefaultVariableFrameStrippingSettings.uexp" 466
"../../../Engine/Content/Animation/DefaultAnimCurveCompressionSettings.uasset" 467
"../../../Engine/Content/Animation/DefaultAnimCurveCompressionSettings.uexp" 468
"../../../Engine/Content/Animation/DefaultAnimBoneCompressionSettings.uasset" 469
"../../../Engine/Content/Animation/DefaultAnimBoneCompressionSettings.uexp" 470
"C:/Users/tazmi/Documents/Unreal Projects/Tandalfs-Tumultuous-Time-Trials/TandalfsTumultuousTT 5.6/Content/Characters/Mannequins/Anims/Unarmed/MM_Idle.uasset" 471
"C:/Users/tazmi/Documents/Unreal Projects/Tandalfs-Tumultuous-Time-Trials/TandalfsTumultuousTT 5.6/Content/Characters/Mannequins/Anims/Unarmed/MM_Idle.uexp" 472
"../../../Engine/Plugins/Animation/ACLPlugin/Content/ACLAnimCurveCompressionSettings.uasset" 473
"../../../Engine/Plugins/Animation/ACLPlugin/Content/ACLAnimCurveCompressionSettings.uexp" 474
"C:/Users/tazmi/Documents/Unreal Projects/Tandalfs-Tumultuous-Time-Trials/TandalfsTumultuousTT 5.6/Content/Characters/Mannequins/Anims/Unarmed/Walk/MF_Unarmed_Walk_Right.uasset" 475
"C:/Users/tazmi/Documents/Unreal Projects/Tandalfs-Tumultuous-Time-Trials/TandalfsTumultuousTT 5.6/Content/Characters/Mannequins/Anims/Unarmed/Walk/MF_Unarmed_Walk_Right.uexp" 476
"C:/Users/tazmi/Documents/Unreal Projects/Tandalfs-Tumultuous-Time-Trials/TandalfsTumultuousTT 5.6/Content/Characters/Mannequins/Anims/Unarmed/Walk/MF_Unarmed_Walk_Left.uasset" 477
"C:/Users/tazmi/Documents/Unreal Projects/Tandalfs-Tumultuous-Time-Trials/TandalfsTumultuousTT 5.6/Content/Characters/Mannequins/Anims/Unarmed/Walk/MF_Unarmed_Walk_Left.uexp" 478
"../../../Engine/Content/Animation/DefaultRecorderBoneCompression.uasset" 479
"../../../Engine/Content/Animation/DefaultRecorderBoneCompression.uexp" 480
"C:/Users/tazmi/Documents/Unreal Projects/Tandalfs-Tumultuous-Time-Trials/TandalfsTumultuousTT 5.6/Content/Characters/Mannequins/Anims/Unarmed/Walk/MF_Unarmed_Walk_Fwd_Right.uasset" 481
"C:/Users/tazmi/Documents/Unreal Projects/Tandalfs-Tumultuous-Time-Trials/TandalfsTumultuousTT 5.6/Content/Characters/Mannequins/Anims/Unarmed/Walk/MF_Unarmed_Walk_Fwd_Right.uexp" 482
"C:/Users/tazmi/Documents/Unreal Projects/Tandalfs-Tumultuous-Time-Trials/TandalfsTumultuousTT 5.6/Content/Characters/Mannequins/Anims/Unarmed/Walk/MF_Unarmed_Walk_Fwd_Left.uasset" 483
"C:/Users/tazmi/Documents/Unreal Projects/Tandalfs-Tumultuous-Time-Trials/TandalfsTumultuousTT 5.6/Content/Characters/Mannequins/Anims/Unarmed/Walk/MF_Unarmed_Walk_Fwd_Left.uexp" 484
"C:/Users/tazmi/Documents/Unreal Projects/Tandalfs-Tumultuous-Time-Trials/TandalfsTumultuousTT 5.6/Content/Characters/Mannequins/Anims/Unarmed/Walk/MF_Unarmed_Walk_Fwd.uasset" 485
"C:/Users/tazmi/Documents/Unreal Projects/Tandalfs-Tumultuous-Time-Trials/TandalfsTumultuousTT 5.6/Content/Characters/Mannequins/Anims/Unarmed/Walk/MF_Unarmed_Walk_Fwd.uexp" 486
"C:/Users/tazmi/Documents/Unreal Projects/Tandalfs-Tumultuous-Time-Trials/TandalfsTumultuousTT 5.6/Content/Characters/Mannequins/Anims/Unarmed/Walk/MF_Unarmed_Walk_Bwd_Right.uasset" 487
"C:/Users/tazmi/Documents/Unreal Projects/Tandalfs-Tumultuous-Time-Trials/TandalfsTumultuousTT 5.6/Content/Characters/Mannequins/Anims/Unarmed/Walk/MF_Unarmed_Walk_Bwd_Right.uexp" 488
"C:/Users/tazmi/Documents/Unreal Projects/Tandalfs-Tumultuous-Time-Trials/TandalfsTumultuousTT 5.6/Content/Characters/Mannequins/Anims/Unarmed/Walk/MF_Unarmed_Walk_Bwd_Left.uasset" 489
"C:/Users/tazmi/Documents/Unreal Projects/Tandalfs-Tumultuous-Time-Trials/TandalfsTumultuousTT 5.6/Content/Characters/Mannequins/Anims/Unarmed/Walk/MF_Unarmed_Walk_Bwd_Left.uexp" 490
"C:/Users/tazmi/Documents/Unreal Projects/Tandalfs-Tumultuous-Time-Trials/TandalfsTumultuousTT 5.6/Content/Characters/Mannequins/Anims/Unarmed/Walk/MF_Unarmed_Walk_Bwd.uasset" 491
"C:/Users/tazmi/Documents/Unreal Projects/Tandalfs-Tumultuous-Time-Trials/TandalfsTumultuousTT 5.6/Content/Characters/Mannequins/Anims/Unarmed/Walk/MF_Unarmed_Walk_Bwd.uexp" 492
"C:/Users/tazmi/Documents/Unreal Projects/Tandalfs-Tumultuous-Time-Trials/TandalfsTumultuousTT 5.6/Content/Characters/Mannequins/Anims/Unarmed/Jog/MF_Unarmed_Jog_Bwd.uasset" 493
"C:/Users/tazmi/Documents/Unreal Projects/Tandalfs-Tumultuous-Time-Trials/TandalfsTumultuousTT 5.6/Content/Characters/Mannequins/Anims/Unarmed/Jog/MF_Unarmed_Jog_Bwd.uexp" 494
"C:/Users/tazmi/Documents/Unreal Projects/Tandalfs-Tumultuous-Time-Trials/TandalfsTumultuousTT 5.6/Content/Characters/Mannequins/Anims/Unarmed/Jog/MF_Unarmed_Jog_Bwd_Left.uasset" 495
"C:/Users/tazmi/Documents/Unreal Projects/Tandalfs-Tumultuous-Time-Trials/TandalfsTumultuousTT 5.6/Content/Characters/Mannequins/Anims/Unarmed/Jog/MF_Unarmed_Jog_Bwd_Left.uexp" 496
"C:/Users/tazmi/Documents/Unreal Projects/Tandalfs-Tumultuous-Time-Trials/TandalfsTumultuousTT 5.6/Content/Characters/Mannequins/Anims/Unarmed/Jog/MF_Unarmed_Jog_Bwd_Right.uasset" 497
"C:/Users/tazmi/Documents/Unreal Projects/Tandalfs-Tumultuous-Time-Trials/TandalfsTumultuousTT 5.6/Content/Characters/Mannequins/Anims/Unarmed/Jog/MF_Unarmed_Jog_Bwd_Right.uexp" 498
"C:/Users/tazmi/Documents/Unreal Projects/Tandalfs-Tumultuous-Time-Trials/TandalfsTumultuousTT 5.6/Content/Audio/footstep.ubulk" 499
"C:/Users/tazmi/Documents/Unreal Projects/Tandalfs-Tumultuous-Time-Trials/TandalfsTumultuousTT 5.6/Content/Audio/footstep.uasset" 500
"C:/Users/tazmi/Documents/Unreal Projects/Tandalfs-Tumultuous-Time-Trials/TandalfsTumultuousTT 5.6/Content/Audio/footstep.uexp" 501
"C:/Users/tazmi/Documents/Unreal Projects/Tandalfs-Tumultuous-Time-Trials/TandalfsTumultuousTT 5.6/Content/Audio/footstep_Cue.uasset" 502
"C:/Users/tazmi/Documents/Unreal Projects/Tandalfs-Tumultuous-Time-Trials/TandalfsTumultuousTT 5.6/Content/Audio/footstep_Cue.uexp" 503
"C:/Users/tazmi/Documents/Unreal Projects/Tandalfs-Tumultuous-Time-Trials/TandalfsTumultuousTT 5.6/Content/Characters/Mannequins/Anims/Unarmed/Jog/MF_Unarmed_Jog_Fwd.uasset" 504
"C:/Users/tazmi/Documents/Unreal Projects/Tandalfs-Tumultuous-Time-Trials/TandalfsTumultuousTT 5.6/Content/Characters/Mannequins/Anims/Unarmed/Jog/MF_Unarmed_Jog_Fwd.uexp" 505
"C:/Users/tazmi/Documents/Unreal Projects/Tandalfs-Tumultuous-Time-Trials/TandalfsTumultuousTT 5.6/Content/Characters/Mannequins/Anims/Unarmed/Jog/MF_Unarmed_Jog_Fwd_Left.uasset" 506
"C:/Users/tazmi/Documents/Unreal Projects/Tandalfs-Tumultuous-Time-Trials/TandalfsTumultuousTT 5.6/Content/Characters/Mannequins/Anims/Unarmed/Jog/MF_Unarmed_Jog_Fwd_Left.uexp" 507
"C:/Users/tazmi/Documents/Unreal Projects/Tandalfs-Tumultuous-Time-Trials/TandalfsTumultuousTT 5.6/Content/Characters/Mannequins/Anims/Unarmed/Jog/MF_Unarmed_Jog_Fwd_Right.uasset" 508
"C:/Users/tazmi/Documents/Unreal Projects/Tandalfs-Tumultuous-Time-Trials/TandalfsTumultuousTT 5.6/Content/Characters/Mannequins/Anims/Unarmed/Jog/MF_Unarmed_Jog_Fwd_Right.uexp" 509
"C:/Users/tazmi/Documents/Unreal Projects/Tandalfs-Tumultuous-Time-Trials/TandalfsTumultuousTT 5.6/Content/Characters/Mannequins/Anims/Unarmed/Jog/MF_Unarmed_Jog_Left.uasset" 510
"C:/Users/tazmi/Documents/Unreal Projects/Tandalfs-Tumultuous-Time-Trials/TandalfsTumultuousTT 5.6/Content/Characters/Mannequins/Anims/Unarmed/Jog/MF_Unarmed_Jog_Left.uexp" 511
"C:/Users/tazmi/Documents/Unreal Projects/Tandalfs-Tumultuous-Time-Trials/TandalfsTumultuousTT 5.6/Content/Characters/Mannequins/Anims/Unarmed/Jog/MF_Unarmed_Jog_Right.uasset" 512
"C:/Users/tazmi/Documents/Unreal Projects/Tandalfs-Tumultuous-Time-Trials/TandalfsTumultuousTT 5.6/Content/Characters/Mannequins/Anims/Unarmed/Jog/MF_Unarmed_Jog_Right.uexp" 513
"C:/Users/tazmi/Documents/Unreal Projects/Tandalfs-Tumultuous-Time-Trials/TandalfsTumultuousTT 5.6/Content/Characters/Mannequins/Anims/Unarmed/BS_Idle_Walk_Run.uasset" 514
"C:/Users/tazmi/Documents/Unreal Projects/Tandalfs-Tumultuous-Time-Trials/TandalfsTumultuousTT 5.6/Content/Characters/Mannequins/Anims/Unarmed/BS_Idle_Walk_Run.uexp" 515
"C:/Users/tazmi/Documents/Unreal Projects/Tandalfs-Tumultuous-Time-Trials/TandalfsTumultuousTT 5.6/Content/Prefabs/ABP_Guard.uasset" 516
"C:/Users/tazmi/Documents/Unreal Projects/Tandalfs-Tumultuous-Time-Trials/TandalfsTumultuousTT 5.6/Content/Prefabs/ABP_Guard.uexp" 517
"C:/Users/tazmi/Documents/Unreal Projects/Tandalfs-Tumultuous-Time-Trials/TandalfsTumultuousTT 5.6/Content/Prefabs/guard.uasset" 518
"C:/Users/tazmi/Documents/Unreal Projects/Tandalfs-Tumultuous-Time-Trials/TandalfsTumultuousTT 5.6/Content/Prefabs/guard.uexp" 519
"../../../Engine/Plugins/FX/Niagara/Content/DefaultAssets/DefaultSpriteMaterial.uasset" 520
"../../../Engine/Plugins/FX/Niagara/Content/DefaultAssets/DefaultSpriteMaterial.uexp" 521
"../../../Engine/Plugins/FX/Niagara/Content/VectorFields/Assets/TilingCurl32.uasset" 522
"../../../Engine/Plugins/FX/Niagara/Content/VectorFields/Assets/TilingCurl32.uexp" 523
"C:/Users/tazmi/Documents/Unreal Projects/Tandalfs-Tumultuous-Time-Trials/TandalfsTumultuousTT 5.6/Content/StarterContent/Textures/T_Smoke_Tiled_D.ubulk" 524
"C:/Users/tazmi/Documents/Unreal Projects/Tandalfs-Tumultuous-Time-Trials/TandalfsTumultuousTT 5.6/Content/StarterContent/Textures/T_Smoke_Tiled_D.uasset" 525
"C:/Users/tazmi/Documents/Unreal Projects/Tandalfs-Tumultuous-Time-Trials/TandalfsTumultuousTT 5.6/Content/StarterContent/Textures/T_Smoke_Tiled_D.uexp" 526
"C:/Users/tazmi/Documents/Unreal Projects/Tandalfs-Tumultuous-Time-Trials/TandalfsTumultuousTT 5.6/Content/StarterContent/Textures/T_Smoke_SubUV.ubulk" 527
"C:/Users/tazmi/Documents/Unreal Projects/Tandalfs-Tumultuous-Time-Trials/TandalfsTumultuousTT 5.6/Content/StarterContent/Textures/T_Smoke_SubUV.uasset" 528
"C:/Users/tazmi/Documents/Unreal Projects/Tandalfs-Tumultuous-Time-Trials/TandalfsTumultuousTT 5.6/Content/StarterContent/Textures/T_Smoke_SubUV.uexp" 529
"C:/Users/tazmi/Documents/Unreal Projects/Tandalfs-Tumultuous-Time-Trials/TandalfsTumultuousTT 5.6/Content/StarterContent/Particles/Materials/M_smoke_subUV.uasset" 530
"C:/Users/tazmi/Documents/Unreal Projects/Tandalfs-Tumultuous-Time-Trials/TandalfsTumultuousTT 5.6/Content/StarterContent/Particles/Materials/M_smoke_subUV.uexp" 531
"C:/Users/tazmi/Documents/Unreal Projects/Tandalfs-Tumultuous-Time-Trials/TandalfsTumultuousTT 5.6/Content/StarterContent/Textures/T_Fire_Tiled_D.ubulk" 532
"C:/Users/tazmi/Documents/Unreal Projects/Tandalfs-Tumultuous-Time-Trials/TandalfsTumultuousTT 5.6/Content/StarterContent/Textures/T_Fire_Tiled_D.uasset" 533
"C:/Users/tazmi/Documents/Unreal Projects/Tandalfs-Tumultuous-Time-Trials/TandalfsTumultuousTT 5.6/Content/StarterContent/Textures/T_Fire_Tiled_D.uexp" 534
"C:/Users/tazmi/Documents/Unreal Projects/Tandalfs-Tumultuous-Time-Trials/TandalfsTumultuousTT 5.6/Content/StarterContent/Textures/T_Fire_SubUV.ubulk" 535
"C:/Users/tazmi/Documents/Unreal Projects/Tandalfs-Tumultuous-Time-Trials/TandalfsTumultuousTT 5.6/Content/StarterContent/Textures/T_Fire_SubUV.uasset" 536
"C:/Users/tazmi/Documents/Unreal Projects/Tandalfs-Tumultuous-Time-Trials/TandalfsTumultuousTT 5.6/Content/StarterContent/Textures/T_Fire_SubUV.uexp" 537
"C:/Users/tazmi/Documents/Unreal Projects/Tandalfs-Tumultuous-Time-Trials/TandalfsTumultuousTT 5.6/Content/StarterContent/Particles/Materials/M_Fire_SubUV.uasset" 538
"C:/Users/tazmi/Documents/Unreal Projects/Tandalfs-Tumultuous-Time-Trials/TandalfsTumultuousTT 5.6/Content/StarterContent/Particles/Materials/M_Fire_SubUV.uexp" 539
"C:/Users/tazmi/Documents/Unreal Projects/Tandalfs-Tumultuous-Time-Trials/TandalfsTumultuousTT 5.6/Content/ParticleSystems/Fire.uasset" 540
"C:/Users/tazmi/Documents/Unreal Projects/Tandalfs-Tumultuous-Time-Trials/TandalfsTumultuousTT 5.6/Content/ParticleSystems/Fire.uexp" 541
"C:/Users/tazmi/Documents/Unreal Projects/Tandalfs-Tumultuous-Time-Trials/TandalfsTumultuousTT 5.6/Content/StarterContent/Particles/Materials/m_flare_01.uasset" 542
"C:/Users/tazmi/Documents/Unreal Projects/Tandalfs-Tumultuous-Time-Trials/TandalfsTumultuousTT 5.6/Content/StarterContent/Particles/Materials/m_flare_01.uexp" 543
"C:/Users/tazmi/Documents/Unreal Projects/Tandalfs-Tumultuous-Time-Trials/TandalfsTumultuousTT 5.6/Content/Audio/betterFire.ubulk" 544
"C:/Users/tazmi/Documents/Unreal Projects/Tandalfs-Tumultuous-Time-Trials/TandalfsTumultuousTT 5.6/Content/Audio/betterFire.uasset" 545
"C:/Users/tazmi/Documents/Unreal Projects/Tandalfs-Tumultuous-Time-Trials/TandalfsTumultuousTT 5.6/Content/Audio/betterFire.uexp" 546
"C:/Users/tazmi/Documents/Unreal Projects/Tandalfs-Tumultuous-Time-Trials/TandalfsTumultuousTT 5.6/Content/Audio/Fireball.ubulk" 547
"C:/Users/tazmi/Documents/Unreal Projects/Tandalfs-Tumultuous-Time-Trials/TandalfsTumultuousTT 5.6/Content/Audio/Fireball.uasset" 548
"C:/Users/tazmi/Documents/Unreal Projects/Tandalfs-Tumultuous-Time-Trials/TandalfsTumultuousTT 5.6/Content/Audio/Fireball.uexp" 549
"C:/Users/tazmi/Documents/Unreal Projects/Tandalfs-Tumultuous-Time-Trials/TandalfsTumultuousTT 5.6/Content/Prefabs/Fireball.uasset" 550
"C:/Users/tazmi/Documents/Unreal Projects/Tandalfs-Tumultuous-Time-Trials/TandalfsTumultuousTT 5.6/Content/Prefabs/Fireball.uexp" 551
"C:/Users/tazmi/Documents/Unreal Projects/Tandalfs-Tumultuous-Time-Trials/TandalfsTumultuousTT 5.6/Content/Models/pylon.ubulk" 552
"C:/Users/tazmi/Documents/Unreal Projects/Tandalfs-Tumultuous-Time-Trials/TandalfsTumultuousTT 5.6/Content/Models/pylon.uasset" 553
"C:/Users/tazmi/Documents/Unreal Projects/Tandalfs-Tumultuous-Time-Trials/TandalfsTumultuousTT 5.6/Content/Models/pylon.uexp" 554
"C:/Users/tazmi/Documents/Unreal Projects/Tandalfs-Tumultuous-Time-Trials/TandalfsTumultuousTT 5.6/Content/Textures/T_Pylon/t_orm_pylon_stone.ubulk" 555
"C:/Users/tazmi/Documents/Unreal Projects/Tandalfs-Tumultuous-Time-Trials/TandalfsTumultuousTT 5.6/Content/Textures/T_Pylon/t_orm_pylon_stone.uasset" 556
"C:/Users/tazmi/Documents/Unreal Projects/Tandalfs-Tumultuous-Time-Trials/TandalfsTumultuousTT 5.6/Content/Textures/T_Pylon/t_orm_pylon_stone.uexp" 557
"C:/Users/tazmi/Documents/Unreal Projects/Tandalfs-Tumultuous-Time-Trials/TandalfsTumultuousTT 5.6/Content/Textures/T_Pylon/t_norm_pylon_stone.ubulk" 558
"C:/Users/tazmi/Documents/Unreal Projects/Tandalfs-Tumultuous-Time-Trials/TandalfsTumultuousTT 5.6/Content/Textures/T_Pylon/t_norm_pylon_stone.uasset" 559
"C:/Users/tazmi/Documents/Unreal Projects/Tandalfs-Tumultuous-Time-Trials/TandalfsTumultuousTT 5.6/Content/Textures/T_Pylon/t_norm_pylon_stone.uexp" 560
"C:/Users/tazmi/Documents/Unreal Projects/Tandalfs-Tumultuous-Time-Trials/TandalfsTumultuousTT 5.6/Content/Textures/T_Pylon/t_emis_pylon_stone.ubulk" 561
"C:/Users/tazmi/Documents/Unreal Projects/Tandalfs-Tumultuous-Time-Trials/TandalfsTumultuousTT 5.6/Content/Textures/T_Pylon/t_emis_pylon_stone.uasset" 562
"C:/Users/tazmi/Documents/Unreal Projects/Tandalfs-Tumultuous-Time-Trials/TandalfsTumultuousTT 5.6/Content/Textures/T_Pylon/t_emis_pylon_stone.uexp" 563
"C:/Users/tazmi/Documents/Unreal Projects/Tandalfs-Tumultuous-Time-Trials/TandalfsTumultuousTT 5.6/Content/Textures/T_Pylon/t_c_pylon_stone.ubulk" 564
"C:/Users/tazmi/Documents/Unreal Projects/Tandalfs-Tumultuous-Time-Trials/TandalfsTumultuousTT 5.6/Content/Textures/T_Pylon/t_c_pylon_stone.uasset" 565
"C:/Users/tazmi/Documents/Unreal Projects/Tandalfs-Tumultuous-Time-Trials/TandalfsTumultuousTT 5.6/Content/Textures/T_Pylon/t_c_pylon_stone.uexp" 566
"C:/Users/tazmi/Documents/Unreal Projects/Tandalfs-Tumultuous-Time-Trials/TandalfsTumultuousTT 5.6/Content/Materials/PylonMaterials/MM_Pylon_Stone.uasset" 567
"C:/Users/tazmi/Documents/Unreal Projects/Tandalfs-Tumultuous-Time-Trials/TandalfsTumultuousTT 5.6/Content/Materials/PylonMaterials/MM_Pylon_Stone.uexp" 568
"C:/Users/tazmi/Documents/Unreal Projects/Tandalfs-Tumultuous-Time-Trials/TandalfsTumultuousTT 5.6/Content/Textures/T_Pylon/t_orm_pylon_gem.ubulk" 569
"C:/Users/tazmi/Documents/Unreal Projects/Tandalfs-Tumultuous-Time-Trials/TandalfsTumultuousTT 5.6/Content/Textures/T_Pylon/t_orm_pylon_gem.uasset" 570
"C:/Users/tazmi/Documents/Unreal Projects/Tandalfs-Tumultuous-Time-Trials/TandalfsTumultuousTT 5.6/Content/Textures/T_Pylon/t_orm_pylon_gem.uexp" 571
"C:/Users/tazmi/Documents/Unreal Projects/Tandalfs-Tumultuous-Time-Trials/TandalfsTumultuousTT 5.6/Content/Textures/T_Pylon/t_norm_pylon_gem.ubulk" 572
"C:/Users/tazmi/Documents/Unreal Projects/Tandalfs-Tumultuous-Time-Trials/TandalfsTumultuousTT 5.6/Content/Textures/T_Pylon/t_norm_pylon_gem.uasset" 573
"C:/Users/tazmi/Documents/Unreal Projects/Tandalfs-Tumultuous-Time-Trials/TandalfsTumultuousTT 5.6/Content/Textures/T_Pylon/t_norm_pylon_gem.uexp" 574
"C:/Users/tazmi/Documents/Unreal Projects/Tandalfs-Tumultuous-Time-Trials/TandalfsTumultuousTT 5.6/Content/Textures/T_Pylon/t_c_pylon_gem.ubulk" 575
"C:/Users/tazmi/Documents/Unreal Projects/Tandalfs-Tumultuous-Time-Trials/TandalfsTumultuousTT 5.6/Content/Textures/T_Pylon/t_c_pylon_gem.uasset" 576
"C:/Users/tazmi/Documents/Unreal Projects/Tandalfs-Tumultuous-Time-Trials/TandalfsTumultuousTT 5.6/Content/Textures/T_Pylon/t_c_pylon_gem.uexp" 577
"C:/Users/tazmi/Documents/Unreal Projects/Tandalfs-Tumultuous-Time-Trials/TandalfsTumultuousTT 5.6/Content/Materials/PylonMaterials/MM_Pylon_Gem.uasset" 578
"C:/Users/tazmi/Documents/Unreal Projects/Tandalfs-Tumultuous-Time-Trials/TandalfsTumultuousTT 5.6/Content/Materials/PylonMaterials/MM_Pylon_Gem.uexp" 579
"C:/Users/tazmi/Documents/Unreal Projects/Tandalfs-Tumultuous-Time-Trials/TandalfsTumultuousTT 5.6/Content/Textures/T_Pylon/t_orm_pylon_disk.ubulk" 580
"C:/Users/tazmi/Documents/Unreal Projects/Tandalfs-Tumultuous-Time-Trials/TandalfsTumultuousTT 5.6/Content/Textures/T_Pylon/t_orm_pylon_disk.uasset" 581
"C:/Users/tazmi/Documents/Unreal Projects/Tandalfs-Tumultuous-Time-Trials/TandalfsTumultuousTT 5.6/Content/Textures/T_Pylon/t_orm_pylon_disk.uexp" 582
"C:/Users/tazmi/Documents/Unreal Projects/Tandalfs-Tumultuous-Time-Trials/TandalfsTumultuousTT 5.6/Content/Textures/T_Pylon/t_norm_pylon_disk.ubulk" 583
"C:/Users/tazmi/Documents/Unreal Projects/Tandalfs-Tumultuous-Time-Trials/TandalfsTumultuousTT 5.6/Content/Textures/T_Pylon/t_norm_pylon_disk.uasset" 584
"C:/Users/tazmi/Documents/Unreal Projects/Tandalfs-Tumultuous-Time-Trials/TandalfsTumultuousTT 5.6/Content/Textures/T_Pylon/t_norm_pylon_disk.uexp" 585
"C:/Users/tazmi/Documents/Unreal Projects/Tandalfs-Tumultuous-Time-Trials/TandalfsTumultuousTT 5.6/Content/Textures/T_Pylon/t_emis_pylon_disk.ubulk" 586
"C:/Users/tazmi/Documents/Unreal Projects/Tandalfs-Tumultuous-Time-Trials/TandalfsTumultuousTT 5.6/Content/Textures/T_Pylon/t_emis_pylon_disk.uasset" 587
"C:/Users/tazmi/Documents/Unreal Projects/Tandalfs-Tumultuous-Time-Trials/TandalfsTumultuousTT 5.6/Content/Textures/T_Pylon/t_emis_pylon_disk.uexp" 588
"C:/Users/tazmi/Documents/Unreal Projects/Tandalfs-Tumultuous-Time-Trials/TandalfsTumultuousTT 5.6/Content/Textures/T_Pylon/t_c_pylon_disk.ubulk" 589
"C:/Users/tazmi/Documents/Unreal Projects/Tandalfs-Tumultuous-Time-Trials/TandalfsTumultuousTT 5.6/Content/Textures/T_Pylon/t_c_pylon_disk.uasset" 590
"C:/Users/tazmi/Documents/Unreal Projects/Tandalfs-Tumultuous-Time-Trials/TandalfsTumultuousTT 5.6/Content/Textures/T_Pylon/t_c_pylon_disk.uexp" 591
"C:/Users/tazmi/Documents/Unreal Projects/Tandalfs-Tumultuous-Time-Trials/TandalfsTumultuousTT 5.6/Content/Materials/PylonMaterials/MM_Pylon_Disk.uasset" 592
"C:/Users/tazmi/Documents/Unreal Projects/Tandalfs-Tumultuous-Time-Trials/TandalfsTumultuousTT 5.6/Content/Materials/PylonMaterials/MM_Pylon_Disk.uexp" 593
"C:/Users/tazmi/Documents/Unreal Projects/Tandalfs-Tumultuous-Time-Trials/TandalfsTumultuousTT 5.6/Content/Audio/PlacePylon.ubulk" 594
"C:/Users/tazmi/Documents/Unreal Projects/Tandalfs-Tumultuous-Time-Trials/TandalfsTumultuousTT 5.6/Content/Audio/PlacePylon.uasset" 595
"C:/Users/tazmi/Documents/Unreal Projects/Tandalfs-Tumultuous-Time-Trials/TandalfsTumultuousTT 5.6/Content/Audio/PlacePylon.uexp" 596
"C:/Users/tazmi/Documents/Unreal Projects/Tandalfs-Tumultuous-Time-Trials/TandalfsTumultuousTT 5.6/Content/Prefabs/SavePylon.uasset" 597
"C:/Users/tazmi/Documents/Unreal Projects/Tandalfs-Tumultuous-Time-Trials/TandalfsTumultuousTT 5.6/Content/Prefabs/SavePylon.uexp" 598
"../../../Engine/Content/EngineMaterials/WorldGridMaterial.uasset" 599
"../../../Engine/Content/EngineMaterials/WorldGridMaterial.uexp" 600
"../../../Engine/Content/BasicShapes/Cube.ubulk" 601
"../../../Engine/Content/BasicShapes/Cube.uasset" 602
"../../../Engine/Content/BasicShapes/Cube.uexp" 603
"../../../Engine/Content/BasicShapes/BasicShapeMaterial.uasset" 604
"../../../Engine/Content/BasicShapes/BasicShapeMaterial.uexp" 605
"C:/Users/tazmi/Documents/Unreal Projects/Tandalfs-Tumultuous-Time-Trials/TandalfsTumultuousTT 5.6/Content/Audio/Freeze.ubulk" 606
"C:/Users/tazmi/Documents/Unreal Projects/Tandalfs-Tumultuous-Time-Trials/TandalfsTumultuousTT 5.6/Content/Audio/Freeze.uasset" 607
"C:/Users/tazmi/Documents/Unreal Projects/Tandalfs-Tumultuous-Time-Trials/TandalfsTumultuousTT 5.6/Content/Audio/Freeze.uexp" 608
"C:/Users/tazmi/Documents/Unreal Projects/Tandalfs-Tumultuous-Time-Trials/TandalfsTumultuousTT 5.6/Content/Audio/Unfreeze.ubulk" 609
"C:/Users/tazmi/Documents/Unreal Projects/Tandalfs-Tumultuous-Time-Trials/TandalfsTumultuousTT 5.6/Content/Audio/Unfreeze.uasset" 610
"C:/Users/tazmi/Documents/Unreal Projects/Tandalfs-Tumultuous-Time-Trials/TandalfsTumultuousTT 5.6/Content/Audio/Unfreeze.uexp" 611
"C:/Users/tazmi/Documents/Unreal Projects/Tandalfs-Tumultuous-Time-Trials/TandalfsTumultuousTT 5.6/Content/Prefabs/Platform.uasset" 612
"C:/Users/tazmi/Documents/Unreal Projects/Tandalfs-Tumultuous-Time-Trials/TandalfsTumultuousTT 5.6/Content/Prefabs/Platform.uexp" 613
"../../../Engine/Content/VREditor/BasicMeshes/T_CleanFloorGrunge_01_D.ubulk" 614
"../../../Engine/Content/VREditor/BasicMeshes/T_CleanFloorGrunge_01_D.uasset" 615
"../../../Engine/Content/VREditor/BasicMeshes/T_CleanFloorGrunge_01_D.uexp" 616
"../../../Engine/Content/VREditor/BasicMeshes/M_Floor_01.uasset" 617
"../../../Engine/Content/VREditor/BasicMeshes/M_Floor_01.uexp" 618
"../../../Engine/Content/VREditor/BasicMeshes/MI_Cube_03.uasset" 619
"../../../Engine/Content/VREditor/BasicMeshes/MI_Cube_03.uexp" 620
"C:/Users/tazmi/Documents/Unreal Projects/Tandalfs-Tumultuous-Time-Trials/TandalfsTumultuousTT 5.6/Content/Audio/rumble1.ubulk" 621
"C:/Users/tazmi/Documents/Unreal Projects/Tandalfs-Tumultuous-Time-Trials/TandalfsTumultuousTT 5.6/Content/Audio/rumble1.uasset" 622
"C:/Users/tazmi/Documents/Unreal Projects/Tandalfs-Tumultuous-Time-Trials/TandalfsTumultuousTT 5.6/Content/Audio/rumble1.uexp" 623
"C:/Users/tazmi/Documents/Unreal Projects/Tandalfs-Tumultuous-Time-Trials/TandalfsTumultuousTT 5.6/Content/StarterContent/Materials/M_Basic_Wall.uasset" 624
"C:/Users/tazmi/Documents/Unreal Projects/Tandalfs-Tumultuous-Time-Trials/TandalfsTumultuousTT 5.6/Content/StarterContent/Materials/M_Basic_Wall.uexp" 625
"C:/Users/tazmi/Documents/Unreal Projects/Tandalfs-Tumultuous-Time-Trials/TandalfsTumultuousTT 5.6/Content/StarterContent/Shapes/Shape_Cylinder.ubulk" 626
"C:/Users/tazmi/Documents/Unreal Projects/Tandalfs-Tumultuous-Time-Trials/TandalfsTumultuousTT 5.6/Content/StarterContent/Shapes/Shape_Cylinder.uasset" 627
"C:/Users/tazmi/Documents/Unreal Projects/Tandalfs-Tumultuous-Time-Trials/TandalfsTumultuousTT 5.6/Content/StarterContent/Shapes/Shape_Cylinder.uexp" 628
"C:/Users/tazmi/Documents/Unreal Projects/Tandalfs-Tumultuous-Time-Trials/TandalfsTumultuousTT 5.6/Content/Prefabs/FallPlatform.uasset" 629
"C:/Users/tazmi/Documents/Unreal Projects/Tandalfs-Tumultuous-Time-Trials/TandalfsTumultuousTT 5.6/Content/Prefabs/FallPlatform.uexp" 630
"C:/Users/tazmi/Documents/Unreal Projects/Tandalfs-Tumultuous-Time-Trials/TandalfsTumultuousTT 5.6/Content/Input/Actions/IA_MouseLook.uasset" 631
"C:/Users/tazmi/Documents/Unreal Projects/Tandalfs-Tumultuous-Time-Trials/TandalfsTumultuousTT 5.6/Content/Input/Actions/IA_MouseLook.uexp" 632
"C:/Users/tazmi/Documents/Unreal Projects/Tandalfs-Tumultuous-Time-Trials/TandalfsTumultuousTT 5.6/Content/Input/Actions/IA_Aim.uasset" 633
"C:/Users/tazmi/Documents/Unreal Projects/Tandalfs-Tumultuous-Time-Trials/TandalfsTumultuousTT 5.6/Content/Input/Actions/IA_Aim.uexp" 634
"C:/Users/tazmi/Documents/Unreal Projects/Tandalfs-Tumultuous-Time-Trials/TandalfsTumultuousTT 5.6/Content/Input/Actions/IA_delete.uasset" 635
"C:/Users/tazmi/Documents/Unreal Projects/Tandalfs-Tumultuous-Time-Trials/TandalfsTumultuousTT 5.6/Content/Input/Actions/IA_delete.uexp" 636
"C:/Users/tazmi/Documents/Unreal Projects/Tandalfs-Tumultuous-Time-Trials/TandalfsTumultuousTT 5.6/Content/Input/Actions/IA_Fireball.uasset" 637
"C:/Users/tazmi/Documents/Unreal Projects/Tandalfs-Tumultuous-Time-Trials/TandalfsTumultuousTT 5.6/Content/Input/Actions/IA_Fireball.uexp" 638
"C:/Users/tazmi/Documents/Unreal Projects/Tandalfs-Tumultuous-Time-Trials/TandalfsTumultuousTT 5.6/Content/Input/Actions/IA_Freeze.uasset" 639
"C:/Users/tazmi/Documents/Unreal Projects/Tandalfs-Tumultuous-Time-Trials/TandalfsTumultuousTT 5.6/Content/Input/Actions/IA_Freeze.uexp" 640
"C:/Users/tazmi/Documents/Unreal Projects/Tandalfs-Tumultuous-Time-Trials/TandalfsTumultuousTT 5.6/Content/Input/Actions/IA_Jump.uasset" 641
"C:/Users/tazmi/Documents/Unreal Projects/Tandalfs-Tumultuous-Time-Trials/TandalfsTumultuousTT 5.6/Content/Input/Actions/IA_Jump.uexp" 642
"C:/Users/tazmi/Documents/Unreal Projects/Tandalfs-Tumultuous-Time-Trials/TandalfsTumultuousTT 5.6/Content/Input/Actions/IA_Look.uasset" 643
"C:/Users/tazmi/Documents/Unreal Projects/Tandalfs-Tumultuous-Time-Trials/TandalfsTumultuousTT 5.6/Content/Input/Actions/IA_Look.uexp" 644
"C:/Users/tazmi/Documents/Unreal Projects/Tandalfs-Tumultuous-Time-Trials/TandalfsTumultuousTT 5.6/Content/Input/Actions/IA_Move.uasset" 645
"C:/Users/tazmi/Documents/Unreal Projects/Tandalfs-Tumultuous-Time-Trials/TandalfsTumultuousTT 5.6/Content/Input/Actions/IA_Move.uexp" 646
"C:/Users/tazmi/Documents/Unreal Projects/Tandalfs-Tumultuous-Time-Trials/TandalfsTumultuousTT 5.6/Content/Input/Actions/IA_Pause.uasset" 647
"C:/Users/tazmi/Documents/Unreal Projects/Tandalfs-Tumultuous-Time-Trials/TandalfsTumultuousTT 5.6/Content/Input/Actions/IA_Pause.uexp" 648
"C:/Users/tazmi/Documents/Unreal Projects/Tandalfs-Tumultuous-Time-Trials/TandalfsTumultuousTT 5.6/Content/Input/Actions/IA_Return.uasset" 649
"C:/Users/tazmi/Documents/Unreal Projects/Tandalfs-Tumultuous-Time-Trials/TandalfsTumultuousTT 5.6/Content/Input/Actions/IA_Return.uexp" 650
"C:/Users/tazmi/Documents/Unreal Projects/Tandalfs-Tumultuous-Time-Trials/TandalfsTumultuousTT 5.6/Content/Input/Actions/IA_Save.uasset" 651
"C:/Users/tazmi/Documents/Unreal Projects/Tandalfs-Tumultuous-Time-Trials/TandalfsTumultuousTT 5.6/Content/Input/Actions/IA_Save.uexp" 652
"C:/Users/tazmi/Documents/Unreal Projects/Tandalfs-Tumultuous-Time-Trials/TandalfsTumultuousTT 5.6/Content/Characters/RIG_tandalf_Skeleton.uasset" 653
"C:/Users/tazmi/Documents/Unreal Projects/Tandalfs-Tumultuous-Time-Trials/TandalfsTumultuousTT 5.6/Content/Characters/RIG_tandalf_Skeleton.uexp" 654
"C:/Users/tazmi/Documents/Unreal Projects/Tandalfs-Tumultuous-Time-Trials/TandalfsTumultuousTT 5.6/Content/Characters/RIG_tandalf_PhysicsAsset.uasset" 655
"C:/Users/tazmi/Documents/Unreal Projects/Tandalfs-Tumultuous-Time-Trials/TandalfsTumultuousTT 5.6/Content/Characters/RIG_tandalf_PhysicsAsset.uexp" 656
"C:/Users/tazmi/Documents/Unreal Projects/Tandalfs-Tumultuous-Time-Trials/TandalfsTumultuousTT 5.6/Content/Characters/lambert2.uasset" 657
"C:/Users/tazmi/Documents/Unreal Projects/Tandalfs-Tumultuous-Time-Trials/TandalfsTumultuousTT 5.6/Content/Characters/lambert2.uexp" 658
"C:/Users/tazmi/Documents/Unreal Projects/Tandalfs-Tumultuous-Time-Trials/TandalfsTumultuousTT 5.6/Content/Characters/lambert3.uasset" 659
"C:/Users/tazmi/Documents/Unreal Projects/Tandalfs-Tumultuous-Time-Trials/TandalfsTumultuousTT 5.6/Content/Characters/lambert3.uexp" 660
"C:/Users/tazmi/Documents/Unreal Projects/Tandalfs-Tumultuous-Time-Trials/TandalfsTumultuousTT 5.6/Content/Characters/RIG_tandalf.uasset" 661
"C:/Users/tazmi/Documents/Unreal Projects/Tandalfs-Tumultuous-Time-Trials/TandalfsTumultuousTT 5.6/Content/Characters/RIG_tandalf.uexp" 662
"C:/Users/tazmi/Documents/Unreal Projects/Tandalfs-Tumultuous-Time-Trials/TandalfsTumultuousTT 5.6/Content/Audio/Chime.ubulk" 663
"C:/Users/tazmi/Documents/Unreal Projects/Tandalfs-Tumultuous-Time-Trials/TandalfsTumultuousTT 5.6/Content/Audio/Chime.uasset" 664
"C:/Users/tazmi/Documents/Unreal Projects/Tandalfs-Tumultuous-Time-Trials/TandalfsTumultuousTT 5.6/Content/Audio/Chime.uexp" 665
"C:/Users/tazmi/Documents/Unreal Projects/Tandalfs-Tumultuous-Time-Trials/TandalfsTumultuousTT 5.6/Content/Input/Touch/BPI_TouchInterface.uasset" 666
"C:/Users/tazmi/Documents/Unreal Projects/Tandalfs-Tumultuous-Time-Trials/TandalfsTumultuousTT 5.6/Content/Input/Touch/BPI_TouchInterface.uexp" 667
"C:/Users/tazmi/Documents/Unreal Projects/Tandalfs-Tumultuous-Time-Trials/TandalfsTumultuousTT 5.6/Content/ThirdPerson/Blueprints/TandalfAnims/MM_Land.uasset" 668
"C:/Users/tazmi/Documents/Unreal Projects/Tandalfs-Tumultuous-Time-Trials/TandalfsTumultuousTT 5.6/Content/ThirdPerson/Blueprints/TandalfAnims/MM_Land.uexp" 669
"C:/Users/tazmi/Documents/Unreal Projects/Tandalfs-Tumultuous-Time-Trials/TandalfsTumultuousTT 5.6/Content/ThirdPerson/Blueprints/TandalfAnims/MM_Jump.uasset" 670
"C:/Users/tazmi/Documents/Unreal Projects/Tandalfs-Tumultuous-Time-Trials/TandalfsTumultuousTT 5.6/Content/ThirdPerson/Blueprints/TandalfAnims/MM_Jump.uexp" 671
"C:/Users/tazmi/Documents/Unreal Projects/Tandalfs-Tumultuous-Time-Trials/TandalfsTumultuousTT 5.6/Content/ThirdPerson/Blueprints/TandalfAnims/MM_Fall_Loop.uasset" 672
"C:/Users/tazmi/Documents/Unreal Projects/Tandalfs-Tumultuous-Time-Trials/TandalfsTumultuousTT 5.6/Content/ThirdPerson/Blueprints/TandalfAnims/MM_Fall_Loop.uexp" 673
"C:/Users/tazmi/Documents/Unreal Projects/Tandalfs-Tumultuous-Time-Trials/TandalfsTumultuousTT 5.6/Content/ThirdPerson/Blueprints/TandalfAnims/MM_Idle.uasset" 674
"C:/Users/tazmi/Documents/Unreal Projects/Tandalfs-Tumultuous-Time-Trials/TandalfsTumultuousTT 5.6/Content/ThirdPerson/Blueprints/TandalfAnims/MM_Idle.uexp" 675
"C:/Users/tazmi/Documents/Unreal Projects/Tandalfs-Tumultuous-Time-Trials/TandalfsTumultuousTT 5.6/Content/ThirdPerson/Blueprints/TandalfAnims/MF_Unarmed_Walk_Right.uasset" 676
"C:/Users/tazmi/Documents/Unreal Projects/Tandalfs-Tumultuous-Time-Trials/TandalfsTumultuousTT 5.6/Content/ThirdPerson/Blueprints/TandalfAnims/MF_Unarmed_Walk_Right.uexp" 677
"C:/Users/tazmi/Documents/Unreal Projects/Tandalfs-Tumultuous-Time-Trials/TandalfsTumultuousTT 5.6/Content/ThirdPerson/Blueprints/TandalfAnims/MF_Unarmed_Walk_Left.uasset" 678
"C:/Users/tazmi/Documents/Unreal Projects/Tandalfs-Tumultuous-Time-Trials/TandalfsTumultuousTT 5.6/Content/ThirdPerson/Blueprints/TandalfAnims/MF_Unarmed_Walk_Left.uexp" 679
"C:/Users/tazmi/Documents/Unreal Projects/Tandalfs-Tumultuous-Time-Trials/TandalfsTumultuousTT 5.6/Content/ThirdPerson/Blueprints/TandalfAnims/MF_Unarmed_Walk_Fwd_Right.uasset" 680
"C:/Users/tazmi/Documents/Unreal Projects/Tandalfs-Tumultuous-Time-Trials/TandalfsTumultuousTT 5.6/Content/ThirdPerson/Blueprints/TandalfAnims/MF_Unarmed_Walk_Fwd_Right.uexp" 681
"C:/Users/tazmi/Documents/Unreal Projects/Tandalfs-Tumultuous-Time-Trials/TandalfsTumultuousTT 5.6/Content/ThirdPerson/Blueprints/TandalfAnims/MF_Unarmed_Walk_Fwd_Left.uasset" 682
"C:/Users/tazmi/Documents/Unreal Projects/Tandalfs-Tumultuous-Time-Trials/TandalfsTumultuousTT 5.6/Content/ThirdPerson/Blueprints/TandalfAnims/MF_Unarmed_Walk_Fwd_Left.uexp" 683
"C:/Users/tazmi/Documents/Unreal Projects/Tandalfs-Tumultuous-Time-Trials/TandalfsTumultuousTT 5.6/Content/ThirdPerson/Blueprints/TandalfAnims/MF_Unarmed_Walk_Fwd.uasset" 684
"C:/Users/tazmi/Documents/Unreal Projects/Tandalfs-Tumultuous-Time-Trials/TandalfsTumultuousTT 5.6/Content/ThirdPerson/Blueprints/TandalfAnims/MF_Unarmed_Walk_Fwd.uexp" 685
"C:/Users/tazmi/Documents/Unreal Projects/Tandalfs-Tumultuous-Time-Trials/TandalfsTumultuousTT 5.6/Content/ThirdPerson/Blueprints/TandalfAnims/MF_Unarmed_Walk_Bwd_Right.uasset" 686
"C:/Users/tazmi/Documents/Unreal Projects/Tandalfs-Tumultuous-Time-Trials/TandalfsTumultuousTT 5.6/Content/ThirdPerson/Blueprints/TandalfAnims/MF_Unarmed_Walk_Bwd_Right.uexp" 687
"C:/Users/tazmi/Documents/Unreal Projects/Tandalfs-Tumultuous-Time-Trials/TandalfsTumultuousTT 5.6/Content/ThirdPerson/Blueprints/TandalfAnims/MF_Unarmed_Walk_Bwd_Left.uasset" 688
"C:/Users/tazmi/Documents/Unreal Projects/Tandalfs-Tumultuous-Time-Trials/TandalfsTumultuousTT 5.6/Content/ThirdPerson/Blueprints/TandalfAnims/MF_Unarmed_Walk_Bwd_Left.uexp" 689
"C:/Users/tazmi/Documents/Unreal Projects/Tandalfs-Tumultuous-Time-Trials/TandalfsTumultuousTT 5.6/Content/ThirdPerson/Blueprints/TandalfAnims/MF_Unarmed_Walk_Bwd.uasset" 690
"C:/Users/tazmi/Documents/Unreal Projects/Tandalfs-Tumultuous-Time-Trials/TandalfsTumultuousTT 5.6/Content/ThirdPerson/Blueprints/TandalfAnims/MF_Unarmed_Walk_Bwd.uexp" 691
"C:/Users/tazmi/Documents/Unreal Projects/Tandalfs-Tumultuous-Time-Trials/TandalfsTumultuousTT 5.6/Content/ThirdPerson/Blueprints/TandalfAnims/MF_Unarmed_Jog_Right.uasset" 692
"C:/Users/tazmi/Documents/Unreal Projects/Tandalfs-Tumultuous-Time-Trials/TandalfsTumultuousTT 5.6/Content/ThirdPerson/Blueprints/TandalfAnims/MF_Unarmed_Jog_Right.uexp" 693
"C:/Users/tazmi/Documents/Unreal Projects/Tandalfs-Tumultuous-Time-Trials/TandalfsTumultuousTT 5.6/Content/ThirdPerson/Blueprints/TandalfAnims/MF_Unarmed_Jog_Left.uasset" 694
"C:/Users/tazmi/Documents/Unreal Projects/Tandalfs-Tumultuous-Time-Trials/TandalfsTumultuousTT 5.6/Content/ThirdPerson/Blueprints/TandalfAnims/MF_Unarmed_Jog_Left.uexp" 695
"C:/Users/tazmi/Documents/Unreal Projects/Tandalfs-Tumultuous-Time-Trials/TandalfsTumultuousTT 5.6/Content/ThirdPerson/Blueprints/TandalfAnims/MF_Unarmed_Jog_Fwd_Right.uasset" 696
"C:/Users/tazmi/Documents/Unreal Projects/Tandalfs-Tumultuous-Time-Trials/TandalfsTumultuousTT 5.6/Content/ThirdPerson/Blueprints/TandalfAnims/MF_Unarmed_Jog_Fwd_Right.uexp" 697
"C:/Users/tazmi/Documents/Unreal Projects/Tandalfs-Tumultuous-Time-Trials/TandalfsTumultuousTT 5.6/Content/ThirdPerson/Blueprints/TandalfAnims/MF_Unarmed_Jog_Fwd_Left.uasset" 698
"C:/Users/tazmi/Documents/Unreal Projects/Tandalfs-Tumultuous-Time-Trials/TandalfsTumultuousTT 5.6/Content/ThirdPerson/Blueprints/TandalfAnims/MF_Unarmed_Jog_Fwd_Left.uexp" 699
"C:/Users/tazmi/Documents/Unreal Projects/Tandalfs-Tumultuous-Time-Trials/TandalfsTumultuousTT 5.6/Content/ThirdPerson/Blueprints/TandalfAnims/MF_Unarmed_Jog_Fwd.uasset" 700
"C:/Users/tazmi/Documents/Unreal Projects/Tandalfs-Tumultuous-Time-Trials/TandalfsTumultuousTT 5.6/Content/ThirdPerson/Blueprints/TandalfAnims/MF_Unarmed_Jog_Fwd.uexp" 701
"C:/Users/tazmi/Documents/Unreal Projects/Tandalfs-Tumultuous-Time-Trials/TandalfsTumultuousTT 5.6/Content/ThirdPerson/Blueprints/TandalfAnims/MF_Unarmed_Jog_Bwd_Right.uasset" 702
"C:/Users/tazmi/Documents/Unreal Projects/Tandalfs-Tumultuous-Time-Trials/TandalfsTumultuousTT 5.6/Content/ThirdPerson/Blueprints/TandalfAnims/MF_Unarmed_Jog_Bwd_Right.uexp" 703
"C:/Users/tazmi/Documents/Unreal Projects/Tandalfs-Tumultuous-Time-Trials/TandalfsTumultuousTT 5.6/Content/ThirdPerson/Blueprints/TandalfAnims/MF_Unarmed_Jog_Bwd_Left.uasset" 704
"C:/Users/tazmi/Documents/Unreal Projects/Tandalfs-Tumultuous-Time-Trials/TandalfsTumultuousTT 5.6/Content/ThirdPerson/Blueprints/TandalfAnims/MF_Unarmed_Jog_Bwd_Left.uexp" 705
"C:/Users/tazmi/Documents/Unreal Projects/Tandalfs-Tumultuous-Time-Trials/TandalfsTumultuousTT 5.6/Content/ThirdPerson/Blueprints/TandalfAnims/MF_Unarmed_Jog_Bwd.uasset" 706
"C:/Users/tazmi/Documents/Unreal Projects/Tandalfs-Tumultuous-Time-Trials/TandalfsTumultuousTT 5.6/Content/ThirdPerson/Blueprints/TandalfAnims/MF_Unarmed_Jog_Bwd.uexp" 707
"C:/Users/tazmi/Documents/Unreal Projects/Tandalfs-Tumultuous-Time-Trials/TandalfsTumultuousTT 5.6/Content/ThirdPerson/Blueprints/TandalfAnims/BS_Idle_Walk_Run.uasset" 708
"C:/Users/tazmi/Documents/Unreal Projects/Tandalfs-Tumultuous-Time-Trials/TandalfsTumultuousTT 5.6/Content/ThirdPerson/Blueprints/TandalfAnims/BS_Idle_Walk_Run.uexp" 709
"../../../Engine/Plugins/Animation/ControlRig/Content/Controls/DefaultGizmoLibraryNormalized.uasset" 710
"../../../Engine/Plugins/Animation/ControlRig/Content/Controls/DefaultGizmoLibraryNormalized.uexp" 711
"C:/Users/tazmi/Documents/Unreal Projects/Tandalfs-Tumultuous-Time-Trials/TandalfsTumultuousTT 5.6/Content/Characters/Mannequins/Rigs/CR_Mannequin_FootIK.uasset" 712
"C:/Users/tazmi/Documents/Unreal Projects/Tandalfs-Tumultuous-Time-Trials/TandalfsTumultuousTT 5.6/Content/Characters/Mannequins/Rigs/CR_Mannequin_FootIK.uexp" 713
"C:/Users/tazmi/Documents/Unreal Projects/Tandalfs-Tumultuous-Time-Trials/TandalfsTumultuousTT 5.6/Content/ThirdPerson/Blueprints/TandalfAnims/ABP_Unarmed.uasset" 714
"C:/Users/tazmi/Documents/Unreal Projects/Tandalfs-Tumultuous-Time-Trials/TandalfsTumultuousTT 5.6/Content/ThirdPerson/Blueprints/TandalfAnims/ABP_Unarmed.uexp" 715
"C:/Users/tazmi/Documents/Unreal Projects/Tandalfs-Tumultuous-Time-Trials/TandalfsTumultuousTT 5.6/Content/ThirdPerson/Blueprints/BP_ThirdPersonCharacter.uasset" 716
"C:/Users/tazmi/Documents/Unreal Projects/Tandalfs-Tumultuous-Time-Trials/TandalfsTumultuousTT 5.6/Content/ThirdPerson/Blueprints/BP_ThirdPersonCharacter.uexp" 717
"C:/Users/tazmi/Documents/Unreal Projects/Tandalfs-Tumultuous-Time-Trials/TandalfsTumultuousTT 5.6/Content/Input/IMC_MouseLook.uasset" 718
"C:/Users/tazmi/Documents/Unreal Projects/Tandalfs-Tumultuous-Time-Trials/TandalfsTumultuousTT 5.6/Content/Input/IMC_MouseLook.uexp" 719
"C:/Users/tazmi/Documents/Unreal Projects/Tandalfs-Tumultuous-Time-Trials/TandalfsTumultuousTT 5.6/Content/Input/IMC_Default.uasset" 720
"C:/Users/tazmi/Documents/Unreal Projects/Tandalfs-Tumultuous-Time-Trials/TandalfsTumultuousTT 5.6/Content/Input/IMC_Default.uexp" 721
"../../../Engine/Content/MobileResources/HUD/VirtualJoystick_Thumb.uasset" 722
"../../../Engine/Content/MobileResources/HUD/VirtualJoystick_Thumb.uexp" 723
"../../../Engine/Content/MobileResources/HUD/VirtualJoystick_Background.uasset" 724
"../../../Engine/Content/MobileResources/HUD/VirtualJoystick_Background.uexp" 725
"C:/Users/tazmi/Documents/Unreal Projects/Tandalfs-Tumultuous-Time-Trials/TandalfsTumultuousTT 5.6/Content/Input/Touch/UI_Thumbstick.uasset" 726
"C:/Users/tazmi/Documents/Unreal Projects/Tandalfs-Tumultuous-Time-Trials/TandalfsTumultuousTT 5.6/Content/Input/Touch/UI_Thumbstick.uexp" 727
"C:/Users/tazmi/Documents/Unreal Projects/Tandalfs-Tumultuous-Time-Trials/TandalfsTumultuousTT 5.6/Content/Input/Touch/UI_TouchSimple.uasset" 728
"C:/Users/tazmi/Documents/Unreal Projects/Tandalfs-Tumultuous-Time-Trials/TandalfsTumultuousTT 5.6/Content/Input/Touch/UI_TouchSimple.uexp" 729
"C:/Users/tazmi/Documents/Unreal Projects/Tandalfs-Tumultuous-Time-Trials/TandalfsTumultuousTT 5.6/Content/ThirdPerson/Blueprints/BP_ThirdPersonPlayerController.uasset" 730
"C:/Users/tazmi/Documents/Unreal Projects/Tandalfs-Tumultuous-Time-Trials/TandalfsTumultuousTT 5.6/Content/ThirdPerson/Blueprints/BP_ThirdPersonPlayerController.uexp" 731
"C:/Users/tazmi/Documents/Unreal Projects/Tandalfs-Tumultuous-Time-Trials/TandalfsTumultuousTT 5.6/Content/BP/UI/BP_HUD.uasset" 732
"C:/Users/tazmi/Documents/Unreal Projects/Tandalfs-Tumultuous-Time-Trials/TandalfsTumultuousTT 5.6/Content/BP/UI/BP_HUD.uexp" 733
"C:/Users/tazmi/Documents/Unreal Projects/Tandalfs-Tumultuous-Time-Trials/TandalfsTumultuousTT 5.6/Content/ThirdPerson/Blueprints/BP_ThirdPersonGameMode.uasset" 734
"C:/Users/tazmi/Documents/Unreal Projects/Tandalfs-Tumultuous-Time-Trials/TandalfsTumultuousTT 5.6/Content/ThirdPerson/Blueprints/BP_ThirdPersonGameMode.uexp" 735
"../../../Engine/Content/Functions/Engine_MaterialFunctions01/Shading/PowerToRoughness.uasset" 736
"../../../Engine/Content/Functions/Engine_MaterialFunctions01/Shading/PowerToRoughness.uexp" 737
"../../../Engine/Content/Functions/Engine_MaterialFunctions01/Shading/ConvertFromDiffSpec.uasset" 738
"../../../Engine/Content/Functions/Engine_MaterialFunctions01/Shading/ConvertFromDiffSpec.uexp" 739
"../../../Engine/Content/EngineMeshes/Sphere.ubulk" 740
"../../../Engine/Content/EngineMeshes/Sphere.uasset" 741
"../../../Engine/Content/EngineMeshes/Sphere.uexp" 742
"../../../Engine/Content/EngineResources/DefaultTextureCube.uasset" 743
"../../../Engine/Content/EngineResources/DefaultTextureCube.uexp" 744
"../../../Engine/Content/EngineMaterials/Substrate/Glints2/AGlintTex2dArray2.uasset" 745
"../../../Engine/Content/EngineMaterials/Substrate/Glints2/AGlintTex2dArray2.uexp" 746
"../../../Engine/Content/EngineMaterials/Substrate/Volume/SubstrateSimpleVolumeEnvLUT3D.uasset" 747
"../../../Engine/Content/EngineMaterials/Substrate/Volume/SubstrateSimpleVolumeEnvLUT3D.uexp" 748
"../../../Engine/Content/EngineMaterials/Substrate/Volume/SubstrateSimpleVolumeLUT3D.uasset" 749
"../../../Engine/Content/EngineMaterials/Substrate/Volume/SubstrateSimpleVolumeLUT3D.uexp" 750
"../../../Engine/Content/EngineMaterials/Substrate/GLints/AGlintTex2dArray.uasset" 751
"../../../Engine/Content/EngineMaterials/Substrate/GLints/AGlintTex2dArray.uexp" 752
"../../../Engine/Content/ArtTools/RenderToTexture/Meshes/S_1_Unit_Plane.ubulk" 753
"../../../Engine/Content/ArtTools/RenderToTexture/Meshes/S_1_Unit_Plane.uasset" 754
"../../../Engine/Content/ArtTools/RenderToTexture/Meshes/S_1_Unit_Plane.uexp" 755
"../../../Engine/Content/Functions/Engine_MaterialFunctions02/Math/Transform3x3Matrix.uasset" 756
"../../../Engine/Content/Functions/Engine_MaterialFunctions02/Math/Transform3x3Matrix.uexp" 757
"../../../Engine/Plugins/Interchange/Assets/Content/Utilities/New_LUT.uasset" 758
"../../../Engine/Plugins/Interchange/Assets/Content/Utilities/New_LUT.uexp" 759
"../../../Engine/Content/Functions/Engine_MaterialFunctions03/Math/RemapValueRange.uasset" 760
"../../../Engine/Content/Functions/Engine_MaterialFunctions03/Math/RemapValueRange.uexp" 761
"../../../Engine/Plugins/Interchange/Assets/Content/Functions/MF_Iridescence.uasset" 762
"../../../Engine/Plugins/Interchange/Assets/Content/Functions/MF_Iridescence.uexp" 763
"../../../Engine/Content/Functions/Engine_MaterialFunctions01/Texturing/FlattenNormal.uasset" 764
"../../../Engine/Content/Functions/Engine_MaterialFunctions01/Texturing/FlattenNormal.uexp" 765
"../../../Engine/Plugins/Interchange/Assets/Content/gltf/Textures/T_White_srgb.uasset" 766
"../../../Engine/Plugins/Interchange/Assets/Content/gltf/Textures/T_White_srgb.uexp" 767
"../../../Engine/Plugins/Interchange/Assets/Content/gltf/MaterialFunctions/MF_BaseColor.uasset" 768
"../../../Engine/Plugins/Interchange/Assets/Content/gltf/MaterialFunctions/MF_BaseColor.uexp" 769
"../../../Engine/Plugins/Interchange/Assets/Content/gltf/MaterialFunctions/MF_RotateV2.uasset" 770
"../../../Engine/Plugins/Interchange/Assets/Content/gltf/MaterialFunctions/MF_RotateV2.uexp" 771
"../../../Engine/Plugins/Interchange/Assets/Content/gltf/MaterialFunctions/MF_TransformUVs.uasset" 772
"../../../Engine/Plugins/Interchange/Assets/Content/gltf/MaterialFunctions/MF_TransformUVs.uexp" 773
"../../../Engine/Plugins/Interchange/Assets/Content/gltf/MaterialFunctions/MF_IOR.uasset" 774
"../../../Engine/Plugins/Interchange/Assets/Content/gltf/MaterialFunctions/MF_IOR.uexp" 775
"../../../Engine/Plugins/Interchange/Assets/Content/gltf/MaterialFunctions/MF_Iridescence.uasset" 776
"../../../Engine/Plugins/Interchange/Assets/Content/gltf/MaterialFunctions/MF_Iridescence.uexp" 777
"../../../Engine/Plugins/Interchange/Assets/Content/gltf/Textures/T_White_Linear.uasset" 778
"../../../Engine/Plugins/Interchange/Assets/Content/gltf/Textures/T_White_Linear.uexp" 779
"../../../Engine/Plugins/Interchange/Assets/Content/gltf/MaterialFunctions/MF_MetallicRoughness.uasset" 780
"../../../Engine/Plugins/Interchange/Assets/Content/gltf/MaterialFunctions/MF_MetallicRoughness.uexp" 781
"../../../Engine/Plugins/Interchange/Assets/Content/gltf/MaterialFunctions/MF_RotateNormals_TS.uasset" 782
"../../../Engine/Plugins/Interchange/Assets/Content/gltf/MaterialFunctions/MF_RotateNormals_TS.uexp" 783
"../../../Engine/Plugins/Interchange/Assets/Content/gltf/MaterialFunctions/MF_ScaleNormal.uasset" 784
"../../../Engine/Plugins/Interchange/Assets/Content/gltf/MaterialFunctions/MF_ScaleNormal.uexp" 785
"../../../Engine/Plugins/Interchange/Assets/Content/gltf/Textures/T_Generic_N.uasset" 786
"../../../Engine/Plugins/Interchange/Assets/Content/gltf/Textures/T_Generic_N.uexp" 787
"../../../Engine/Plugins/Interchange/Assets/Content/gltf/MaterialFunctions/MF_Normals.uasset" 788
"../../../Engine/Plugins/Interchange/Assets/Content/gltf/MaterialFunctions/MF_Normals.uexp" 789
"../../../Engine/Plugins/Interchange/Assets/Content/gltf/MaterialFunctions/MF_Occlusion.uasset" 790
"../../../Engine/Plugins/Interchange/Assets/Content/gltf/MaterialFunctions/MF_Occlusion.uexp" 791
"../../../Engine/Plugins/Interchange/Assets/Content/gltf/MaterialFunctions/MF_Specular.uasset" 792
"../../../Engine/Plugins/Interchange/Assets/Content/gltf/MaterialFunctions/MF_Specular.uexp" 793
"../../../Engine/Plugins/Interchange/Assets/Content/gltf/Textures/T_Anisotropy_Direction_Linear.uasset" 794
"../../../Engine/Plugins/Interchange/Assets/Content/gltf/Textures/T_Anisotropy_Direction_Linear.uexp" 795
"../../../Engine/Plugins/Interchange/Assets/Content/gltf/MaterialFunctions/MF_SpecularAnisotropy.uasset" 796
"../../../Engine/Plugins/Interchange/Assets/Content/gltf/MaterialFunctions/MF_SpecularAnisotropy.uexp" 797
"../../../Engine/Plugins/Interchange/Assets/Content/gltf/MaterialFunctions/MF_Emissive.uasset" 798
"../../../Engine/Plugins/Interchange/Assets/Content/gltf/MaterialFunctions/MF_Emissive.uexp" 799
"../../../Engine/Plugins/Interchange/Assets/Content/gltf/MaterialFunctions/MF_Clearcoat.uasset" 800
"../../../Engine/Plugins/Interchange/Assets/Content/gltf/MaterialFunctions/MF_Clearcoat.uexp" 801
"../../../Engine/Plugins/Interchange/Assets/Content/gltf/MaterialBodies/MF_ClearCoat_Body.uasset" 802
"../../../Engine/Plugins/Interchange/Assets/Content/gltf/MaterialBodies/MF_ClearCoat_Body.uexp" 803
"../../../Engine/Plugins/Interchange/Assets/Content/gltf/M_ClearCoat.uasset" 804
"../../../Engine/Plugins/Interchange/Assets/Content/gltf/M_ClearCoat.uexp" 805
"../../../Engine/Plugins/Interchange/Assets/Content/gltf/MaterialInstances/MI_ClearCoat_Blend.uasset" 806
"../../../Engine/Plugins/Interchange/Assets/Content/gltf/MaterialInstances/MI_ClearCoat_Blend.uexp" 807
"../../../Engine/Plugins/Interchange/Assets/Content/gltf/MaterialInstances/MI_ClearCoat_Blend_DS.uasset" 808
"../../../Engine/Plugins/Interchange/Assets/Content/gltf/MaterialInstances/MI_ClearCoat_Blend_DS.uexp" 809
"../../../Engine/Plugins/Interchange/Assets/Content/gltf/MaterialInstances/MI_ClearCoat_Mask.uasset" 810
"../../../Engine/Plugins/Interchange/Assets/Content/gltf/MaterialInstances/MI_ClearCoat_Mask.uexp" 811
"../../../Engine/Plugins/Interchange/Assets/Content/gltf/MaterialInstances/MI_ClearCoat_Mask_DS.uasset" 812
"../../../Engine/Plugins/Interchange/Assets/Content/gltf/MaterialInstances/MI_ClearCoat_Mask_DS.uexp" 813
"../../../Engine/Plugins/Interchange/Assets/Content/gltf/MaterialInstances/MI_ClearCoat_Opaque.uasset" 814
"../../../Engine/Plugins/Interchange/Assets/Content/gltf/MaterialInstances/MI_ClearCoat_Opaque.uexp" 815
"../../../Engine/Plugins/Interchange/Assets/Content/gltf/MaterialInstances/MI_ClearCoat_Opaque_DS.uasset" 816
"../../../Engine/Plugins/Interchange/Assets/Content/gltf/MaterialInstances/MI_ClearCoat_Opaque_DS.uexp" 817
"../../../Engine/Plugins/Interchange/Assets/Content/gltf/MaterialBodies/MF_Default_Body.uasset" 818
"../../../Engine/Plugins/Interchange/Assets/Content/gltf/MaterialBodies/MF_Default_Body.uexp" 819
"../../../Engine/Plugins/Interchange/Assets/Content/gltf/M_Default.uasset" 820
"../../../Engine/Plugins/Interchange/Assets/Content/gltf/M_Default.uexp" 821
"../../../Engine/Plugins/Interchange/Assets/Content/gltf/MaterialInstances/MI_Default_Blend.uasset" 822
"../../../Engine/Plugins/Interchange/Assets/Content/gltf/MaterialInstances/MI_Default_Blend.uexp" 823
"../../../Engine/Plugins/Interchange/Assets/Content/gltf/MaterialInstances/MI_Default_Blend_DS.uasset" 824
"../../../Engine/Plugins/Interchange/Assets/Content/gltf/MaterialInstances/MI_Default_Blend_DS.uexp" 825
"../../../Engine/Plugins/Interchange/Assets/Content/gltf/MaterialInstances/MI_Default_Mask.uasset" 826
"../../../Engine/Plugins/Interchange/Assets/Content/gltf/MaterialInstances/MI_Default_Mask.uexp" 827
"../../../Engine/Plugins/Interchange/Assets/Content/gltf/MaterialInstances/MI_Default_Mask_DS.uasset" 828
"../../../Engine/Plugins/Interchange/Assets/Content/gltf/MaterialInstances/MI_Default_Mask_DS.uexp" 829
"../../../Engine/Plugins/Interchange/Assets/Content/gltf/MaterialInstances/MI_Default_Opaque.uasset" 830
"../../../Engine/Plugins/Interchange/Assets/Content/gltf/MaterialInstances/MI_Default_Opaque.uexp" 831
"../../../Engine/Plugins/Interchange/Assets/Content/gltf/MaterialInstances/MI_Default_Opaque_DS.uasset" 832
"../../../Engine/Plugins/Interchange/Assets/Content/gltf/MaterialInstances/MI_Default_Opaque_DS.uexp" 833
"../../../Engine/Plugins/Interchange/Assets/Content/gltf/MaterialFunctions/MF_Sheen.uasset" 834
"../../../Engine/Plugins/Interchange/Assets/Content/gltf/MaterialFunctions/MF_Sheen.uexp" 835
"../../../Engine/Plugins/Interchange/Assets/Content/gltf/MaterialBodies/MF_Sheen_Body.uasset" 836
"../../../Engine/Plugins/Interchange/Assets/Content/gltf/MaterialBodies/MF_Sheen_Body.uexp" 837
"../../../Engine/Plugins/Interchange/Assets/Content/gltf/M_Sheen.uasset" 838
"../../../Engine/Plugins/Interchange/Assets/Content/gltf/M_Sheen.uexp" 839
"../../../Engine/Plugins/Interchange/Assets/Content/gltf/MaterialInstances/MI_Sheen_Blend.uasset" 840
"../../../Engine/Plugins/Interchange/Assets/Content/gltf/MaterialInstances/MI_Sheen_Blend.uexp" 841
"../../../Engine/Plugins/Interchange/Assets/Content/gltf/MaterialInstances/MI_Sheen_Blend_DS.uasset" 842
"../../../Engine/Plugins/Interchange/Assets/Content/gltf/MaterialInstances/MI_Sheen_Blend_DS.uexp" 843
"../../../Engine/Plugins/Interchange/Assets/Content/gltf/MaterialInstances/MI_Sheen_Mask.uasset" 844
"../../../Engine/Plugins/Interchange/Assets/Content/gltf/MaterialInstances/MI_Sheen_Mask.uexp" 845
"../../../Engine/Plugins/Interchange/Assets/Content/gltf/MaterialInstances/MI_Sheen_Mask_DS.uasset" 846
"../../../Engine/Plugins/Interchange/Assets/Content/gltf/MaterialInstances/MI_Sheen_Mask_DS.uexp" 847
"../../../Engine/Plugins/Interchange/Assets/Content/gltf/MaterialInstances/MI_Sheen_Opaque.uasset" 848
"../../../Engine/Plugins/Interchange/Assets/Content/gltf/MaterialInstances/MI_Sheen_Opaque.uexp" 849
"../../../Engine/Plugins/Interchange/Assets/Content/gltf/MaterialInstances/MI_Sheen_Opaque_DS.uasset" 850
"../../../Engine/Plugins/Interchange/Assets/Content/gltf/MaterialInstances/MI_Sheen_Opaque_DS.uexp" 851
"../../../Engine/Content/Functions/Engine_MaterialFunctions02/Math/AddComponents.uasset" 852
"../../../Engine/Content/Functions/Engine_MaterialFunctions02/Math/AddComponents.uexp" 853
"../../../Engine/Plugins/Interchange/Assets/Content/gltf/MaterialFunctions/MF_DiffuseSpecGloss.uasset" 854
"../../../Engine/Plugins/Interchange/Assets/Content/gltf/MaterialFunctions/MF_DiffuseSpecGloss.uexp" 855
"../../../Engine/Plugins/Interchange/Assets/Content/gltf/MaterialFunctions/MF_MaxComponentValue.uasset" 856
"../../../Engine/Plugins/Interchange/Assets/Content/gltf/MaterialFunctions/MF_MaxComponentValue.uexp" 857
"../../../Engine/Plugins/Interchange/Assets/Content/gltf/MaterialFunctions/MF_PerceivedBrightness.uasset" 858
"../../../Engine/Plugins/Interchange/Assets/Content/gltf/MaterialFunctions/MF_PerceivedBrightness.uexp" 859
"../../../Engine/Plugins/Interchange/Assets/Content/gltf/MaterialFunctions/MF_SpecGlossToMetalRoughness.uasset" 860
"../../../Engine/Plugins/Interchange/Assets/Content/gltf/MaterialFunctions/MF_SpecGlossToMetalRoughness.uexp" 861
"../../../Engine/Plugins/Interchange/Assets/Content/gltf/MaterialBodies/MF_SpecularGlossiness_Body.uasset" 862
"../../../Engine/Plugins/Interchange/Assets/Content/gltf/MaterialBodies/MF_SpecularGlossiness_Body.uexp" 863
"../../../Engine/Plugins/Interchange/Assets/Content/gltf/M_SpecularGlossiness.uasset" 864
"../../../Engine/Plugins/Interchange/Assets/Content/gltf/M_SpecularGlossiness.uexp" 865
"../../../Engine/Plugins/Interchange/Assets/Content/gltf/MaterialInstances/MI_SpecularGlossiness_Blend.uasset" 866
"../../../Engine/Plugins/Interchange/Assets/Content/gltf/MaterialInstances/MI_SpecularGlossiness_Blend.uexp" 867
"../../../Engine/Plugins/Interchange/Assets/Content/gltf/MaterialInstances/MI_SpecularGlossiness_Blend_DS.uasset" 868
"../../../Engine/Plugins/Interchange/Assets/Content/gltf/MaterialInstances/MI_SpecularGlossiness_Blend_DS.uexp" 869
"../../../Engine/Plugins/Interchange/Assets/Content/gltf/MaterialInstances/MI_SpecularGlossiness_Mask.uasset" 870
"../../../Engine/Plugins/Interchange/Assets/Content/gltf/MaterialInstances/MI_SpecularGlossiness_Mask.uexp" 871
"../../../Engine/Plugins/Interchange/Assets/Content/gltf/MaterialInstances/MI_SpecularGlossiness_Mask_DS.uasset" 872
"../../../Engine/Plugins/Interchange/Assets/Content/gltf/MaterialInstances/MI_SpecularGlossiness_Mask_DS.uexp" 873
"../../../Engine/Plugins/Interchange/Assets/Content/gltf/MaterialInstances/MI_SpecularGlossiness_Opaque.uasset" 874
"../../../Engine/Plugins/Interchange/Assets/Content/gltf/MaterialInstances/MI_SpecularGlossiness_Opaque.uexp" 875
"../../../Engine/Plugins/Interchange/Assets/Content/gltf/MaterialInstances/MI_SpecularGlossiness_Opaque_DS.uasset" 876
"../../../Engine/Plugins/Interchange/Assets/Content/gltf/MaterialInstances/MI_SpecularGlossiness_Opaque_DS.uexp" 877
"../../../Engine/Content/EngineMaterials/Good64x64TilingNoiseHighFreq.uasset" 878
"../../../Engine/Content/EngineMaterials/Good64x64TilingNoiseHighFreq.uexp" 879
"../../../Engine/Content/Functions/Engine_MaterialFunctions02/Texturing/ScreenAlignedPixelToPixelUVs.uasset" 880
"../../../Engine/Content/Functions/Engine_MaterialFunctions02/Texturing/ScreenAlignedPixelToPixelUVs.uexp" 881
"../../../Engine/Plugins/Interchange/Assets/Content/gltf/MaterialFunctions/MF_Fresnel_DS.uasset" 882
"../../../Engine/Plugins/Interchange/Assets/Content/gltf/MaterialFunctions/MF_Fresnel_DS.uexp" 883
"../../../Engine/Plugins/Interchange/Assets/Content/gltf/MaterialFunctions/MF_Temporal_Blur.uasset" 884
"../../../Engine/Plugins/Interchange/Assets/Content/gltf/MaterialFunctions/MF_Temporal_Blur.uexp" 885
"../../../Engine/Plugins/Interchange/Assets/Content/gltf/MaterialFunctions/MF_Transmission.uasset" 886
"../../../Engine/Plugins/Interchange/Assets/Content/gltf/MaterialFunctions/MF_Transmission.uexp" 887
"../../../Engine/Plugins/Interchange/Assets/Content/gltf/MaterialBodies/MF_Transmission_Body.uasset" 888
"../../../Engine/Plugins/Interchange/Assets/Content/gltf/MaterialBodies/MF_Transmission_Body.uexp" 889
"../../../Engine/Plugins/Interchange/Assets/Content/gltf/M_Transmission.uasset" 890
"../../../Engine/Plugins/Interchange/Assets/Content/gltf/M_Transmission.uexp" 891
"../../../Engine/Plugins/Interchange/Assets/Content/gltf/MaterialInstances/MI_Transmission.uasset" 892
"../../../Engine/Plugins/Interchange/Assets/Content/gltf/MaterialInstances/MI_Transmission.uexp" 893
"../../../Engine/Plugins/Interchange/Assets/Content/gltf/MaterialInstances/MI_Transmission_DS.uasset" 894
"../../../Engine/Plugins/Interchange/Assets/Content/gltf/MaterialInstances/MI_Transmission_DS.uexp" 895
"../../../Engine/Plugins/Interchange/Assets/Content/gltf/MaterialBodies/MF_Unlit_Body.uasset" 896
"../../../Engine/Plugins/Interchange/Assets/Content/gltf/MaterialBodies/MF_Unlit_Body.uexp" 897
"../../../Engine/Plugins/Interchange/Assets/Content/gltf/M_Unlit.uasset" 898
"../../../Engine/Plugins/Interchange/Assets/Content/gltf/M_Unlit.uexp" 899
"../../../Engine/Plugins/Interchange/Assets/Content/gltf/MaterialInstances/MI_Unlit_Blend.uasset" 900
"../../../Engine/Plugins/Interchange/Assets/Content/gltf/MaterialInstances/MI_Unlit_Blend.uexp" 901
"../../../Engine/Plugins/Interchange/Assets/Content/gltf/MaterialInstances/MI_Unlit_Blend_DS.uasset" 902
"../../../Engine/Plugins/Interchange/Assets/Content/gltf/MaterialInstances/MI_Unlit_Blend_DS.uexp" 903
"../../../Engine/Plugins/Interchange/Assets/Content/gltf/MaterialInstances/MI_Unlit_Mask.uasset" 904
"../../../Engine/Plugins/Interchange/Assets/Content/gltf/MaterialInstances/MI_Unlit_Mask.uexp" 905
"../../../Engine/Plugins/Interchange/Assets/Content/gltf/MaterialInstances/MI_Unlit_Mask_DS.uasset" 906
"../../../Engine/Plugins/Interchange/Assets/Content/gltf/MaterialInstances/MI_Unlit_Mask_DS.uexp" 907
"../../../Engine/Plugins/Interchange/Assets/Content/gltf/MaterialInstances/MI_Unlit_Opaque.uasset" 908
"../../../Engine/Plugins/Interchange/Assets/Content/gltf/MaterialInstances/MI_Unlit_Opaque.uexp" 909
"../../../Engine/Plugins/Interchange/Assets/Content/gltf/MaterialInstances/MI_Unlit_Opaque_DS.uasset" 910
"../../../Engine/Plugins/Interchange/Assets/Content/gltf/MaterialInstances/MI_Unlit_Opaque_DS.uexp" 911
"../../../Engine/Content/VREditor/TransformGizmo/TranslucentTransformGizmoMaterial.uasset" 912
"../../../Engine/Content/VREditor/TransformGizmo/TranslucentTransformGizmoMaterial.uexp" 913
"../../../Engine/Content/VREditor/LaserPointer/VR_LaserPower_01.ubulk" 914
"../../../Engine/Content/VREditor/LaserPointer/VR_LaserPower_01.uasset" 915
"../../../Engine/Content/VREditor/LaserPointer/VR_LaserPower_01.uexp" 916
"../../../Engine/Content/VREditor/TransformGizmo/TransformGizmoMaterial.uasset" 917
"../../../Engine/Content/VREditor/TransformGizmo/TransformGizmoMaterial.uexp" 918
"../../../Engine/Content/VREditor/TransformGizmo/BoundingBoxCorner.ubulk" 919
"../../../Engine/Content/VREditor/TransformGizmo/BoundingBoxCorner.uasset" 920
"../../../Engine/Content/VREditor/TransformGizmo/BoundingBoxCorner.uexp" 921
"../../../Engine/Content/VREditor/TransformGizmo/BoundingBoxEdge.ubulk" 922
"../../../Engine/Content/VREditor/TransformGizmo/BoundingBoxEdge.uasset" 923
"../../../Engine/Content/VREditor/TransformGizmo/BoundingBoxEdge.uexp" 924
"../../../Engine/Content/VREditor/TransformGizmo/Xray.uasset" 925
"../../../Engine/Content/VREditor/TransformGizmo/Xray.uexp" 926
"../../../Engine/Content/VREditor/TransformGizmo/Main.uasset" 927
"../../../Engine/Content/VREditor/TransformGizmo/Main.uexp" 928
"../../../Engine/Content/VREditor/TransformGizmo/SM_Sequencer_Node.ubulk" 929
"../../../Engine/Content/VREditor/TransformGizmo/SM_Sequencer_Node.uasset" 930
"../../../Engine/Content/VREditor/TransformGizmo/SM_Sequencer_Node.uexp" 931
"../../../Engine/Content/EditorMaterials/Camera/CineMat.uasset" 932
"../../../Engine/Content/EditorMaterials/Camera/CineMat.uexp" 933
"../../../Engine/Content/EditorMaterials/Camera/MI_CineMat_Rig.uasset" 934
"../../../Engine/Content/EditorMaterials/Camera/MI_CineMat_Rig.uexp" 935
"../../../Engine/Content/EditorMeshes/Camera/SM_CraneRig_Arm.ubulk" 936
"../../../Engine/Content/EditorMeshes/Camera/SM_CraneRig_Arm.uasset" 937
"../../../Engine/Content/EditorMeshes/Camera/SM_CraneRig_Arm.uexp" 938
"../../../Engine/Content/EditorMeshes/Camera/SM_CraneRig_Base.ubulk" 939
"../../../Engine/Content/EditorMeshes/Camera/SM_CraneRig_Base.uasset" 940
"../../../Engine/Content/EditorMeshes/Camera/SM_CraneRig_Base.uexp" 941
"../../../Engine/Content/EditorMeshes/Camera/SM_CraneRig_Body.ubulk" 942
"../../../Engine/Content/EditorMeshes/Camera/SM_CraneRig_Body.uasset" 943
"../../../Engine/Content/EditorMeshes/Camera/SM_CraneRig_Body.uexp" 944
"../../../Engine/Content/EditorMeshes/Camera/SM_CraneRig_Mount.ubulk" 945
"../../../Engine/Content/EditorMeshes/Camera/SM_CraneRig_Mount.uasset" 946
"../../../Engine/Content/EditorMeshes/Camera/SM_CraneRig_Mount.uexp" 947
"../../../Engine/Content/EditorMeshes/Camera/SM_RailRig_Mount.ubulk" 948
"../../../Engine/Content/EditorMeshes/Camera/SM_RailRig_Mount.uasset" 949
"../../../Engine/Content/EditorMeshes/Camera/SM_RailRig_Mount.uexp" 950
"../../../Engine/Content/EditorMeshes/Camera/SM_RailRig_Track.ubulk" 951
"../../../Engine/Content/EditorMeshes/Camera/SM_RailRig_Track.uasset" 952
"../../../Engine/Content/EditorMeshes/Camera/SM_RailRig_Track.uexp" 953
"../../../Engine/Plugins/Animation/ControlRig/Content/Controls/ControlRig_Arrow2_1mm.ubulk" 954
"../../../Engine/Plugins/Animation/ControlRig/Content/Controls/ControlRig_Arrow2_1mm.uasset" 955
"../../../Engine/Plugins/Animation/ControlRig/Content/Controls/ControlRig_Arrow2_1mm.uexp" 956
"../../../Engine/Plugins/Animation/ControlRig/Content/Controls/ControlRig_Arrow2_3mm.ubulk" 957
"../../../Engine/Plugins/Animation/ControlRig/Content/Controls/ControlRig_Arrow2_3mm.uasset" 958
"../../../Engine/Plugins/Animation/ControlRig/Content/Controls/ControlRig_Arrow2_3mm.uexp" 959
"../../../Engine/Plugins/Animation/ControlRig/Content/Controls/ControlRig_Arrow2_solid.ubulk" 960
"../../../Engine/Plugins/Animation/ControlRig/Content/Controls/ControlRig_Arrow2_solid.uasset" 961
"../../../Engine/Plugins/Animation/ControlRig/Content/Controls/ControlRig_Arrow2_solid.uexp" 962
"../../../Engine/Plugins/Animation/ControlRig/Content/Controls/ControlRig_Arrow4_1mm.ubulk" 963
"../../../Engine/Plugins/Animation/ControlRig/Content/Controls/ControlRig_Arrow4_1mm.uasset" 964
"../../../Engine/Plugins/Animation/ControlRig/Content/Controls/ControlRig_Arrow4_1mm.uexp" 965
"../../../Engine/Plugins/Animation/ControlRig/Content/Controls/ControlRig_Arrow4_3mm.ubulk" 966
"../../../Engine/Plugins/Animation/ControlRig/Content/Controls/ControlRig_Arrow4_3mm.uasset" 967
"../../../Engine/Plugins/Animation/ControlRig/Content/Controls/ControlRig_Arrow4_3mm.uexp" 968
"../../../Engine/Plugins/Animation/ControlRig/Content/Controls/ControlRig_Arrow4_solid.ubulk" 969
"../../../Engine/Plugins/Animation/ControlRig/Content/Controls/ControlRig_Arrow4_solid.uasset" 970
"../../../Engine/Plugins/Animation/ControlRig/Content/Controls/ControlRig_Arrow4_solid.uexp" 971
"../../../Engine/Plugins/Animation/ControlRig/Content/Controls/ControlRig_Arrow_1mm.ubulk" 972
"../../../Engine/Plugins/Animation/ControlRig/Content/Controls/ControlRig_Arrow_1mm.uasset" 973
"../../../Engine/Plugins/Animation/ControlRig/Content/Controls/ControlRig_Arrow_1mm.uexp" 974
"../../../Engine/Plugins/Animation/ControlRig/Content/Controls/ControlRig_Arrow_3mm.ubulk" 975
"../../../Engine/Plugins/Animation/ControlRig/Content/Controls/ControlRig_Arrow_3mm.uasset" 976
"../../../Engine/Plugins/Animation/ControlRig/Content/Controls/ControlRig_Arrow_3mm.uexp" 977
"../../../Engine/Plugins/Animation/ControlRig/Content/Controls/ControlRig_Arrow_solid.ubulk" 978
"../../../Engine/Plugins/Animation/ControlRig/Content/Controls/ControlRig_Arrow_solid.uasset" 979
"../../../Engine/Plugins/Animation/ControlRig/Content/Controls/ControlRig_Arrow_solid.uexp" 980
"../../../Engine/Plugins/Animation/ControlRig/Content/Controls/ControlRig_Box_1mm.ubulk" 981
"../../../Engine/Plugins/Animation/ControlRig/Content/Controls/ControlRig_Box_1mm.uasset" 982
"../../../Engine/Plugins/Animation/ControlRig/Content/Controls/ControlRig_Box_1mm.uexp" 983
"../../../Engine/Plugins/Animation/ControlRig/Content/Controls/ControlRig_Box_3mm.ubulk" 984
"../../../Engine/Plugins/Animation/ControlRig/Content/Controls/ControlRig_Box_3mm.uasset" 985
"../../../Engine/Plugins/Animation/ControlRig/Content/Controls/ControlRig_Box_3mm.uexp" 986
"../../../Engine/Plugins/Animation/ControlRig/Content/Controls/ControlRig_Box_solid.ubulk" 987
"../../../Engine/Plugins/Animation/ControlRig/Content/Controls/ControlRig_Box_solid.uasset" 988
"../../../Engine/Plugins/Animation/ControlRig/Content/Controls/ControlRig_Box_solid.uexp" 989
"../../../Engine/Plugins/Animation/ControlRig/Content/Controls/ControlRig_Circle_1mm.ubulk" 990
"../../../Engine/Plugins/Animation/ControlRig/Content/Controls/ControlRig_Circle_1mm.uasset" 991
"../../../Engine/Plugins/Animation/ControlRig/Content/Controls/ControlRig_Circle_1mm.uexp" 992
"../../../Engine/Plugins/Animation/ControlRig/Content/Controls/ControlRig_Circle_3mm.ubulk" 993
"../../../Engine/Plugins/Animation/ControlRig/Content/Controls/ControlRig_Circle_3mm.uasset" 994
"../../../Engine/Plugins/Animation/ControlRig/Content/Controls/ControlRig_Circle_3mm.uexp" 995
"../../../Engine/Plugins/Animation/ControlRig/Content/Controls/ControlRig_Circle_solid.ubulk" 996
"../../../Engine/Plugins/Animation/ControlRig/Content/Controls/ControlRig_Circle_solid.uasset" 997
"../../../Engine/Plugins/Animation/ControlRig/Content/Controls/ControlRig_Circle_solid.uexp" 998
"../../../Engine/Plugins/Animation/ControlRig/Content/Controls/ControlRig_Diamond_1mm.ubulk" 999
"../../../Engine/Plugins/Animation/ControlRig/Content/Controls/ControlRig_Diamond_1mm.uasset" 1000
"../../../Engine/Plugins/Animation/ControlRig/Content/Controls/ControlRig_Diamond_1mm.uexp" 1001
"../../../Engine/Plugins/Animation/ControlRig/Content/Controls/ControlRig_Diamond_3mm.ubulk" 1002
"../../../Engine/Plugins/Animation/ControlRig/Content/Controls/ControlRig_Diamond_3mm.uasset" 1003
"../../../Engine/Plugins/Animation/ControlRig/Content/Controls/ControlRig_Diamond_3mm.uexp" 1004
"../../../Engine/Plugins/Animation/ControlRig/Content/Controls/ControlRig_Diamond_solid.ubulk" 1005
"../../../Engine/Plugins/Animation/ControlRig/Content/Controls/ControlRig_Diamond_solid.uasset" 1006
"../../../Engine/Plugins/Animation/ControlRig/Content/Controls/ControlRig_Diamond_solid.uexp" 1007
"../../../Engine/Plugins/Animation/ControlRig/Content/Controls/ControlRig_HalfCircle_1mm.ubulk" 1008
"../../../Engine/Plugins/Animation/ControlRig/Content/Controls/ControlRig_HalfCircle_1mm.uasset" 1009
"../../../Engine/Plugins/Animation/ControlRig/Content/Controls/ControlRig_HalfCircle_1mm.uexp" 1010
"../../../Engine/Plugins/Animation/ControlRig/Content/Controls/ControlRig_HalfCircle_3mm.ubulk" 1011
"../../../Engine/Plugins/Animation/ControlRig/Content/Controls/ControlRig_HalfCircle_3mm.uasset" 1012
"../../../Engine/Plugins/Animation/ControlRig/Content/Controls/ControlRig_HalfCircle_3mm.uexp" 1013
"../../../Engine/Plugins/Animation/ControlRig/Content/Controls/ControlRig_HalfCircle_solid.ubulk" 1014
"../../../Engine/Plugins/Animation/ControlRig/Content/Controls/ControlRig_HalfCircle_solid.uasset" 1015
"../../../Engine/Plugins/Animation/ControlRig/Content/Controls/ControlRig_HalfCircle_solid.uexp" 1016
"../../../Engine/Plugins/Animation/ControlRig/Content/Controls/ControlRig_Hexagon_1mm.ubulk" 1017
"../../../Engine/Plugins/Animation/ControlRig/Content/Controls/ControlRig_Hexagon_1mm.uasset" 1018
"../../../Engine/Plugins/Animation/ControlRig/Content/Controls/ControlRig_Hexagon_1mm.uexp" 1019
"../../../Engine/Plugins/Animation/ControlRig/Content/Controls/ControlRig_Hexagon_3mm.ubulk" 1020
"../../../Engine/Plugins/Animation/ControlRig/Content/Controls/ControlRig_Hexagon_3mm.uasset" 1021
"../../../Engine/Plugins/Animation/ControlRig/Content/Controls/ControlRig_Hexagon_3mm.uexp" 1022
"../../../Engine/Plugins/Animation/ControlRig/Content/Controls/ControlRig_Hexagon_solid.ubulk" 1023
"../../../Engine/Plugins/Animation/ControlRig/Content/Controls/ControlRig_Hexagon_solid.uasset" 1024
"../../../Engine/Plugins/Animation/ControlRig/Content/Controls/ControlRig_Hexagon_solid.uexp" 1025
"../../../Engine/Plugins/Animation/ControlRig/Content/Controls/ControlRig_Octagon_1mm.ubulk" 1026
"../../../Engine/Plugins/Animation/ControlRig/Content/Controls/ControlRig_Octagon_1mm.uasset" 1027
"../../../Engine/Plugins/Animation/ControlRig/Content/Controls/ControlRig_Octagon_1mm.uexp" 1028
"../../../Engine/Plugins/Animation/ControlRig/Content/Controls/ControlRig_Octagon_3mm.ubulk" 1029
"../../../Engine/Plugins/Animation/ControlRig/Content/Controls/ControlRig_Octagon_3mm.uasset" 1030
"../../../Engine/Plugins/Animation/ControlRig/Content/Controls/ControlRig_Octagon_3mm.uexp" 1031
"../../../Engine/Plugins/Animation/ControlRig/Content/Controls/ControlRig_Octagon_solid.ubulk" 1032
"../../../Engine/Plugins/Animation/ControlRig/Content/Controls/ControlRig_Octagon_solid.uasset" 1033
"../../../Engine/Plugins/Animation/ControlRig/Content/Controls/ControlRig_Octagon_solid.uexp" 1034
"../../../Engine/Plugins/Animation/ControlRig/Content/Controls/ControlRig_Pyramid_1mm.ubulk" 1035
"../../../Engine/Plugins/Animation/ControlRig/Content/Controls/ControlRig_Pyramid_1mm.uasset" 1036
"../../../Engine/Plugins/Animation/ControlRig/Content/Controls/ControlRig_Pyramid_1mm.uexp" 1037
"../../../Engine/Plugins/Animation/ControlRig/Content/Controls/ControlRig_Pyramid_3mm.ubulk" 1038
"../../../Engine/Plugins/Animation/ControlRig/Content/Controls/ControlRig_Pyramid_3mm.uasset" 1039
"../../../Engine/Plugins/Animation/ControlRig/Content/Controls/ControlRig_Pyramid_3mm.uexp" 1040
"../../../Engine/Plugins/Animation/ControlRig/Content/Controls/ControlRig_Pyramid_solid.ubulk" 1041
"../../../Engine/Plugins/Animation/ControlRig/Content/Controls/ControlRig_Pyramid_solid.uasset" 1042
"../../../Engine/Plugins/Animation/ControlRig/Content/Controls/ControlRig_Pyramid_solid.uexp" 1043
"../../../Engine/Plugins/Animation/ControlRig/Content/Controls/ControlRig_QuarterCircle_1mm.ubulk" 1044
"../../../Engine/Plugins/Animation/ControlRig/Content/Controls/ControlRig_QuarterCircle_1mm.uasset" 1045
"../../../Engine/Plugins/Animation/ControlRig/Content/Controls/ControlRig_QuarterCircle_1mm.uexp" 1046
"../../../Engine/Plugins/Animation/ControlRig/Content/Controls/ControlRig_QuarterCircle_3mm.ubulk" 1047
"../../../Engine/Plugins/Animation/ControlRig/Content/Controls/ControlRig_QuarterCircle_3mm.uasset" 1048
"../../../Engine/Plugins/Animation/ControlRig/Content/Controls/ControlRig_QuarterCircle_3mm.uexp" 1049
"../../../Engine/Plugins/Animation/ControlRig/Content/Controls/ControlRig_QuarterCircle_solid.ubulk" 1050
"../../../Engine/Plugins/Animation/ControlRig/Content/Controls/ControlRig_QuarterCircle_solid.uasset" 1051
"../../../Engine/Plugins/Animation/ControlRig/Content/Controls/ControlRig_QuarterCircle_solid.uexp" 1052
"../../../Engine/Plugins/Animation/ControlRig/Content/Controls/ControlRig_RoundedSquare_1mm.ubulk" 1053
"../../../Engine/Plugins/Animation/ControlRig/Content/Controls/ControlRig_RoundedSquare_1mm.uasset" 1054
"../../../Engine/Plugins/Animation/ControlRig/Content/Controls/ControlRig_RoundedSquare_1mm.uexp" 1055
"../../../Engine/Plugins/Animation/ControlRig/Content/Controls/ControlRig_RoundedSquare_3mm.ubulk" 1056
"../../../Engine/Plugins/Animation/ControlRig/Content/Controls/ControlRig_RoundedSquare_3mm.uasset" 1057
"../../../Engine/Plugins/Animation/ControlRig/Content/Controls/ControlRig_RoundedSquare_3mm.uexp" 1058
"../../../Engine/Plugins/Animation/ControlRig/Content/Controls/ControlRig_RoundedSquare_solid.ubulk" 1059
"../../../Engine/Plugins/Animation/ControlRig/Content/Controls/ControlRig_RoundedSquare_solid.uasset" 1060
"../../../Engine/Plugins/Animation/ControlRig/Content/Controls/ControlRig_RoundedSquare_solid.uexp" 1061
"../../../Engine/Plugins/Animation/ControlRig/Content/Controls/ControlRig_RoundedTriangle_1mm.ubulk" 1062
"../../../Engine/Plugins/Animation/ControlRig/Content/Controls/ControlRig_RoundedTriangle_1mm.uasset" 1063
"../../../Engine/Plugins/Animation/ControlRig/Content/Controls/ControlRig_RoundedTriangle_1mm.uexp" 1064
"../../../Engine/Plugins/Animation/ControlRig/Content/Controls/ControlRig_RoundedTriangle_3mm.ubulk" 1065
"../../../Engine/Plugins/Animation/ControlRig/Content/Controls/ControlRig_RoundedTriangle_3mm.uasset" 1066
"../../../Engine/Plugins/Animation/ControlRig/Content/Controls/ControlRig_RoundedTriangle_3mm.uexp" 1067
"../../../Engine/Plugins/Animation/ControlRig/Content/Controls/ControlRig_RoundedTriangle_solid.ubulk" 1068
"../../../Engine/Plugins/Animation/ControlRig/Content/Controls/ControlRig_RoundedTriangle_solid.uasset" 1069
"../../../Engine/Plugins/Animation/ControlRig/Content/Controls/ControlRig_RoundedTriangle_solid.uexp" 1070
"../../../Engine/Plugins/Animation/ControlRig/Content/Controls/ControlRig_Sphere_1mm.ubulk" 1071
"../../../Engine/Plugins/Animation/ControlRig/Content/Controls/ControlRig_Sphere_1mm.uasset" 1072
"../../../Engine/Plugins/Animation/ControlRig/Content/Controls/ControlRig_Sphere_1mm.uexp" 1073
"../../../Engine/Plugins/Animation/ControlRig/Content/Controls/ControlRig_Sphere_3mm.ubulk" 1074
"../../../Engine/Plugins/Animation/ControlRig/Content/Controls/ControlRig_Sphere_3mm.uasset" 1075
"../../../Engine/Plugins/Animation/ControlRig/Content/Controls/ControlRig_Sphere_3mm.uexp" 1076
"../../../Engine/Plugins/Animation/ControlRig/Content/Controls/ControlRig_Sphere_solid.ubulk" 1077
"../../../Engine/Plugins/Animation/ControlRig/Content/Controls/ControlRig_Sphere_solid.uasset" 1078
"../../../Engine/Plugins/Animation/ControlRig/Content/Controls/ControlRig_Sphere_solid.uexp" 1079
"../../../Engine/Plugins/Animation/ControlRig/Content/Controls/ControlRig_Square_1mm.ubulk" 1080
"../../../Engine/Plugins/Animation/ControlRig/Content/Controls/ControlRig_Square_1mm.uasset" 1081
"../../../Engine/Plugins/Animation/ControlRig/Content/Controls/ControlRig_Square_1mm.uexp" 1082
"../../../Engine/Plugins/Animation/ControlRig/Content/Controls/ControlRig_Square_3mm.ubulk" 1083
"../../../Engine/Plugins/Animation/ControlRig/Content/Controls/ControlRig_Square_3mm.uasset" 1084
"../../../Engine/Plugins/Animation/ControlRig/Content/Controls/ControlRig_Square_3mm.uexp" 1085
"../../../Engine/Plugins/Animation/ControlRig/Content/Controls/ControlRig_Square_solid.ubulk" 1086
"../../../Engine/Plugins/Animation/ControlRig/Content/Controls/ControlRig_Square_solid.uasset" 1087
"../../../Engine/Plugins/Animation/ControlRig/Content/Controls/ControlRig_Square_solid.uexp" 1088
"../../../Engine/Plugins/Animation/ControlRig/Content/Controls/ControlRig_Star4_1mm.ubulk" 1089
"../../../Engine/Plugins/Animation/ControlRig/Content/Controls/ControlRig_Star4_1mm.uasset" 1090
"../../../Engine/Plugins/Animation/ControlRig/Content/Controls/ControlRig_Star4_1mm.uexp" 1091
"../../../Engine/Plugins/Animation/ControlRig/Content/Controls/ControlRig_Star4_3mm.ubulk" 1092
"../../../Engine/Plugins/Animation/ControlRig/Content/Controls/ControlRig_Star4_3mm.uasset" 1093
"../../../Engine/Plugins/Animation/ControlRig/Content/Controls/ControlRig_Star4_3mm.uexp" 1094
"../../../Engine/Plugins/Animation/ControlRig/Content/Controls/ControlRig_Star4_solid.ubulk" 1095
"../../../Engine/Plugins/Animation/ControlRig/Content/Controls/ControlRig_Star4_solid.uasset" 1096
"../../../Engine/Plugins/Animation/ControlRig/Content/Controls/ControlRig_Star4_solid.uexp" 1097
"../../../Engine/Plugins/Animation/ControlRig/Content/Controls/ControlRig_Triangle_1mm.ubulk" 1098
"../../../Engine/Plugins/Animation/ControlRig/Content/Controls/ControlRig_Triangle_1mm.uasset" 1099
"../../../Engine/Plugins/Animation/ControlRig/Content/Controls/ControlRig_Triangle_1mm.uexp" 1100
"../../../Engine/Plugins/Animation/ControlRig/Content/Controls/ControlRig_Triangle_3mm.ubulk" 1101
"../../../Engine/Plugins/Animation/ControlRig/Content/Controls/ControlRig_Triangle_3mm.uasset" 1102
"../../../Engine/Plugins/Animation/ControlRig/Content/Controls/ControlRig_Triangle_3mm.uexp" 1103
"../../../Engine/Plugins/Animation/ControlRig/Content/Controls/ControlRig_Triangle_solid.ubulk" 1104
"../../../Engine/Plugins/Animation/ControlRig/Content/Controls/ControlRig_Triangle_solid.uasset" 1105
"../../../Engine/Plugins/Animation/ControlRig/Content/Controls/ControlRig_Triangle_solid.uexp" 1106
"../../../Engine/Plugins/Animation/ControlRig/Content/Controls/ControlRig_Wedge_1mm.ubulk" 1107
"../../../Engine/Plugins/Animation/ControlRig/Content/Controls/ControlRig_Wedge_1mm.uasset" 1108
"../../../Engine/Plugins/Animation/ControlRig/Content/Controls/ControlRig_Wedge_1mm.uexp" 1109
"../../../Engine/Plugins/Animation/ControlRig/Content/Controls/ControlRig_Wedge_3mm.ubulk" 1110
"../../../Engine/Plugins/Animation/ControlRig/Content/Controls/ControlRig_Wedge_3mm.uasset" 1111
"../../../Engine/Plugins/Animation/ControlRig/Content/Controls/ControlRig_Wedge_3mm.uexp" 1112
"../../../Engine/Plugins/Animation/ControlRig/Content/Controls/ControlRig_Wedge_solid.ubulk" 1113
"../../../Engine/Plugins/Animation/ControlRig/Content/Controls/ControlRig_Wedge_solid.uasset" 1114
"../../../Engine/Plugins/Animation/ControlRig/Content/Controls/ControlRig_Wedge_solid.uexp" 1115
"../../../Engine/Content/EngineMaterials/WeightMapPlaceholderTexture.uasset" 1116
"../../../Engine/Content/EngineMaterials/WeightMapPlaceholderTexture.uexp" 1117
"../../../Engine/Content/EngineMaterials/WeightMapArrayPlaceholderTexture.uasset" 1118
"../../../Engine/Content/EngineMaterials/WeightMapArrayPlaceholderTexture.uexp" 1119
"../../../Engine/Content/EngineResources/WhiteSquareTexture.uasset" 1120
"../../../Engine/Content/EngineResources/WhiteSquareTexture.uexp" 1121
"../../../Engine/Content/EngineMaterials/Widget3DPassThrough.uasset" 1122
"../../../Engine/Content/EngineMaterials/Widget3DPassThrough.uexp" 1123
"../../../Engine/Content/EngineMaterials/Widget3DPassThrough_Masked.uasset" 1124
"../../../Engine/Content/EngineMaterials/Widget3DPassThrough_Masked.uexp" 1125
"../../../Engine/Content/EngineMaterials/Widget3DPassThrough_Opaque.uasset" 1126
"../../../Engine/Content/EngineMaterials/Widget3DPassThrough_Opaque.uexp" 1127
"../../../Engine/Content/EngineMaterials/Widget3DPassThrough_Masked_OneSided.uasset" 1128
"../../../Engine/Content/EngineMaterials/Widget3DPassThrough_Masked_OneSided.uexp" 1129
"../../../Engine/Content/EngineMaterials/Widget3DPassThrough_Opaque_OneSided.uasset" 1130
"../../../Engine/Content/EngineMaterials/Widget3DPassThrough_Opaque_OneSided.uexp" 1131
"../../../Engine/Content/EngineMaterials/Widget3DPassThrough_Translucent.uasset" 1132
"../../../Engine/Content/EngineMaterials/Widget3DPassThrough_Translucent.uexp" 1133
"../../../Engine/Content/EngineMaterials/Widget3DPassThrough_Translucent_OneSided.uasset" 1134
"../../../Engine/Content/EngineMaterials/Widget3DPassThrough_Translucent_OneSided.uexp" 1135
"../../../Engine/Content/BasicShapes/Cone.ubulk" 1136
"../../../Engine/Content/BasicShapes/Cone.uasset" 1137
"../../../Engine/Content/BasicShapes/Cone.uexp" 1138
"../../../Engine/Content/BasicShapes/Cylinder.ubulk" 1139
"../../../Engine/Content/BasicShapes/Cylinder.uasset" 1140
"../../../Engine/Content/BasicShapes/Cylinder.uexp" 1141
"../../../Engine/Content/EditorLandscapeResources/ColorMaskBrushMaterial.uasset" 1142
"../../../Engine/Content/EditorLandscapeResources/ColorMaskBrushMaterial.uexp" 1143
"../../../Engine/Content/EditorLandscapeResources/ColorMaskBrushMaterial_MaskedRegion.uasset" 1144
"../../../Engine/Content/EditorLandscapeResources/ColorMaskBrushMaterial_MaskedRegion.uexp" 1145
"../../../Engine/Content/Functions/Engine_MaterialFunctions03/Math/WithinRangeFloat2.uasset" 1146
"../../../Engine/Content/Functions/Engine_MaterialFunctions03/Math/WithinRangeFloat2.uexp" 1147
"../../../Engine/Content/EditorLandscapeResources/MaskBrushMaterial.uasset" 1148
"../../../Engine/Content/EditorLandscapeResources/MaskBrushMaterial.uexp" 1149
"../../../Engine/Content/EditorLandscapeResources/MaskBrushMaterial_MaskedRegion.uasset" 1150
"../../../Engine/Content/EditorLandscapeResources/MaskBrushMaterial_MaskedRegion.uexp" 1151
"../../../Engine/Content/EditorLandscapeResources/SelectBrushMaterial.uasset" 1152
"../../../Engine/Content/EditorLandscapeResources/SelectBrushMaterial.uexp" 1153
"../../../Engine/Content/EditorLandscapeResources/SelectBrushMaterial_Selected.uasset" 1154
"../../../Engine/Content/EditorLandscapeResources/SelectBrushMaterial_Selected.uexp" 1155
"../../../Engine/Content/EditorLandscapeResources/SelectBrushMaterial_SelectedRegion.uasset" 1156
"../../../Engine/Content/EditorLandscapeResources/SelectBrushMaterial_SelectedRegion.uexp" 1157
"../../../Engine/Content/EditorLandscapeResources/SplineEditorMeshMat.uasset" 1158
"../../../Engine/Content/EditorLandscapeResources/SplineEditorMeshMat.uexp" 1159
"../../../Engine/Content/EditorLandscapeResources/SplineEditorMesh.ubulk" 1160
"../../../Engine/Content/EditorLandscapeResources/SplineEditorMesh.uasset" 1161
"../../../Engine/Content/EditorLandscapeResources/SplineEditorMesh.uexp" 1162
"../../../Engine/Plugins/Media/MediaPlate/Content/SM_MediaPlateScreen.ubulk" 1163
"../../../Engine/Plugins/Media/MediaPlate/Content/SM_MediaPlateScreen.uasset" 1164
"../../../Engine/Plugins/Media/MediaPlate/Content/SM_MediaPlateScreen.uexp" 1165
"../../../Engine/Plugins/NNE/NNEDenoiser/Content/NNE_oidn2-3-0_rt_hdr_alb_nrm_small__dyn__fp16_opset11_DenoiseAlpha.uasset" 1166
"../../../Engine/Plugins/NNE/NNEDenoiser/Content/NNE_oidn2-3-0_rt_hdr_alb_nrm_small__dyn__fp16_opset11_DenoiseAlpha.uexp" 1167
"../../../Engine/Plugins/NNE/NNEDenoiser/Content/NNE_oidn2-3-0_rt_hdr_alb_nrm_small__dyn__fp16_opset11_ForwardAlpha.uasset" 1168
"../../../Engine/Plugins/NNE/NNEDenoiser/Content/NNE_oidn2-3-0_rt_hdr_alb_nrm_small__dyn__fp16_opset11_ForwardAlpha.uexp" 1169
"../../../Engine/Plugins/NNE/NNEDenoiser/Content/NNE_oidn2-3-0_rt_hdr_alb_nrm__dyn__fp16_opset11_DenoiseAlpha.uasset" 1170
"../../../Engine/Plugins/NNE/NNEDenoiser/Content/NNE_oidn2-3-0_rt_hdr_alb_nrm__dyn__fp16_opset11_DenoiseAlpha.uexp" 1171
"../../../Engine/Plugins/NNE/NNEDenoiser/Content/NNE_oidn2-3-0_rt_hdr_alb_nrm__dyn__fp16_opset11_ForwardAlpha.uasset" 1172
"../../../Engine/Plugins/NNE/NNEDenoiser/Content/NNE_oidn2-3-0_rt_hdr_alb_nrm__dyn__fp16_opset11_ForwardAlpha.uexp" 1173
"../../../Engine/Plugins/NNE/NNEDenoiser/Content/NNE_oidn2-3-0_rt_hdr_calb_cnrm_large__dyn__fp16_opset11_DenoiseAlpha.uasset" 1174
"../../../Engine/Plugins/NNE/NNEDenoiser/Content/NNE_oidn2-3-0_rt_hdr_calb_cnrm_large__dyn__fp16_opset11_DenoiseAlpha.uexp" 1175
"../../../Engine/Plugins/NNE/NNEDenoiser/Content/NNE_oidn2-3-0_rt_hdr_calb_cnrm_large__dyn__fp16_opset11_ForwardAlpha.uasset" 1176
"../../../Engine/Plugins/NNE/NNEDenoiser/Content/NNE_oidn2-3-0_rt_hdr_calb_cnrm_large__dyn__fp16_opset11_ForwardAlpha.uexp" 1177
"../../../Engine/Plugins/2D/Paper2D/Content/DefaultSpriteMaterial.uasset" 1178
"../../../Engine/Plugins/2D/Paper2D/Content/DefaultSpriteMaterial.uexp" 1179
"../../../Engine/Plugins/2D/Paper2D/Content/MaskedUnlitSpriteMaterial.uasset" 1180
"../../../Engine/Plugins/2D/Paper2D/Content/MaskedUnlitSpriteMaterial.uexp" 1181
"../../../Engine/Plugins/2D/Paper2D/Content/OpaqueUnlitSpriteMaterial.uasset" 1182
"../../../Engine/Plugins/2D/Paper2D/Content/OpaqueUnlitSpriteMaterial.uexp" 1183
"../../../Engine/Content/EngineResources/LandscapeVisibilityLayerInfo.uasset" 1184
"../../../Engine/Content/EngineResources/LandscapeVisibilityLayerInfo.uexp" 1185
"../../../Engine/Plugins/NNE/NNEDenoiser/Content/NNED_Oidn2-3_HighQuality_Alpha.uasset" 1186
"../../../Engine/Plugins/NNE/NNEDenoiser/Content/NNED_Oidn2-3_HighQuality_Alpha.uexp" 1187
"../../../Engine/Plugins/NNE/NNEDenoiser/Content/NNED_Oidn2-3_HighQuality.uasset" 1188
"../../../Engine/Plugins/NNE/NNEDenoiser/Content/NNED_Oidn2-3_HighQuality.uexp" 1189
"../../../Engine/Plugins/NNE/NNEDenoiser/Content/NNED_Oidn2-3_Fast_Alpha.uasset" 1190
"../../../Engine/Plugins/NNE/NNEDenoiser/Content/NNED_Oidn2-3_Fast_Alpha.uexp" 1191
"../../../Engine/Plugins/NNE/NNEDenoiser/Content/NNED_Oidn2-3_Fast.uasset" 1192
"../../../Engine/Plugins/NNE/NNEDenoiser/Content/NNED_Oidn2-3_Fast.uexp" 1193
"../../../Engine/Plugins/NNE/NNEDenoiser/Content/NNED_Oidn2-3_Balanced_Alpha.uasset" 1194
"../../../Engine/Plugins/NNE/NNEDenoiser/Content/NNED_Oidn2-3_Balanced_Alpha.uexp" 1195
"../../../Engine/Plugins/NNE/NNEDenoiser/Content/NNED_Oidn2-3_Balanced.uasset" 1196
"../../../Engine/Plugins/NNE/NNEDenoiser/Content/NNED_Oidn2-3_Balanced.uexp" 1197
"../../../Engine/Plugins/NNE/NNEDenoiser/Content/NNEDT_Oidn2-3_Balanced_Alpha.uasset" 1198
"../../../Engine/Plugins/NNE/NNEDenoiser/Content/NNEDT_Oidn2-3_Balanced_Alpha.uexp" 1199
"../../../Engine/Plugins/NNE/NNEDenoiser/Content/NNEDT_Oidn2-3_Balanced.uasset" 1200
"../../../Engine/Plugins/NNE/NNEDenoiser/Content/NNEDT_Oidn2-3_Balanced.uexp" 1201
"../../../Engine/Plugins/Animation/DeformerGraph/Content/DeformerFunctions/DG_Function_LinearBlendSkin_Morph_Cloth_PositionOnly.uasset" 1202
"../../../Engine/Plugins/Animation/DeformerGraph/Content/DeformerFunctions/DG_Function_LinearBlendSkin_Morph_Cloth_PositionOnly.uexp" 1203
"../../../Engine/Plugins/Animation/DeformerGraph/Content/DeformerFunctions/DG_Function_ComputeNormalsTangents.uasset" 1204
"../../../Engine/Plugins/Animation/DeformerGraph/Content/DeformerFunctions/DG_Function_ComputeNormalsTangents.uexp" 1205
"../../../Engine/Plugins/Animation/DeformerGraph/Content/Deformers/DG_LinearBlendSkin_Morph_Cloth_RecomputeNormals.uasset" 1206
"../../../Engine/Plugins/Animation/DeformerGraph/Content/Deformers/DG_LinearBlendSkin_Morph_Cloth_RecomputeNormals.uexp" 1207
"../../../Engine/Plugins/Animation/DeformerGraph/Content/DeformerFunctions/DG_Function_LinearBlendSkin_Morph_Cloth.uasset" 1208
"../../../Engine/Plugins/Animation/DeformerGraph/Content/DeformerFunctions/DG_Function_LinearBlendSkin_Morph_Cloth.uexp" 1209
"../../../Engine/Plugins/Animation/DeformerGraph/Content/Deformers/DG_LinearBlendSkin_Morph_Cloth.uasset" 1210
"../../../Engine/Plugins/Animation/DeformerGraph/Content/Deformers/DG_LinearBlendSkin_Morph_Cloth.uexp" 1211
"../../../Engine/Content/VREditor/Sounds/UI/Drop_Item_From_ContentBrowser.ubulk" 1212
"../../../Engine/Content/VREditor/Sounds/UI/Drop_Item_From_ContentBrowser.uasset" 1213
"../../../Engine/Content/VREditor/Sounds/UI/Drop_Item_From_ContentBrowser.uexp" 1214
"../../../Engine/Content/VREditor/TransformGizmo/TranslucentTransformGizmoMaterial_Inst.uasset" 1215
"../../../Engine/Content/VREditor/TransformGizmo/TranslucentTransformGizmoMaterial_Inst.uexp" 1216
"../../../Engine/Content/VREditor/TransformGizmo/TransformGizmoMaterial_Inst.uasset" 1217
"../../../Engine/Content/VREditor/TransformGizmo/TransformGizmoMaterial_Inst.uexp" 1218
"../../../Engine/Content/VREditor/Sounds/UI/Gizmo_Handle_Clicked.ubulk" 1219
"../../../Engine/Content/VREditor/Sounds/UI/Gizmo_Handle_Clicked.uasset" 1220
"../../../Engine/Content/VREditor/Sounds/UI/Gizmo_Handle_Clicked.uexp" 1221
"../../../Engine/Content/VREditor/Sounds/UI/Object_PickUp.ubulk" 1222
"../../../Engine/Content/VREditor/Sounds/UI/Object_PickUp.uasset" 1223
"../../../Engine/Content/VREditor/Sounds/UI/Object_PickUp.uexp" 1224
"../../../Engine/Content/VREditor/Sounds/UI/Object_Snaps_To_Another_Actor.ubulk" 1225
"../../../Engine/Content/VREditor/Sounds/UI/Object_Snaps_To_Another_Actor.uasset" 1226
"../../../Engine/Content/VREditor/Sounds/UI/Object_Snaps_To_Another_Actor.uexp" 1227
"../../../Engine/Content/VREditor/Sounds/UI/Object_Snaps_To_Grid.ubulk" 1228
"../../../Engine/Content/VREditor/Sounds/UI/Object_Snaps_To_Grid.uasset" 1229
"../../../Engine/Content/VREditor/Sounds/UI/Object_Snaps_To_Grid.uexp" 1230
"../../../Engine/Content/VREditor/Sounds/UI/Scaling_Down.ubulk" 1231
"../../../Engine/Content/VREditor/Sounds/UI/Scaling_Down.uasset" 1232
"../../../Engine/Content/VREditor/Sounds/UI/Scaling_Down.uexp" 1233
"../../../Engine/Content/VREditor/Sounds/UI/Scaling_Up.ubulk" 1234
"../../../Engine/Content/VREditor/Sounds/UI/Scaling_Up.uasset" 1235
"../../../Engine/Content/VREditor/Sounds/UI/Scaling_Up.uexp" 1236
"../../../Engine/Content/VREditor/Sounds/UI/Selection_Changes.ubulk" 1237
"../../../Engine/Content/VREditor/Sounds/UI/Selection_Changes.uasset" 1238
"../../../Engine/Content/VREditor/Sounds/UI/Selection_Changes.uexp" 1239
"../../../Engine/Content/Functions/Engine_MaterialFunctions02/SplitComponents.uasset" 1240
"../../../Engine/Content/Functions/Engine_MaterialFunctions02/SplitComponents.uexp" 1241
"../../../Engine/Content/VREditor/SnapGrid/SnapGridMaterial.uasset" 1242
"../../../Engine/Content/VREditor/SnapGrid/SnapGridMaterial.uexp" 1243
"../../../Engine/Content/VREditor/SnapGrid/SnapGridPlaneMesh.ubulk" 1244
"../../../Engine/Content/VREditor/SnapGrid/SnapGridPlaneMesh.uasset" 1245
"../../../Engine/Content/VREditor/SnapGrid/SnapGridPlaneMesh.uexp" 1246
"../../../Engine/Content/VREditor/TransformGizmo/PlaneTranslationHandle.ubulk" 1247
"../../../Engine/Content/VREditor/TransformGizmo/PlaneTranslationHandle.uasset" 1248
"../../../Engine/Content/VREditor/TransformGizmo/PlaneTranslationHandle.uexp" 1249
"../../../Engine/Content/VREditor/TransformGizmo/RotationHandleFull.ubulk" 1250
"../../../Engine/Content/VREditor/TransformGizmo/RotationHandleFull.uasset" 1251
"../../../Engine/Content/VREditor/TransformGizmo/RotationHandleFull.uexp" 1252
"../../../Engine/Content/VREditor/TransformGizmo/RotationHandleIndicator.ubulk" 1253
"../../../Engine/Content/VREditor/TransformGizmo/RotationHandleIndicator.uasset" 1254
"../../../Engine/Content/VREditor/TransformGizmo/RotationHandleIndicator.uexp" 1255
"../../../Engine/Content/VREditor/TransformGizmo/RotationHandleQuarter.ubulk" 1256
"../../../Engine/Content/VREditor/TransformGizmo/RotationHandleQuarter.uasset" 1257
"../../../Engine/Content/VREditor/TransformGizmo/RotationHandleQuarter.uexp" 1258
"../../../Engine/Content/VREditor/TransformGizmo/StartRotationHandleIndicator.ubulk" 1259
"../../../Engine/Content/VREditor/TransformGizmo/StartRotationHandleIndicator.uasset" 1260
"../../../Engine/Content/VREditor/TransformGizmo/StartRotationHandleIndicator.uexp" 1261
"../../../Engine/Content/VREditor/TransformGizmo/TransformGizmoFreeRotation.ubulk" 1262
"../../../Engine/Content/VREditor/TransformGizmo/TransformGizmoFreeRotation.uasset" 1263
"../../../Engine/Content/VREditor/TransformGizmo/TransformGizmoFreeRotation.uexp" 1264
"../../../Engine/Content/VREditor/TransformGizmo/TranslateArrowHandle.ubulk" 1265
"../../../Engine/Content/VREditor/TransformGizmo/TranslateArrowHandle.uasset" 1266
"../../../Engine/Content/VREditor/TransformGizmo/TranslateArrowHandle.uexp" 1267
"../../../Engine/Content/VREditor/TransformGizmo/UniformScaleHandle.ubulk" 1268
"../../../Engine/Content/VREditor/TransformGizmo/UniformScaleHandle.uasset" 1269
"../../../Engine/Content/VREditor/TransformGizmo/UniformScaleHandle.uexp" 1270
"C:/Users/tazmi/Documents/Unreal Projects/Tandalfs-Tumultuous-Time-Trials/TandalfsTumultuousTT 5.6/Content/UI/MenuGamemode.uasset" 1271
"C:/Users/tazmi/Documents/Unreal Projects/Tandalfs-Tumultuous-Time-Trials/TandalfsTumultuousTT 5.6/Content/UI/MenuGamemode.uexp" 1272
"C:/Users/tazmi/Documents/Unreal Projects/Tandalfs-Tumultuous-Time-Trials/TandalfsTumultuousTT 5.6/Content/UI/MainMenuMap.uexp" 1273
"C:/Users/tazmi/Documents/Unreal Projects/Tandalfs-Tumultuous-Time-Trials/TandalfsTumultuousTT 5.6/Content/UI/MainMenuMap.umap" 1274
"../../../Engine/Content/BasicShapes/Plane.ubulk" 1275
"../../../Engine/Content/BasicShapes/Plane.uasset" 1276
"../../../Engine/Content/BasicShapes/Plane.uexp" 1277
"../../../Engine/Content/EngineMaterials/DefaultPhysicalMaterial.uasset" 1278
"../../../Engine/Content/EngineMaterials/DefaultPhysicalMaterial.uexp" 1279
"C:/Users/tazmi/Documents/Unreal Projects/Tandalfs-Tumultuous-Time-Trials/TandalfsTumultuousTT 5.6/Content/StarterContent/Shapes/Shape_Cube.ubulk" 1280
"C:/Users/tazmi/Documents/Unreal Projects/Tandalfs-Tumultuous-Time-Trials/TandalfsTumultuousTT 5.6/Content/StarterContent/Shapes/Shape_Cube.uasset" 1281
"C:/Users/tazmi/Documents/Unreal Projects/Tandalfs-Tumultuous-Time-Trials/TandalfsTumultuousTT 5.6/Content/StarterContent/Shapes/Shape_Cube.uexp" 1282
"C:/Users/tazmi/Documents/Unreal Projects/Tandalfs-Tumultuous-Time-Trials/TandalfsTumultuousTT 5.6/Content/Audio/crumble.ubulk" 1283
"C:/Users/tazmi/Documents/Unreal Projects/Tandalfs-Tumultuous-Time-Trials/TandalfsTumultuousTT 5.6/Content/Audio/crumble.uasset" 1284
"C:/Users/tazmi/Documents/Unreal Projects/Tandalfs-Tumultuous-Time-Trials/TandalfsTumultuousTT 5.6/Content/Audio/crumble.uexp" 1285
"C:/Users/tazmi/Documents/Unreal Projects/Tandalfs-Tumultuous-Time-Trials/TandalfsTumultuousTT 5.6/Content/Prefabs/FallPlatformflat.uasset" 1286
"C:/Users/tazmi/Documents/Unreal Projects/Tandalfs-Tumultuous-Time-Trials/TandalfsTumultuousTT 5.6/Content/Prefabs/FallPlatformflat.uexp" 1287
"C:/Users/tazmi/Documents/Unreal Projects/Tandalfs-Tumultuous-Time-Trials/TandalfsTumultuousTT 5.6/Content/Prefabs/BP_DeathBarrier.uasset" 1288
"C:/Users/tazmi/Documents/Unreal Projects/Tandalfs-Tumultuous-Time-Trials/TandalfsTumultuousTT 5.6/Content/Prefabs/BP_DeathBarrier.uexp" 1289
"C:/Users/tazmi/Documents/Unreal Projects/Tandalfs-Tumultuous-Time-Trials/TandalfsTumultuousTT 5.6/Content/Textures/T_QuickRocks/GiantPlane_openPBR_shader1_OcclusionRoughnessMetallic.ubulk" 1290
"C:/Users/tazmi/Documents/Unreal Projects/Tandalfs-Tumultuous-Time-Trials/TandalfsTumultuousTT 5.6/Content/Textures/T_QuickRocks/GiantPlane_openPBR_shader1_OcclusionRoughnessMetallic.uasset" 1291
"C:/Users/tazmi/Documents/Unreal Projects/Tandalfs-Tumultuous-Time-Trials/TandalfsTumultuousTT 5.6/Content/Textures/T_QuickRocks/GiantPlane_openPBR_shader1_OcclusionRoughnessMetallic.uexp" 1292
"C:/Users/tazmi/Documents/Unreal Projects/Tandalfs-Tumultuous-Time-Trials/TandalfsTumultuousTT 5.6/Content/Textures/T_QuickRocks/GiantPlane_openPBR_shader1_Normal.ubulk" 1293
"C:/Users/tazmi/Documents/Unreal Projects/Tandalfs-Tumultuous-Time-Trials/TandalfsTumultuousTT 5.6/Content/Textures/T_QuickRocks/GiantPlane_openPBR_shader1_Normal.uasset" 1294
"C:/Users/tazmi/Documents/Unreal Projects/Tandalfs-Tumultuous-Time-Trials/TandalfsTumultuousTT 5.6/Content/Textures/T_QuickRocks/GiantPlane_openPBR_shader1_Normal.uexp" 1295
"C:/Users/tazmi/Documents/Unreal Projects/Tandalfs-Tumultuous-Time-Trials/TandalfsTumultuousTT 5.6/Content/Textures/T_QuickRocks/GiantPlane_openPBR_shader1_BaseColor.ubulk" 1296
"C:/Users/tazmi/Documents/Unreal Projects/Tandalfs-Tumultuous-Time-Trials/TandalfsTumultuousTT 5.6/Content/Textures/T_QuickRocks/GiantPlane_openPBR_shader1_BaseColor.uasset" 1297
"C:/Users/tazmi/Documents/Unreal Projects/Tandalfs-Tumultuous-Time-Trials/TandalfsTumultuousTT 5.6/Content/Textures/T_QuickRocks/GiantPlane_openPBR_shader1_BaseColor.uexp" 1298
"C:/Users/tazmi/Documents/Unreal Projects/Tandalfs-Tumultuous-Time-Trials/TandalfsTumultuousTT 5.6/Content/Materials/MM_QuickRocks.uasset" 1299
"C:/Users/tazmi/Documents/Unreal Projects/Tandalfs-Tumultuous-Time-Trials/TandalfsTumultuousTT 5.6/Content/Materials/MM_QuickRocks.uexp" 1300
"C:/Users/tazmi/Documents/Unreal Projects/Tandalfs-Tumultuous-Time-Trials/TandalfsTumultuousTT 5.6/Content/StarterContent/Textures/T_Perlin_Noise_M.ubulk" 1301
"C:/Users/tazmi/Documents/Unreal Projects/Tandalfs-Tumultuous-Time-Trials/TandalfsTumultuousTT 5.6/Content/StarterContent/Textures/T_Perlin_Noise_M.uasset" 1302
"C:/Users/tazmi/Documents/Unreal Projects/Tandalfs-Tumultuous-Time-Trials/TandalfsTumultuousTT 5.6/Content/StarterContent/Textures/T_Perlin_Noise_M.uexp" 1303
"C:/Users/tazmi/Documents/Unreal Projects/Tandalfs-Tumultuous-Time-Trials/TandalfsTumultuousTT 5.6/Content/Materials/MM_lava.uasset" 1304
"C:/Users/tazmi/Documents/Unreal Projects/Tandalfs-Tumultuous-Time-Trials/TandalfsTumultuousTT 5.6/Content/Materials/MM_lava.uexp" 1305
"../../../Engine/Content/EngineSky/VolumetricClouds/VT_PerlinWorley_Balanced.uasset" 1306
"../../../Engine/Content/EngineSky/VolumetricClouds/VT_PerlinWorley_Balanced.uexp" 1307
"../../../Engine/Content/EngineSky/VolumetricClouds/T_Profile_08.ubulk" 1308
"../../../Engine/Content/EngineSky/VolumetricClouds/T_Profile_08.uasset" 1309
"../../../Engine/Content/EngineSky/VolumetricClouds/T_Profile_08.uexp" 1310
"../../../Engine/Content/EngineSky/VolumetricClouds/T_CloudPattern.ubulk" 1311
"../../../Engine/Content/EngineSky/VolumetricClouds/T_CloudPattern.uasset" 1312
"../../../Engine/Content/EngineSky/VolumetricClouds/T_CloudPattern.uexp" 1313
"../../../Engine/Content/EngineSky/VolumetricClouds/T_CloudMask.ubulk" 1314
"../../../Engine/Content/EngineSky/VolumetricClouds/T_CloudMask.uasset" 1315
"../../../Engine/Content/EngineSky/VolumetricClouds/T_CloudMask.uexp" 1316
"../../../Engine/Content/Functions/Engine_MaterialFunctions02/Utility/BreakOutFloat4Components.uasset" 1317
"../../../Engine/Content/Functions/Engine_MaterialFunctions02/Utility/BreakOutFloat4Components.uexp" 1318
"../../../Engine/Content/Functions/Engine_MaterialFunctions02/Utility/MakeFloat4.uasset" 1319
"../../../Engine/Content/Functions/Engine_MaterialFunctions02/Utility/MakeFloat4.uexp" 1320
"../../../Engine/Content/EngineResources/DefaultVolumeTexture2D.uasset" 1321
"../../../Engine/Content/EngineResources/DefaultVolumeTexture2D.uexp" 1322
"../../../Engine/Content/EngineResources/DefaultVolumeTexture.uasset" 1323
"../../../Engine/Content/EngineResources/DefaultVolumeTexture.uexp" 1324
"../../../Engine/Content/EngineSky/VolumetricClouds/VT_Lightning.uasset" 1325
"../../../Engine/Content/EngineSky/VolumetricClouds/VT_Lightning.uexp" 1326
"../../../Engine/Content/Functions/Engine_MaterialFunctions01/Units/Km-to-Cm.uasset" 1327
"../../../Engine/Content/Functions/Engine_MaterialFunctions01/Units/Km-to-Cm.uexp" 1328
"../../../Engine/Content/EngineSky/VolumetricClouds/m_SimpleVolumetricCloud.uasset" 1329
"../../../Engine/Content/EngineSky/VolumetricClouds/m_SimpleVolumetricCloud.uexp" 1330
"../../../Engine/Content/EngineSky/VolumetricClouds/m_SimpleVolumetricCloud_Inst.uasset" 1331
"../../../Engine/Content/EngineSky/VolumetricClouds/m_SimpleVolumetricCloud_Inst.uexp" 1332
"C:/Users/tazmi/Documents/Unreal Projects/Tandalfs-Tumultuous-Time-Trials/TandalfsTumultuousTT 5.6/Content/Audio/lava.ubulk" 1333
"C:/Users/tazmi/Documents/Unreal Projects/Tandalfs-Tumultuous-Time-Trials/TandalfsTumultuousTT 5.6/Content/Audio/lava.uasset" 1334
"C:/Users/tazmi/Documents/Unreal Projects/Tandalfs-Tumultuous-Time-Trials/TandalfsTumultuousTT 5.6/Content/Audio/lava.uexp" 1335
"C:/Users/tazmi/Documents/Unreal Projects/Tandalfs-Tumultuous-Time-Trials/TandalfsTumultuousTT 5.6/Content/DevLevels/Dylan_Pompei.uexp" 1336
"C:/Users/tazmi/Documents/Unreal Projects/Tandalfs-Tumultuous-Time-Trials/TandalfsTumultuousTT 5.6/Content/DevLevels/Dylan_Pompei.ubulk" 1337
"C:/Users/tazmi/Documents/Unreal Projects/Tandalfs-Tumultuous-Time-Trials/TandalfsTumultuousTT 5.6/Content/DevLevels/Dylan_Pompei.umap" 1338
"../../../Engine/Content/Maps/Entry_BuiltData.uasset" 1339
"../../../Engine/Content/Maps/Entry_BuiltData.uexp" 1340
"../../../Engine/Content/Maps/Entry.uexp" 1341
"../../../Engine/Content/Maps/Entry.umap" 1342
