"C:/Users/tazmi/Documents/Unreal Projects/Tandalfs-Tumultuous-Time-Trials/TandalfsTumultuousTT/TandalfsTumultuousTT.uproject" 1
"../../../Engine/Plugins/ScriptPlugin/ScriptPlugin.uplugin" 2
"../../../Engine/Plugins/Chooser/Chooser.uplugin" 3
"../../../Engine/Plugins/ChaosCloth/ChaosCloth.uplugin" 4
"../../../Engine/Plugins/Developer/BlankPlugin/BlankPlugin.uplugin" 5
"../../../Engine/Plugins/ChaosVD/ChaosVD.uplugin" 6
"../../../Engine/Plugins/FastBuildController/FastBuildController.uplugin" 7
"../../../Engine/Plugins/CmdLinkServer/CmdLinkServer.uplugin" 8
"../../../Engine/Plugins/MassInsights/MassInsights.uplugin" 9
"../../../Engine/Plugins/JsonBlueprintUtilities/JsonBlueprintUtilities.uplugin" 10
"../../../Engine/Plugins/AudioGameplayVolume/AudioGameplayVolume.uplugin" 11
"../../../Engine/Plugins/Fab/Fab.uplugin" 12
"../../../Engine/Plugins/EnhancedInput/EnhancedInput.uplugin" 13
"../../../Engine/Plugins/UbaController/UbaController.uplugin" 14
"../../../Engine/Plugins/WorldMetrics/WorldMetrics.uplugin" 15
"../../../Engine/Plugins/TextureGraph/TextureGraph.uplugin" 16
"../../../Engine/Plugins/AudioInsights/AudioInsights.uplugin" 17
"../../../Engine/Plugins/ChaosClothAsset/ChaosClothAsset.uplugin" 18
"../../../Engine/Plugins/AudioGameplay/AudioGameplay.uplugin" 19
"../../../Engine/Plugins/DiscoveryBeaconReceiver/DiscoveryBeaconReceiver.uplugin" 20
"../../../Engine/Plugins/Developer/CLionSourceCodeAccess/CLionSourceCodeAccess.uplugin" 21
"../../../Engine/Plugins/ChaosInsights/ChaosInsights.uplugin" 22
"../../../Engine/Plugins/LightWeightInstancesEditor/LightWeightInstancesEditor.uplugin" 23
"../../../Engine/Plugins/IoStoreInsights/IoStoreInsights.uplugin" 24
"../../../Engine/Plugins/MemoryUsageQueries/MemoryUsageQueries.uplugin" 25
"../../../Engine/Plugins/PCG/PCG.uplugin" 26
"../../../Engine/Plugins/RenderGraphInsights/RenderGraphInsights.uplugin" 27
"../../../Engine/Plugins/Bridge/Bridge.uplugin" 28
"../../../Engine/Plugins/Developer/NamingTokens/NamingTokens.uplugin" 29
"../../../Engine/Plugins/Developer/NullSourceCodeAccess/NullSourceCodeAccess.uplugin" 30
"../../../Engine/Plugins/Developer/PerforceSourceControl/PerforceSourceControl.uplugin" 31
"../../../Engine/Plugins/TraceUtilities/TraceUtilities.uplugin" 32
"../../../Engine/Plugins/MeshPainting/MeshPainting.uplugin" 33
"../../../Engine/Plugins/ChaosClothAssetEditor/ChaosClothAssetEditor.uplugin" 34
"../../../Engine/Plugins/Developer/AnimationSharing/AnimationSharing.uplugin" 35
"../../../Engine/Plugins/BlueprintFileUtils/BlueprintFileUtils.uplugin" 36
"../../../Engine/Plugins/Developer/ProjectLauncher/ProjectLauncher.uplugin" 37
"../../../Engine/Plugins/Developer/PropertyAccessNode/PropertyAccessNode.uplugin" 38
"../../../Engine/Plugins/Developer/RiderSourceCodeAccess/RiderSourceCodeAccess.uplugin" 39
"../../../Engine/Plugins/Developer/RenderDocPlugin/RenderDocPlugin.uplugin" 40
"../../../Engine/Plugins/Developer/SubversionSourceControl/SubversionSourceControl.uplugin" 41
"../../../Engine/Plugins/NNE/NNEDenoiser/NNEDenoiser.uplugin" 42
"../../../Engine/Plugins/Developer/N10XSourceCodeAccess/N10XSourceCodeAccess.uplugin" 43
"../../../Engine/Plugins/Interchange/Editor/InterchangeEditor.uplugin" 44
"../../../Engine/Plugins/Interchange/Runtime/Interchange.uplugin" 45
"../../../Engine/Plugins/PCGInterops/PCGExternalDataInterop/PCGExternalDataInterop.uplugin" 46
"../../../Engine/Plugins/Importers/USDMultiUser/USDMultiUser.uplugin" 47
"../../../Engine/Plugins/NNE/NNERuntimeORT/NNERuntimeORT.uplugin" 48
"../../../Engine/Plugins/Importers/USDImporterMDL/USDImporterMDL.uplugin" 49
"../../../Engine/Plugins/Developer/PluginUtils/PluginUtils.uplugin" 50
"../../../Engine/Plugins/Developer/XCodeSourceCodeAccess/XCodeSourceCodeAccess.uplugin" 51
"../../../Engine/Plugins/Compositing/OpenCVLensDistortion/OpenCVLensDistortion.uplugin" 52
"../../../Engine/Plugins/Compositing/OpenColorIO/OpenColorIO.uplugin" 53
"../../../Engine/Plugins/Tests/AutomationDriverTests/AutomationDriverTests.uplugin" 54
"../../../Engine/Plugins/Developer/GitSourceControl/GitSourceControl.uplugin" 55
"../../../Engine/Plugins/Developer/TraceDataFiltering/TraceDataFilters.uplugin" 56
"../../../Engine/Plugins/Developer/KDevelopSourceCodeAccess/KDevelopSourceCodeAccess.uplugin" 57
"../../../Engine/Plugins/Interchange/Assets/InterchangeAssets.uplugin" 58
"../../../Engine/Plugins/Mutable/Mutable.uplugin" 59
"../../../Engine/Plugins/Developer/OneSkyLocalizationService/OneSkyLocalizationService.uplugin" 60
"../../../Engine/Plugins/Developer/PlasticSourceControl/PlasticSourceControl.uplugin" 61
"../../../Engine/Plugins/Experimental/AnimNextChooser/AnimNextChooser.uplugin" 62
"../../../Engine/Plugins/Importers/AlembicHairImporter/AlembicHairImporter.uplugin" 63
"../../../Engine/Plugins/Developer/CodeLiteSourceCodeAccess/CodeLiteSourceCodeAccess.uplugin" 64
"../../../Engine/Plugins/Developer/DirectoryPlaceholder/DirectoryPlaceholder.uplugin" 65
"../../../Engine/Plugins/Portal/LauncherChunkInstaller/LauncherChunkInstaller.uplugin" 66
"../../../Engine/Plugins/Importers/AlembicImporter/AlembicImporter.uplugin" 67
"../../../Engine/Plugins/Importers/USDImporter/USDImporter.uplugin" 68
"../../../Engine/Plugins/Experimental/ActorPalette/ActorPalette.uplugin" 69
"../../../Engine/Plugins/Developer/TextureFormatOodle/TextureFormatOodle.uplugin" 70
"../../../Engine/Plugins/Messaging/TcpMessaging/TcpMessaging.uplugin" 71
"../../../Engine/Plugins/XGEController/XGEController.uplugin" 72
"../../../Engine/Plugins/Messaging/UdpMessaging/UdpMessaging.uplugin" 73
"../../../Engine/Plugins/Tests/CQTestEnhancedInput/CQTestEnhancedInput.uplugin" 74
"../../../Engine/Plugins/Developer/PixWinPlugin/PixWinPlugin.uplugin" 75
"../../../Engine/Plugins/Experimental/AnimNextControlRig/AnimNextControlRig.uplugin" 76
"../../../Engine/Plugins/Developer/VisualStudioSourceCodeAccess/VisualStudioSourceCodeAccess.uplugin" 77
"../../../Engine/Plugins/Tests/EditorTests/EditorTests.uplugin" 78
"../../../Engine/Plugins/Developer/XcodeGPUDebuggerPlugin/XcodeGPUDebuggerPlugin.uplugin" 79
"../../../Engine/Plugins/Developer/VisualStudioCodeSourceCodeAccess/VisualStudioCodeSourceCodeAccess.uplugin" 80
"../../../Engine/Plugins/Developer/DumpGPUServices/DumpGPUServices.uplugin" 81
"../../../Engine/Plugins/Developer/FieldNotificationTrace/FieldNotificationTrace.uplugin" 82
"../../../Engine/Plugins/Experimental/AbilitySystemGameFeatureActions/AbilitySystemGameFeatureActions.uplugin" 83
"../../../Engine/Plugins/Tests/TestFramework/TestFramework.uplugin" 84
"../../../Engine/Plugins/Tests/RuntimeTests/RuntimeTests.uplugin" 85
"../../../Engine/Plugins/Tests/TestSamples/TestSamples.uplugin" 86
"../../../Engine/Plugins/Tests/RHITests/RHITests.uplugin" 87
"../../../Engine/Plugins/Tests/WidgetAutomationTests/WidgetAutomationTests.uplugin" 88
"../../../Engine/Plugins/Experimental/AnimNextPoseSearch/AnimNextPoseSearch.uplugin" 89
"../../../Engine/Plugins/Experimental/AnimNextStateTree/AnimNextStateTree.uplugin" 90
"../../../Engine/Plugins/Developer/TraceSourceFiltering/TraceSourceFilters.uplugin" 91
"../../../Engine/Plugins/Experimental/AnimToTexture/AnimToTexture.uplugin" 92
"../../../Engine/Plugins/Experimental/AsyncMessageSystemTests/AsyncMessageSystemTests.uplugin" 93
"../../../Engine/Plugins/Experimental/AutomationUtils/AutomationUtils.uplugin" 94
"../../../Engine/Plugins/Experimental/AsyncMessageSystem/AsyncMessageSystem.uplugin" 95
"../../../Engine/Plugins/Experimental/AvalancheDataLink/AvalancheDataLink.uplugin" 96
"../../../Engine/Plugins/Tests/InterchangeTests/InterchangeTests.uplugin" 97
"../../../Engine/Plugins/Experimental/BlueprintSnapNodes/BlueprintSnapNodes.uplugin" 98
"../../../Engine/Plugins/Experimental/AvalancheDisplayCluster/AvalancheDisplayCluster.uplugin" 99
"../../../Engine/Plugins/Experimental/AvalancheSequenceNavigator/AvalancheSequenceNavigator.uplugin" 100
"../../../Engine/Plugins/Experimental/BlueprintStats/BlueprintStats.uplugin" 101
"../../../Engine/Plugins/Experimental/Buoyancy/Buoyancy.uplugin" 102
"../../../Engine/Plugins/Experimental/CelestialVault/CelestialVault.uplugin" 103
"../../../Engine/Plugins/Compositing/Composure/Composure.uplugin" 104
"../../../Engine/Plugins/Experimental/ChaosCachingUSD/ChaosCachingUSD.uplugin" 105
"../../../Engine/Plugins/Experimental/ChaosClothEditor/ChaosClothEditor.uplugin" 106
"../../../Engine/Plugins/Experimental/CodeEditor/CodeEditor.uplugin" 107
"../../../Engine/Plugins/Tests/FbxAutomationTestBuilder/FbxAutomationTestBuilder.uplugin" 108
"../../../Engine/Plugins/Experimental/ChaosModularVehicle/ChaosModularVehicle.uplugin" 109
"../../../Engine/Plugins/Tests/FunctionalTestingEditor/FunctionalTestingEditor.uplugin" 110
"../../../Engine/Plugins/Experimental/ChaosMover/ChaosMover.uplugin" 111
"../../../Engine/Plugins/Experimental/ChaosNiagara/ChaosNiagara.uplugin" 112
"../../../Engine/Plugins/Messaging/MessagingDebugger/MessagingDebugger.uplugin" 113
"../../../Engine/Plugins/Tests/CQTest/CQTest.uplugin" 114
"../../../Engine/Plugins/Experimental/ChaosOutfitAsset/ChaosOutfitAsset.uplugin" 115
"../../../Engine/Plugins/Experimental/ChaosVehiclesPlugin/ChaosVehiclesPlugin.uplugin" 116
"../../../Engine/Plugins/Experimental/ChaosSolverPlugin/ChaosSolverPlugin.uplugin" 117
"../../../Engine/Plugins/Experimental/AnimNextAnimGraph/AnimNextAnimGraph.uplugin" 118
"../../../Engine/Plugins/Experimental/ChaosCaching/ChaosCaching.uplugin" 119
"../../../Engine/Plugins/Experimental/CineCameraSceneCapture/CineCameraSceneCapture.uplugin" 120
"../../../Engine/Plugins/Experimental/CinematicPrestreaming/CinematicPrestreaming.uplugin" 121
"../../../Engine/Plugins/Experimental/ChaosEditor/ChaosEditor.uplugin" 122
"../../../Engine/Plugins/Experimental/CodeView/CodeView.uplugin" 123
"../../../Engine/Plugins/Experimental/ColorCorrectRegions/ColorCorrectRegions.uplugin" 124
"../../../Engine/Plugins/Experimental/CommonConversation/CommonConversation.uplugin" 125
"../../../Engine/Plugins/Tests/PythonAutomationTest/PythonAutomationTest.uplugin" 126
"../../../Engine/Plugins/Experimental/DataLink/DataLink.uplugin" 127
"../../../Engine/Plugins/Experimental/Dataflow/Dataflow.uplugin" 128
"../../../Engine/Plugins/Experimental/DataLinkOAuth/DataLinkOAuth.uplugin" 129
"../../../Engine/Plugins/Experimental/AnimNext/AnimNext.uplugin" 130
"../../../Engine/Plugins/Experimental/GameplayTargetingSystem/TargetingSystem.uplugin" 131
"../../../Engine/Plugins/Experimental/EditorDataStorage/EditorDataStorage.uplugin" 132
"../../../Engine/Plugins/Experimental/EditorDataStorageFeatures/EditorDataStorageFeatures.uplugin" 133
"../../../Engine/Plugins/Experimental/DynamicMaterialMediaStreamBridge/DynamicMaterialMediaStreamBridge.uplugin" 134
"../../../Engine/Plugins/Experimental/AnimNextWarping/AnimNextWarping.uplugin" 135
"../../../Engine/Plugins/Developer/UObjectPlugin/UObjectPlugin.uplugin" 136
"../../../Engine/Plugins/Experimental/GeometryDataflow/GeometryDataflow.uplugin" 137
"../../../Engine/Plugins/Compositing/LensDistortion/LensDistortion.uplugin" 138
"../../../Engine/Plugins/Experimental/FieldSystemPlugin/FieldSystemPlugin.uplugin" 139
"../../../Engine/Plugins/Experimental/ControlFlows/ControlFlows.uplugin" 140
"../../../Engine/Plugins/Experimental/AvalancheSceneState/AvalancheSceneState.uplugin" 141
"../../../Engine/Plugins/Experimental/FullBodyIK/FullBodyIK.uplugin" 142
"../../../Engine/Plugins/Experimental/GameInputWindows/GameInputWindows.uplugin" 143
"../../../Engine/Plugins/Experimental/GameplayBehaviors/GameplayBehaviors.uplugin" 144
"../../../Engine/Plugins/Experimental/GameplayGraph/GameplayGraph.uplugin" 145
"../../../Engine/Plugins/Experimental/DefaultInstallBundleManager/DefaultInstallBundleManager.uplugin" 146
"../../../Engine/Plugins/Experimental/Gauntlet/Gauntlet.uplugin" 147
"../../../Engine/Plugins/Experimental/GeometryCacheAbcFile/GeometryCacheAbcFile.uplugin" 148
"../../../Engine/Plugins/Experimental/GeometryCacheLevelSequenceBaker/GeometryCacheLevelSequenceBaker.uplugin" 149
"../../../Engine/Plugins/Experimental/GeometryCollectionPlugin/GeometryCollectionPlugin.uplugin" 150
"../../../Engine/Plugins/Experimental/GeometryFlow/GeometryFlow.uplugin" 151
"../../../Engine/Plugins/Experimental/FastGeoStreaming/FastGeoStreaming.uplugin" 152
"../../../Engine/Plugins/Experimental/ChaosFlesh/ChaosFlesh.uplugin" 153
"../../../Engine/Plugins/Experimental/ChaosModularVehicleExamples/ChaosModularVehicleExamples.uplugin" 154
"../../../Engine/Plugins/Experimental/FloatingProperties/FloatingProperties.uplugin" 155
"../../../Engine/Plugins/Experimental/HairCardGenerator/HairCardGenerator.uplugin" 156
"../../../Engine/Plugins/Experimental/HairModelingToolset/HairModelingToolset.uplugin" 157
"../../../Engine/Plugins/Experimental/HairStrandsMutable/HairStrandsMutable.uplugin" 158
"../../../Engine/Plugins/Experimental/ImagePlate/ImagePlate.uplugin" 159
"../../../Engine/Plugins/Experimental/ImageWidgets/ImageWidgets.uplugin" 160
"../../../Engine/Plugins/Experimental/MediaStream/MediaStream.uplugin" 161
"../../../Engine/Plugins/Experimental/CharacterAI/CharacterAI.uplugin" 162
"../../../Engine/Plugins/Experimental/CineCameraRigs/CineCameraRigs.uplugin" 163
"../../../Engine/Plugins/Experimental/EditorPerformance/EditorPerformance.uplugin" 164
"../../../Engine/Plugins/Experimental/JWT/JWT.uplugin" 165
"../../../Engine/Plugins/Experimental/Landmass/Landmass.uplugin" 166
"../../../Engine/Plugins/Experimental/LandscapePatch/LandscapePatch.uplugin" 167
"../../../Engine/Plugins/Experimental/LearningAgents/LearningAgents.uplugin" 168
"../../../Engine/Plugins/Experimental/LiveLinkControlRig/LiveLinkControlRig.uplugin" 169
"../../../Engine/Plugins/Experimental/Fracture/Fracture.uplugin" 170
"../../../Engine/Plugins/Experimental/BackChannel/BackChannel.uplugin" 171
"../../../Engine/Plugins/Experimental/AdvancedRenamer/AdvancedRenamer.uplugin" 172
"../../../Engine/Plugins/Experimental/LocalizableMessage/LocalizableMessage.uplugin" 173
"../../../Engine/Plugins/Experimental/LowLevelNetTrace/LowLevelNetTrace.uplugin" 174
"../../../Engine/Plugins/Experimental/ImpostorBaker/ImpostorBaker.uplugin" 175
"../../../Engine/Plugins/Experimental/ChaosUserDataPT/ChaosUserDataPT.uplugin" 176
"../../../Engine/Plugins/Experimental/MediaViewer/MediaViewer.uplugin" 177
"../../../Engine/Plugins/Experimental/MeshModelingToolsetExp/MeshModelingToolsetExp.uplugin" 178
"../../../Engine/Plugins/Experimental/MeshResizing/MeshResizing.uplugin" 179
"../../../Engine/Plugins/Experimental/EditorTelemetry/EditorTelemetry.uplugin" 180
"../../../Engine/Plugins/Experimental/EvaluationNotifies/EvaluationNotifies.uplugin" 181
"../../../Engine/Plugins/Experimental/GizmoFramework/GizmoFramework.uplugin" 182
"../../../Engine/Plugins/Experimental/GPULightmass/GPULightmass.uplugin" 183
"../../../Engine/Plugins/Experimental/GizmoEdMode/GizmoEdMode.uplugin" 184
"../../../Engine/Plugins/Experimental/MoverExamples/MoverExamples.uplugin" 185
"../../../Engine/Plugins/Experimental/MoverAnimNext/MoverAnimNext.uplugin" 186
"../../../Engine/Plugins/Experimental/MoverIntegrations/MoverIntegrations.uplugin" 187
"../../../Engine/Plugins/Experimental/DaySequence/DaySequence.uplugin" 188
"../../../Engine/Plugins/Experimental/MovieScenePoseSearchTracks/MovieScenePoseSearchTracks.uplugin" 189
"../../../Engine/Plugins/Experimental/InlineMaterialInstance/InlineMaterialInstance.uplugin" 190
"../../../Engine/Plugins/Experimental/InteractionInterface/InteractionInterface.uplugin" 191
"../../../Engine/Plugins/Experimental/InstanceDataObjectFixupTool/InstanceDataObjectFixupTool.uplugin" 192
"../../../Engine/Plugins/Experimental/Iris/Iris.uplugin" 193
"../../../Engine/Plugins/Experimental/MetasoundExperimental/MetasoundExperimental.uplugin" 194
"../../../Engine/Plugins/Experimental/NNERuntimeBasicCpu/NNERuntimeBasicCpu.uplugin" 195
"../../../Engine/Plugins/Experimental/NNERuntimeCoreML/NNERuntimeCoreML.uplugin" 196
"../../../Engine/Plugins/Experimental/NNERuntimeIREE/NNERuntimeIREE.uplugin" 197
"../../../Engine/Plugins/Experimental/NNERuntimeRDG/NNERuntimeRDG.uplugin" 198
"../../../Engine/Plugins/Experimental/LevelSequenceNavigatorBridge/LevelSequenceNavigatorBridge.uplugin" 199
"../../../Engine/Plugins/Experimental/LiveLinkFaceImporter/LiveLinkFaceImporter.uplugin" 200
"../../../Engine/Plugins/Experimental/PCGBiomeCore/PCGBiomeCore.uplugin" 201
"../../../Engine/Plugins/Experimental/PanoramicCapture/PanoramicCapture.uplugin" 202
"../../../Engine/Plugins/Experimental/MoverTests/MoverTests.uplugin" 203
"../../../Engine/Plugins/PCGInterops/PCGGeometryScriptInterop/PCGGeometryScriptInterop.uplugin" 204
"../../../Engine/Plugins/Experimental/MutableClothing/MutableClothing.uplugin" 205
"../../../Engine/Plugins/Experimental/PlainProps/PlainProps.uplugin" 206
"../../../Engine/Plugins/Experimental/PlainPropsUObject/PlainPropsUObject.uplugin" 207
"../../../Engine/Plugins/Experimental/PlatformCrypto/PlatformCrypto.uplugin" 208
"../../../Engine/Plugins/Experimental/MotorSimOutputMotoSynth/MotorSimOutputMotoSynth.uplugin" 209
"../../../Engine/Plugins/Experimental/RigLogicAnimNext/RigLogicAnimNext.uplugin" 210
"../../../Engine/Plugins/Experimental/MotoSynth/MotoSynth.uplugin" 211
"../../../Engine/Plugins/Experimental/Mover/Mover.uplugin" 212
"../../../Engine/Plugins/Experimental/OpenImageDenoise/OpenImageDenoise.uplugin" 213
"../../../Engine/Plugins/Experimental/ScreenReader/ScreenReader.uplugin" 214
"../../../Engine/Plugins/Experimental/LiveLinkOpenVR/LiveLinkOpenVR.uplugin" 215
"../../../Engine/Plugins/Experimental/MovieSceneAnimMixer/MovieSceneAnimMixer.uplugin" 216
"../../../Engine/Plugins/Experimental/PythonScriptPlugin/PythonScriptPlugin.uplugin" 217
"../../../Engine/Plugins/Experimental/MutablePopulation/MutablePopulation.uplugin" 218
"../../../Engine/Plugins/Experimental/RazerChromaDevices/RazerChromaDevices.uplugin" 219
"../../../Engine/Plugins/Experimental/NFORDenoise/NFORDenoise.uplugin" 220
"../../../Engine/Plugins/Experimental/NaniteDisplacedMesh/NaniteDisplacedMesh.uplugin" 221
"../../../Engine/Plugins/Experimental/NeuralRendering/NeuralRendering.uplugin" 222
"../../../Engine/Plugins/Experimental/PlanarCutPlugin/PlanarCut.uplugin" 223
"../../../Engine/Plugins/Experimental/PluginAudit/PluginAudit.uplugin" 224
"../../../Engine/Plugins/Experimental/PluginReferenceViewer/PluginReferenceViewer.uplugin" 225
"../../../Engine/Plugins/Experimental/PluginTemplateTool/PluginTemplateTool.uplugin" 226
"../../../Engine/Plugins/Experimental/SceneState/SceneState.uplugin" 227
"../../../Engine/Plugins/Experimental/PSDImporter/PSDImporter.uplugin" 228
"../../../Engine/Plugins/Experimental/SecuritySandbox/SecuritySandbox.uplugin" 229
"../../../Engine/Plugins/Experimental/SequenceNavigator/SequenceNavigator.uplugin" 230
"../../../Engine/Plugins/Experimental/PythonFoundationPackages/PythonFoundationPackages.uplugin" 231
"../../../Engine/Plugins/Experimental/PhysicsControl/PhysicsControl.uplugin" 232
"../../../Engine/Plugins/Experimental/QuicMessaging/QuicMessaging.uplugin" 233
"../../../Engine/Plugins/Experimental/RawInput/RawInput.uplugin" 234
"../../../Engine/Plugins/Experimental/PixelStreamingPlayer/PixelStreamingPlayer.uplugin" 235
"../../../Engine/Plugins/Experimental/SlateIM/SlateIM.uplugin" 236
"../../../Engine/Plugins/Experimental/RemoteControlComponents/RemoteControlComponents.uplugin" 237
"../../../Engine/Plugins/Experimental/SlateScreenReader/SlateScreenReader.uplugin" 238
"../../../Engine/Plugins/Experimental/ToolPresets/ToolPresets.uplugin" 239
"../../../Engine/Plugins/Experimental/RigLogicMutable/RigLogicMutable.uplugin" 240
"../../../Engine/Plugins/Experimental/RuntimeTelemetry/RuntimeTelemetry.uplugin" 241
"../../../Engine/Plugins/Experimental/PostProcessMaterialChainGraph/PostProcessMaterialChainGraph.uplugin" 242
"../../../Engine/Plugins/Experimental/OptiXDenoise/OptiXDenoise.uplugin" 243
"../../../Engine/Plugins/Media/AjaMedia/AjaMedia.uplugin" 244
"../../../Engine/Plugins/Experimental/SVGImporter/SVGImporter.uplugin" 245
"../../../Engine/Plugins/Experimental/Volumetrics/Volumetrics.uplugin" 246
"../../../Engine/Plugins/Experimental/TargetDeviceServicesScripting/TargetDeviceServicesScripting.uplugin" 247
"../../../Engine/Plugins/Media/AndroidCamera/AndroidCamera.uplugin" 248
"../../../Engine/Plugins/Experimental/Tensorboard/Tensorboard.uplugin" 249
"../../../Engine/Plugins/Experimental/TetMeshing/TetMeshing.uplugin" 250
"../../../Engine/Plugins/Experimental/Text3D/Text3D.uplugin" 251
"../../../Engine/Plugins/Experimental/TextToSpeech/TextToSpeech.uplugin" 252
"../../../Engine/Plugins/Experimental/SpatialReadiness/SpatialReadiness.uplugin" 253
"../../../Engine/Plugins/Experimental/MLflow/MLflow.uplugin" 254
"../../../Engine/Plugins/Experimental/StructUtils/StructUtils.uplugin" 255
"../../../Engine/Plugins/Experimental/SubmitToolEditor/SubmitToolEditor.uplugin" 256
"../../../Engine/Plugins/Experimental/SubtitlesAndClosedCaptions/SubtitlesAndClosedCaptions.uplugin" 257
"../../../Engine/Plugins/Experimental/UserToolBoxCore/UserToolBoxCore.uplugin" 258
"../../../Engine/Plugins/Experimental/VirtualProductionUtilities/VirtualProductionUtilities.uplugin" 259
"../../../Engine/Plugins/Experimental/PCGBiomeSample/PCGBiomeSample.uplugin" 260
"../../../Engine/Plugins/Experimental/SurfaceEffects/SurfaceEffects.uplugin" 261
"../../../Engine/Plugins/Experimental/TechAudioTools/TechAudioTools.uplugin" 262
"../../../Engine/Plugins/Experimental/WaterAdvanced/WaterAdvanced.uplugin" 263
"../../../Engine/Plugins/Experimental/WaterExtras/WaterExtras.uplugin" 264
"../../../Engine/Plugins/Experimental/WaveFunctionCollapse/WaveFunctionCollapse.uplugin" 265
"../../../Engine/Plugins/Experimental/RenderGrid/RenderGrid.uplugin" 266
"../../../Engine/Plugins/Experimental/WebSocketMessaging/WebSocketMessaging.uplugin" 267
"../../../Engine/Plugins/Experimental/XRCreativeFramework/XRCreativeFramework.uplugin" 268
"../../../Engine/Plugins/Experimental/Workspace/Workspace.uplugin" 269
"../../../Engine/Plugins/Experimental/UIFramework/UIFramework.uplugin" 270
"../../../Engine/Plugins/Media/AppleProResDecoderElectra/AppleProResDecoderElectra.uplugin" 271
"../../../Engine/Plugins/Media/AppleProResMedia/AppleProResMedia.uplugin" 272
"../../../Engine/Plugins/Media/AudioCaptureTimecodeProvider/AudioCaptureTimecodeProvider.uplugin" 273
"../../../Engine/Plugins/Media/AvfMedia/AvfMedia.uplugin" 274
"../../../Engine/Plugins/Media/AndroidMedia/AndroidMedia.uplugin" 275
"../../../Engine/Plugins/Experimental/Shotgrid/Shotgrid.uplugin" 276
"../../../Engine/Plugins/Experimental/Water/Water.uplugin" 277
"../../../Engine/Plugins/Experimental/SimpleHMD/SimpleHMD.uplugin" 278
"../../../Engine/Plugins/Experimental/SkeletalReduction/SkeletalReduction.uplugin" 279
"../../../Engine/Plugins/Experimental/SlateModelViewViewModel/SlateModelViewViewModel.uplugin" 280
"../../../Engine/Plugins/Media/ElectraPlayer/ElectraPlayer.uplugin" 281
"../../../Engine/Plugins/Experimental/RemoteSession/RemoteSession.uplugin" 282
"../../../Engine/Plugins/Experimental/TextureMediaPlayer/TextureMediaPlayer.uplugin" 283
"../../../Engine/Plugins/Media/ElectraCDM/ElectraCDM.uplugin" 284
"../../../Engine/Plugins/NetcodeUnitTest/NetcodeUnitTest/NetcodeUnitTest.uplugin" 285
"../../../Engine/Plugins/NetcodeUnitTest/NUTUnrealEngine/NUTUnrealEngine.uplugin" 286
"../../../Engine/Plugins/Protocols/MQTT/MQTT.uplugin" 287
"../../../Engine/Plugins/MetaHuman/MetaHumanAnimator/MetaHuman.uplugin" 288
"../../../Engine/Plugins/Media/ElectraUtil/ElectraUtil.uplugin" 289
"../../../Engine/Plugins/Media/FlacDecoderElectra/FlacDecoderElectra.uplugin" 290
"../../../Engine/Plugins/Media/BinkMedia/BinkMedia.uplugin" 291
"../../../Engine/Plugins/MetaHuman/MetaHumanCalibrationProcessing/MetaHumanCalibrationProcessing.uplugin" 292
"../../../Engine/Plugins/MetaHuman/MetaHumanCoreTechLib/MetaHumanCoreTech.uplugin" 293
"../../../Engine/Plugins/Media/HAPMedia/HAPMedia.uplugin" 294
"../../../Engine/Plugins/Experimental/WebSocketNetworking/WebSocketNetworking.uplugin" 295
"../../../Engine/Plugins/Media/ElectraCodecs/ElectraCodecs.uplugin" 296
"../../../Engine/Plugins/Media/LinearTimecode/LinearTimecode.uplugin" 297
"../../../Engine/Plugins/Experimental/WidgetEditorToolPalette/WidgetEditorToolPalette.uplugin" 298
"../../../Engine/Plugins/Experimental/UserToolBoxBasicCommand/UserToolBoxBasicCommand.uplugin" 299
"../../../Engine/Plugins/Media/MediaCompositing/MediaCompositing.uplugin" 300
"../../../Engine/Plugins/Experimental/PSDImporterMaterialDesignerBridge/PSDImporterMaterialDesignerBridge.uplugin" 301
"../../../Engine/Plugins/Experimental/SerializationUtils/SerializationUtils.uplugin" 302
"../../../Engine/Plugins/Media/MediaPlayerEditor/MediaPlayerEditor.uplugin" 303
"../../../Engine/Plugins/Media/MediaIOFramework/MediaIOFramework.uplugin" 304
"../../../Engine/Plugins/Media/AvidDNxMedia/AvidDNxMedia.uplugin" 305
"../../../Engine/Plugins/Media/MediaMovieStreamer/MediaMovieStreamer.uplugin" 306
"../../../Engine/Plugins/MetaHuman/MetaHumanSDK/MetaHumanSDK.uplugin" 307
"../../../Engine/Plugins/Media/BlackmagicMedia/BlackmagicMedia.uplugin" 308
"../../../Engine/Plugins/Media/MfMedia/MfMedia.uplugin" 309
"../../../Engine/Plugins/Online/OnlineBase/OnlineBase.uplugin" 310
"../../../Engine/Plugins/Online/EOSShared/EOSShared.uplugin" 311
"../../../Engine/Plugins/Experimental/StateGraph/StateGraph.uplugin" 312
"../../../Engine/Plugins/Runtime/AndroidBackgroundService/AndroidBackgroundService.uplugin" 313
"../../../Engine/Plugins/Media/PixelStreaming/PixelStreaming.uplugin" 314
"../../../Engine/Plugins/Media/ImgMedia/ImgMedia.uplugin" 315
"../../../Engine/Plugins/Media/PixelStreaming2/PixelStreaming2.uplugin" 316
"../../../Engine/Plugins/Media/OpusDecoderElectra/OpusDecoderElectra.uplugin" 317
"../../../Engine/Plugins/Runtime/ActorLayerUtilities/ActorLayerUtilities.uplugin" 318
"../../../Engine/Plugins/Media/ElectraSubtitles/ElectraSubtitles.uplugin" 319
"../../../Engine/Plugins/Media/WmfMedia/WmfMedia.uplugin" 320
"../../../Engine/Plugins/MetaHuman/MetaHumanLiveLink/MetaHumanLiveLink.uplugin" 321
"../../../Engine/Plugins/Runtime/ADM/ADM.uplugin" 322
"../../../Engine/Plugins/Online/OnlineServices/OnlineServices.uplugin" 323
"../../../Engine/Plugins/Media/D3D12VideoDecodersElectra/D3D12VideoDecodersElectra.uplugin" 324
"../../../Engine/Plugins/Online/OnlineServicesNull/OnlineServicesNull.uplugin" 325
"../../../Engine/Plugins/Media/PixelCapture/PixelCapture.uplugin" 326
"../../../Engine/Plugins/Online/OnlineServicesOSSAdapter/OnlineServicesOSSAdapter.uplugin" 327
"../../../Engine/Plugins/Online/OnlineSubsystem/OnlineSubsystem.uplugin" 328
"../../../Engine/Plugins/Runtime/AndroidMoviePlayer/AndroidMoviePlayer.uplugin" 329
"../../../Engine/Plugins/Media/AvidDNxHDDecoderElectra/AvidDNxHDDecoderElectra.uplugin" 330
"../../../Engine/Plugins/Online/OnlineSubsystemFacebook/OnlineSubsystemFacebook.uplugin" 331
"../../../Engine/Plugins/Online/OnlineSubsystemNull/OnlineSubsystemNull.uplugin" 332
"../../../Engine/Plugins/Online/OnlineSubsystemTencent/OnlineSubsystemTencent.uplugin" 333
"../../../Engine/Plugins/MetaHuman/MetaHumanCharacter/MetaHumanCharacter.uplugin" 334
"../../../Engine/Plugins/Online/OnlineSubsystemGoogle/OnlineSubsystemGoogle.uplugin" 335
"../../../Engine/Plugins/Online/WebAuth/WebAuth.uplugin" 336
"../../../Engine/Plugins/Online/OnlineServicesEpicCommon/OnlineServicesEpicCommon.uplugin" 337
"../../../Engine/Plugins/Media/HAPDecoderElectra/HAPDecoderElectra.uplugin" 338
"../../../Engine/Plugins/Online/OnlineServicesEOSGS/OnlineServicesEOSGS.uplugin" 339
"../../../Engine/Plugins/Online/OnlineSubsystemEOS/OnlineSubsystemEOS.uplugin" 340
"../../../Engine/Plugins/Online/OnlineFramework/OnlineFramework.uplugin" 341
"../../../Engine/Plugins/Online/SocketSubsystemSteamIP/SocketSubsystemSteamIP.uplugin" 342
"../../../Engine/Plugins/Runtime/AndroidDeviceProfileSelector/AndroidDeviceProfileSelector.uplugin" 343
"../../../Engine/Plugins/Online/OnlineSubsystemAmazon/OnlineSubsystemAmazon.uplugin" 344
"../../../Engine/Plugins/Media/TimecodeSynchronizer/TimecodeSynchronizer.uplugin" 345
"../../../Engine/Plugins/Runtime/AnimationBudgetAllocator/AnimationBudgetAllocator.uplugin" 346
"../../../Engine/Plugins/Runtime/AndroidPermission/AndroidPermission.uplugin" 347
"../../../Engine/Plugins/Runtime/ApexDestruction/ApexDestruction.uplugin" 348
"../../../Engine/Plugins/Online/OnlineSubsystemUtils/OnlineSubsystemUtils.uplugin" 349
"../../../Engine/Plugins/Media/WebMMedia/WebMMedia.uplugin" 350
"../../../Engine/Plugins/Runtime/ExampleDeviceProfileSelector/ExampleDeviceProfileSelector.uplugin" 351
"../../../Engine/Plugins/Runtime/AssetTags/AssetTags.uplugin" 352
"../../../Engine/Plugins/Runtime/AudioCapture/AudioCapture.uplugin" 353
"../../../Engine/Plugins/Online/EOSOverlayInputProvider/EOSOverlayInputProvider.uplugin" 354
"../../../Engine/Plugins/Runtime/AudioSynesthesia/AudioSynesthesia.uplugin" 355
"../../../Engine/Plugins/Media/MediaFrameworkUtilities/MediaFrameworkUtilities.uplugin" 356
"../../../Engine/Plugins/Runtime/CableComponent/CableComponent.uplugin" 357
"../../../Engine/Plugins/Runtime/AndroidFileServer/AndroidFileServer.uplugin" 358
"../../../Engine/Plugins/Runtime/GeometryScripting/GeometryScripting.uplugin" 359
"../../../Engine/Plugins/Online/OnlineSubsystemApple/OnlineSubsystemApple.uplugin" 360
"../../../Engine/Plugins/Media/VPxDecoderElectra/VPxDecoderElectra.uplugin" 361
"../../../Engine/Plugins/Media/MediaPlate/MediaPlate.uplugin" 362
"../../../Engine/Plugins/Runtime/GameInput/GameInput.uplugin" 363
"../../../Engine/Plugins/Runtime/ArchVisCharacter/ArchVisCharacter.uplugin" 364
"../../../Engine/Plugins/Online/OnlineServicesEOS/OnlineServicesEOS.uplugin" 365
"../../../Engine/Plugins/Online/SocketSubsystemEOS/SocketSubsystemEOS.uplugin" 366
"../../../Engine/Plugins/Runtime/GameplayAbilities/GameplayAbilities.uplugin" 367
"../../../Engine/Plugins/Runtime/GameplayInteractions/GameplayInteractions.uplugin" 368
"../../../Engine/Plugins/Runtime/GameplayBehaviorSmartObjects/GameplayBehaviorSmartObjects.uplugin" 369
"../../../Engine/Plugins/Media/HardwareEncoders/HardwareEncoders.uplugin" 370
"../../../Engine/Plugins/Runtime/IOSReplayKit/IOSReplayKit.uplugin" 371
"../../../Engine/Plugins/Runtime/GeometryProcessing/GeometryProcessing.uplugin" 372
"../../../Engine/Plugins/Experimental/VirtualHeightfieldMesh/VirtualHeightfieldMesh.uplugin" 373
"../../../Engine/Plugins/Runtime/GeoReferencing/GeoReferencing.uplugin" 374
"../../../Engine/Plugins/Runtime/GoogleCloudMessaging/GoogleCloudMessaging.uplugin" 375
"../../../Engine/Plugins/Runtime/GooglePAD/GooglePAD.uplugin" 376
"../../../Engine/Plugins/Runtime/HairStrands/HairStrands.uplugin" 377
"../../../Engine/Plugins/Runtime/Firebase/Firebase.uplugin" 378
"../../../Engine/Plugins/Runtime/Harmonix/Harmonix.uplugin" 379
"../../../Engine/Plugins/Runtime/GameFeatures/GameFeatures.uplugin" 380
"../../../Engine/Plugins/Online/OnlineSubsystemSteam/OnlineSubsystemSteam.uplugin" 381
"../../../Engine/Plugins/Runtime/AudioModulation/AudioModulation.uplugin" 382
"../../../Engine/Plugins/Runtime/AudioMotorSim/AudioMotorSim.uplugin" 383
"../../../Engine/Plugins/Runtime/GameplayStateTree/GameplayStateTree.uplugin" 384
"../../../Engine/Plugins/Runtime/AudioWidgets/AudioWidgets.uplugin" 385
"../../../Engine/Plugins/Media/NDIMedia/NDIMedia.uplugin" 386
"../../../Engine/Plugins/Runtime/ChunkDownloader/ChunkDownloader.uplugin" 387
"../../../Engine/Plugins/Runtime/LinuxDeviceProfileSelector/LinuxDeviceProfileSelector.uplugin" 388
"../../../Engine/Plugins/Runtime/LocationServicesAndroidImpl/LocationServicesAndroidImpl.uplugin" 389
"../../../Engine/Plugins/Runtime/LocationServicesIOSImpl/LocationServicesIOSImpl.uplugin" 390
"../../../Engine/Plugins/Runtime/MassEntity/MassEntity.uplugin" 391
"../../../Engine/Plugins/Runtime/MeshModelingToolset/MeshModelingToolset.uplugin" 392
"../../../Engine/Plugins/Runtime/MassGameplay/MassGameplay.uplugin" 393
"../../../Engine/Plugins/Runtime/HPMotionController/HPMotionController.uplugin" 394
"../../../Engine/Plugins/Runtime/HTTPChunkInstaller/HTTPChunkInstaller.uplugin" 395
"../../../Engine/Plugins/Runtime/InputDebugging/InputDebugging.uplugin" 396
"../../../Engine/Plugins/Runtime/MixedRealityCaptureFramework/MixedRealityCaptureFramework.uplugin" 397
"../../../Engine/Plugins/Runtime/LevelStreamingPersistence/LevelStreamingPersistence.uplugin" 398
"../../../Engine/Plugins/Runtime/MobilePatchingUtils/MobilePatchingUtils.uplugin" 399
"../../../Engine/Plugins/Runtime/ModelViewViewModel/ModelViewViewModel.uplugin" 400
"../../../Engine/Plugins/Runtime/MsQuic/MsQuic.uplugin" 401
"../../../Engine/Plugins/Runtime/MultiServerReplication/MultiServerReplication.uplugin" 402
"../../../Engine/Plugins/Runtime/CustomMeshComponent/CustomMeshComponent.uplugin" 403
"../../../Engine/Plugins/Runtime/ComputeFramework/ComputeFramework.uplugin" 404
"../../../Engine/Plugins/Runtime/AppleImageUtils/AppleImageUtils.uplugin" 405
"../../../Engine/Plugins/Runtime/NavCorridor/NavCorridor.uplugin" 406
"../../../Engine/Plugins/Runtime/nDisplay/nDisplay.uplugin" 407
"../../../Engine/Plugins/Runtime/HDRIBackdrop/HDRIBackdrop.uplugin" 408
"../../../Engine/Plugins/Runtime/NetworkPrediction/NetworkPrediction.uplugin" 409
"../../../Engine/Plugins/Runtime/MIDIDevice/MIDIDevice.uplugin" 410
"../../../Engine/Plugins/Runtime/MicrosoftSpatialAudio/MicroSoftSpatialSound.uplugin" 411
"../../../Engine/Plugins/Runtime/IOSDeviceProfileSelector/IOSDeviceProfileSelector.uplugin" 412
"../../../Engine/Plugins/Runtime/OpenCV/OpenCV.uplugin" 413
"../../../Engine/Plugins/Runtime/OpenXR/OpenXR.uplugin" 414
"../../../Engine/Plugins/Runtime/OpenXRMsftHandInteraction/OpenXRMsftHandInteraction.uplugin" 415
"../../../Engine/Plugins/Runtime/OpenXRViveTracker/OpenXRViveTracker.uplugin" 416
"../../../Engine/Plugins/Runtime/OpenXRHandTracking/OpenXRHandTracking.uplugin" 417
"../../../Engine/Plugins/Runtime/LiveLinkOvernDisplay/LiveLinkOverNDisplay.uplugin" 418
"../../../Engine/Plugins/Runtime/DataRegistry/DataRegistry.uplugin" 419
"../../../Engine/Plugins/Runtime/OSC/OSC.uplugin" 420
"../../../Engine/Plugins/Runtime/OpenXREyeTracker/OpenXREyeTracker.uplugin" 421
"../../../Engine/Plugins/Runtime/Metasound/Metasound.uplugin" 422
"../../../Engine/Plugins/Runtime/PropertyAccess/PropertyAccessEditor.uplugin" 423
"../../../Engine/Plugins/Runtime/PropertyBindingUtils/PropertyBindingUtils.uplugin" 424
"../../../Engine/Plugins/Runtime/ReplicationGraph/ReplicationGraph.uplugin" 425
"../../../Engine/Plugins/Runtime/ProceduralMeshComponent/ProceduralMeshComponent.uplugin" 426
"../../../Engine/Plugins/Runtime/NetworkPredictionExtras/NetworkPredictionExtras.uplugin" 427
"../../../Engine/Plugins/Runtime/NetworkPredictionInsights/NetworkPredictionInsights.uplugin" 428
"../../../Engine/Plugins/Runtime/RigVM/RigVM.uplugin" 429
"../../../Engine/Plugins/Runtime/InstancedActors/InstancedActors.uplugin" 430
"../../../Engine/Plugins/Runtime/ModularGameplay/ModularGameplay.uplugin" 431
"../../../Engine/Plugins/Runtime/CommonUI/CommonUI.uplugin" 432
"../../../Engine/Plugins/Runtime/ScriptableToolsFramework/ScriptableToolsFramework.uplugin" 433
"../../../Engine/Plugins/VirtualProduction/CameraCalibrationCore/CameraCalibrationCore.uplugin" 434
"../../../Engine/Plugins/Runtime/MusicEnvironment/MusicEnvironment.uplugin" 435
"../../../Engine/Plugins/VirtualProduction/CameraCalibrationML/CameraCalibrationML.uplugin" 436
"../../../Engine/Plugins/Runtime/StateTree/StateTree.uplugin" 437
"../../../Engine/Plugins/VirtualProduction/ClonerEffector/ClonerEffector.uplugin" 438
"../../../Engine/Plugins/VirtualProduction/CompositePlane/CompositePlane.uplugin" 439
"../../../Engine/Plugins/VirtualProduction/CustomDetailsView/CustomDetailsView.uplugin" 440
"../../../Engine/Plugins/VirtualProduction/DataCharts/DataCharts.uplugin" 441
"../../../Engine/Plugins/Runtime/MobileFSR/MobileFSR.uplugin" 442
"../../../Engine/Plugins/Runtime/SmartObjects/SmartObjects.uplugin" 443
"../../../Engine/Plugins/Runtime/SoundCueTemplates/SoundCueTemplates.uplugin" 444
"../../../Engine/Plugins/Runtime/SoundFields/SoundFields.uplugin" 445
"../../../Engine/Plugins/Runtime/SoundMod/SoundMod.uplugin" 446
"../../../Engine/Plugins/Runtime/Soundscape/Soundscape.uplugin" 447
"../../../Engine/Plugins/Runtime/SignificanceManager/SignificanceManager.uplugin" 448
"../../../Engine/Plugins/VirtualProduction/CameraCalibration/CameraCalibration.uplugin" 449
"../../../Engine/Plugins/Runtime/PreLoadScreenMoviePlayer/PreLoadScreenMoviePlayer.uplugin" 450
"../../../Engine/Plugins/VirtualProduction/CinematicAssemblyTools/CinematicAssemblyTools.uplugin" 451
"../../../Engine/Plugins/Runtime/AppleMoviePlayer/AppleMoviePlayer.uplugin" 452
"../../../Engine/Plugins/Runtime/nDisplayModularFeatures/nDisplayModularFeatures.uplugin" 453
"../../../Engine/Plugins/Runtime/LocationServicesBPLibrary/LocationServicesBPLibrary.uplugin" 454
"../../../Engine/Plugins/VirtualProduction/ICVFX/ICVFX.uplugin" 455
"../../../Engine/Plugins/Runtime/USDCore/USDCore.uplugin" 456
"../../../Engine/Plugins/VirtualProduction/LensComponent/LensComponent.uplugin" 457
"../../../Engine/Plugins/VirtualProduction/DynamicMaterial/DynamicMaterial.uplugin" 458
"../../../Engine/Plugins/Runtime/WorldConditions/WorldConditions.uplugin" 459
"../../../Engine/Plugins/Runtime/XRBase/XRBase.uplugin" 460
"../../../Engine/Plugins/Runtime/WindowsMoviePlayer/WindowsMoviePlayer.uplugin" 461
"../../../Engine/Plugins/Runtime/WindowsDeviceProfileSelector/WindowsDeviceProfileSelector.uplugin" 462
"../../../Engine/Plugins/Runtime/SkeletalMerging/SkeletalMerging.uplugin" 463
"../../../Engine/Plugins/Runtime/WebBrowserNativeProxy/WebBrowserNativeProxy.uplugin" 464
"../../../Engine/Plugins/Runtime/Spatialization/Spatialization.uplugin" 465
"../../../Engine/Plugins/VirtualProduction/GeometryMask/GeometryMask.uplugin" 466
"../../../Engine/Plugins/VirtualProduction/EpicStageApp/EpicStageApp.uplugin" 467
"../../../Engine/Plugins/Runtime/SunPosition/SunPosition.uplugin" 468
"../../../Engine/Plugins/Runtime/RenderTrace/RenderTrace.uplugin" 469
"../../../Engine/Plugins/Runtime/WarpUtils/WarpUtils.uplugin" 470
"../../../Engine/Plugins/Runtime/WebBrowserWidget/WebBrowserWidget.uplugin" 471
"../../../Engine/Plugins/VirtualProduction/ActorModifier/ActorModifier.uplugin" 472
"../../../Engine/Plugins/VirtualProduction/LiveLinkCamera/LiveLinkCamera.uplugin" 473
"../../../Engine/Plugins/VirtualProduction/ActorModifierCore/ActorModifierCore.uplugin" 474
"../../../Engine/Plugins/VirtualProduction/LiveLinkFreeD/LiveLinkFreeD.uplugin" 475
"../../../Engine/Plugins/2D/Paper2D/Paper2D.uplugin" 476
"../../../Engine/Plugins/AI/AISupport/AISupport.uplugin" 477
"../../../Engine/Plugins/AI/EnvironmentQueryEditor/EnvironmentQueryEditor.uplugin" 478
"../../../Engine/Plugins/AI/HTNPlanner/HTNPlanner.uplugin" 479
"../../../Engine/Plugins/VirtualProduction/LiveLinkLens/LiveLinkLens.uplugin" 480
"../../../Engine/Plugins/AI/MassAI/MassAI.uplugin" 481
"../../../Engine/Plugins/Runtime/Synthesis/Synthesis.uplugin" 482
"../../../Engine/Plugins/AI/MLAdapter/MLAdapter.uplugin" 483
"../../../Engine/Plugins/Runtime/ResonanceAudio/ResonanceAudio.uplugin" 484
"../../../Engine/Plugins/VirtualProduction/LevelSnapshots/LevelSnapshots.uplugin" 485
"../../../Engine/Plugins/Runtime/GeometryCache/GeometryCache.uplugin" 486
"../../../Engine/Plugins/Animation/ACLPlugin/ACLPlugin.uplugin" 487
"../../../Engine/Plugins/VirtualProduction/MultiUserTakes/MultiUserTakes.uplugin" 488
"../../../Engine/Plugins/VirtualProduction/PerformanceCaptureWorkflow/PerformanceCaptureWorkflow.uplugin" 489
"../../../Engine/Plugins/VirtualProduction/LiveLinkVRPN/LiveLinkVRPN.uplugin" 490
"../../../Engine/Plugins/VirtualProduction/PropertyAnimator/PropertyAnimator.uplugin" 491
"../../../Engine/Plugins/VirtualProduction/OperatorStack/OperatorStack.uplugin" 492
"../../../Engine/Plugins/Animation/AnimationLocomotionLibrary/AnimationLocomotionLibrary.uplugin" 493
"../../../Engine/Plugins/VirtualProduction/CaptureData/CaptureData.uplugin" 494
"../../../Engine/Plugins/Runtime/WebMMoviePlayer/WebMMoviePlayer.uplugin" 495
"../../../Engine/Plugins/VirtualProduction/RemoteControl/RemoteControl.uplugin" 496
"../../../Engine/Plugins/AI/MassCrowd/MassCrowd.uplugin" 497
"../../../Engine/Plugins/Runtime/ReplicationSystemTestPlugin/ReplicationSystemTestPlugin.uplugin" 498
"../../../Engine/Plugins/VirtualProduction/VirtualScouting/VirtualScouting.uplugin" 499
"../../../Engine/Plugins/VirtualProduction/RemoteControlProtocolDMX/RemoteControlProtocolDMX.uplugin" 500
"../../../Engine/Plugins/VirtualProduction/StageMonitoring/StageMonitoring.uplugin" 501
"../../../Engine/Plugins/VirtualProduction/LiveLinkInputDevice/LiveLinkInputDevice.uplugin" 502
"../../../Engine/Plugins/VirtualProduction/RemoteControlWebInterface/RemoteControlWebInterface.uplugin" 503
"../../../Engine/Plugins/Runtime/OptionalMobileFeaturesBPLibrary/OptionalMobileFeaturesBPLibrary.uplugin" 504
"../../../Engine/Plugins/VirtualProduction/RemoteControlProtocolOSC/RemoteControlProtocolOSC.uplugin" 505
"../../../Engine/Plugins/VirtualProduction/StormSync/StormSync.uplugin" 506
"../../../Engine/Plugins/VirtualProduction/Switchboard/Switchboard.uplugin" 507
"../../../Engine/Plugins/VirtualProduction/TextureShare/TextureShare.uplugin" 508
"../../../Engine/Plugins/VirtualProduction/Takes/Takes.uplugin" 509
"../../../Engine/Plugins/VirtualProduction/TimedDataMonitor/TimedDataMonitor.uplugin" 510
"../../../Engine/Plugins/VirtualProduction/StormSyncAvalancheBridge/StormSyncAvalancheBridge.uplugin" 511
"../../../Engine/Plugins/VirtualProduction/RemoteControlProtocolMIDI/RemoteControlProtocolMIDI.uplugin" 512
"../../../Engine/Plugins/VirtualProduction/LiveLinkXR/LiveLinkXR.uplugin" 513
"../../../Engine/Plugins/VirtualProduction/LiveLinkMasterLockit/LiveLinkMasterLockit.uplugin" 514
"../../../Engine/Plugins/Editor/CryptoKeys/CryptoKeys.uplugin" 515
"../../../Engine/Plugins/VirtualProduction/PropertyAnimatorCore/PropertyAnimatorCore.uplugin" 516
"../../../Engine/Plugins/VirtualProduction/LiveLinkPrestonMDR/LiveLinkPrestonMDR.uplugin" 517
"../../../Engine/Plugins/VirtualProduction/SequencerPlaylists/SequencerPlaylists.uplugin" 518
"../../../Engine/Plugins/VirtualProduction/Avalanche/Avalanche.uplugin" 519
"../../../Engine/Plugins/Cameras/EngineCameras/EngineCameras.uplugin" 520
"../../../Engine/Plugins/Editor/AssetReferenceRestrictions/AssetReferenceRestrictions.uplugin" 521
"../../../Engine/Plugins/Runtime/ZoneGraphAnnotations/ZoneGraphAnnotations.uplugin" 522
"../../../Engine/Plugins/Editor/AssetSearch/AssetSearch.uplugin" 523
"../../../Engine/Plugins/Editor/BlueprintHeaderView/BlueprintHeaderView.uplugin" 524
"../../../Engine/Plugins/Editor/BlueprintMaterialTextureNodes/BlueprintMaterialTextureNodes.uplugin" 525
"../../../Engine/Plugins/Editor/ColorGrading/ColorGrading.uplugin" 526
"../../../Engine/Plugins/Editor/FacialAnimation/FacialAnimation.uplugin" 527
"../../../Engine/Plugins/Editor/ConsoleVariablesEditor/ConsoleVariables.uplugin" 528
"../../../Engine/Plugins/Compression/OodleNetwork/OodleNetwork.uplugin" 529
"../../../Engine/Plugins/Animation/AnimationWarping/AnimationWarping.uplugin" 530
"../../../Engine/Plugins/VirtualProduction/LiveLinkOpenTrackIO/LiveLinkOpenTrackIO.uplugin" 531
"../../../Engine/Plugins/Animation/LiveLinkCurveDebugUI/LiveLinkCurveDebugUI.uplugin" 532
"../../../Engine/Plugins/Cameras/CameraShakePreviewer/CameraShakePreviewer.uplugin" 533
"../../../Engine/Plugins/Editor/DataValidation/DataValidation.uplugin" 534
"../../../Engine/Plugins/Runtime/ZoneGraph/ZoneGraph.uplugin" 535
"../../../Engine/Plugins/Runtime/SoundUtilities/SoundUtilities.uplugin" 536
"../../../Engine/Plugins/Editor/AssetRegistryExport/AssetRegistryExport.uplugin" 537
"../../../Engine/Plugins/Animation/AnimationData/AnimationData.uplugin" 538
"../../../Engine/Plugins/Editor/EditorScriptingUtilities/EditorScriptingUtilities.uplugin" 539
"../../../Engine/Plugins/Editor/EditorSysConfigAssistant/EditorSysConfigAssistant.uplugin" 540
"../../../Engine/Plugins/Editor/ChangelistReview/ChangelistReview.uplugin" 541
"../../../Engine/Plugins/Animation/ControlRig/ControlRig.uplugin" 542
"../../../Engine/Plugins/Editor/GameplayTagsEditor/GameplayTagsEditor.uplugin" 543
"../../../Engine/Plugins/Editor/AssetManagerEditor/AssetManagerEditor.uplugin" 544
"../../../Engine/Plugins/Animation/DNACalib/DNACalib.uplugin" 545
"../../../Engine/Plugins/Animation/AnimatorKit/AnimatorKit.uplugin" 546
"../../../Engine/Plugins/Editor/CurveEditorTools/CurveEditorTools.uplugin" 547
"../../../Engine/Plugins/Editor/DisplayClusterLaunch/DisplayClusterLaunch.uplugin" 548
"../../../Engine/Plugins/Cameras/GameplayCameras/GameplayCameras.uplugin" 549
"../../../Engine/Plugins/Animation/LiveLinkDevice/LiveLinkDevice.uplugin" 550
"../../../Engine/Plugins/Animation/MotionWarping/MotionWarping.uplugin" 551
"../../../Engine/Plugins/Animation/BlendSpaceMotionAnalysis/BlendSpaceMotionAnalysis.uplugin" 552
"../../../Engine/Plugins/Animation/BlendStack/BlendStack.uplugin" 553
"../../../Engine/Plugins/Runtime/WaveTable/WaveTable.uplugin" 554
"../../../Engine/Plugins/VirtualProduction/RemoteControlInterception/RemoteControlInterception.uplugin" 555
"../../../Engine/Plugins/Animation/PerformanceCaptureCore/PerformanceCaptureCore.uplugin" 556
"../../../Engine/Plugins/Animation/LiveLink/LiveLink.uplugin" 557
"../../../Engine/Plugins/Animation/LiveLinkExampleDevice/LiveLinkExampleDevice.uplugin" 558
"../../../Engine/Plugins/Animation/PoseSearch/PoseSearch.uplugin" 559
"../../../Engine/Plugins/Animation/TweeningUtils/TweeningUtils.uplugin" 560
"../../../Engine/Plugins/Animation/RigLogic/RigLogic.uplugin" 561
"../../../Engine/Plugins/Animation/SkeletalMeshModelingTools/SkeletalMeshModelingTools.uplugin" 562
"../../../Engine/Plugins/Animation/GeneSplicer/GeneSplicer.uplugin" 563
"../../../Engine/Plugins/Enterprise/DataprepEditor/DataprepEditor.uplugin" 564
"../../../Engine/Plugins/Editor/LiveUpdateForSlate/LiveUpdateForSlate.uplugin" 565
"../../../Engine/Plugins/MovieScene/MoviePipelineMaskRenderPass/MoviePipelineMaskRenderPass.uplugin" 566
"../../../Engine/Plugins/Editor/GeometryMode/GeometryMode.uplugin" 567
"../../../Engine/Plugins/Animation/LiveLinkHub/LiveLinkHub.uplugin" 568
"../../../Engine/Plugins/Enterprise/DatasmithImporter/DatasmithImporter.uplugin" 569
"../../../Engine/Plugins/Enterprise/GLTFExporter/GLTFExporter.uplugin" 570
"../../../Engine/Plugins/Enterprise/LidarPointCloud/LidarPointCloud.uplugin" 571
"../../../Engine/Plugins/Editor/GuidedTutorials/GuidedTutorials.uplugin" 572
"../../../Engine/Plugins/VirtualProduction/ICVFXTesting/ICVFXTesting.uplugin" 573
"../../../Engine/Plugins/Enterprise/VariantManager/VariantManager.uplugin" 574
"../../../Engine/Plugins/Editor/EngineAssetDefinitions/EngineAssetDefinitions.uplugin" 575
"../../../Engine/Plugins/MovieScene/CustomizableSequencerTracks/CustomizableSequencerTracks.uplugin" 576
"../../../Engine/Plugins/Slate/SlateScripting/SlateScripting.uplugin" 577
"../../../Engine/Plugins/Slate/SlateInsights/SlateInsights.uplugin" 578
"../../../Engine/Plugins/MovieScene/LevelSequenceEditor/LevelSequenceEditor.uplugin" 579
"../../../Engine/Plugins/Enterprise/DatasmithC4DImporter/DatasmithC4DImporter.uplugin" 580
"../../../Engine/Plugins/Enterprise/DatasmithCADImporter/DatasmithCADImporter.uplugin" 581
"../../../Engine/Plugins/Performance/PerformanceMonitor/PerformanceMonitor.uplugin" 582
"../../../Engine/Plugins/Enterprise/DatasmithContent/DatasmithContent.uplugin" 583
"../../../Engine/Plugins/MovieScene/SequencerScripting/SequencerScripting.uplugin" 584
"../../../Engine/Plugins/VirtualProduction/VirtualCamera/VirtualCamera.uplugin" 585
"../../../Engine/Plugins/Editor/MaterialAnalyzer/MaterialAnalyzer.uplugin" 586
"../../../Engine/Plugins/FX/Niagara/Niagara.uplugin" 587
"../../../Engine/Plugins/MovieScene/ActorSequence/ActorSequence.uplugin" 588
"../../../Engine/Plugins/FX/Cascade/Cascade.uplugin" 589
"../../../Engine/Plugins/Editor/ProxyLODPlugin/ProxyLODPlugin.uplugin" 590
"../../../Engine/Plugins/Animation/ControlRigSpline/ControlRigSpline.uplugin" 591
"../../../Engine/Plugins/Animation/ControlRigModules/ControlRigModules.uplugin" 592
"../../../Engine/Plugins/MovieScene/MovieRenderPipeline/MovieRenderPipeline.uplugin" 593
"../../../Engine/Plugins/Editor/UMGWidgetPreview/UMGWidgetPreview.uplugin" 594
"../../../Engine/Plugins/MovieScene/ReplayTracks/ReplayTracks.uplugin" 595
"../../../Engine/Plugins/Editor/MakeCookedEditorAsDLC/MakeCookedEditorAsDLC.uplugin" 596
"../../../Engine/Plugins/Editor/MobileLauncherProfileWizard/MobileLauncherProfileWizard.uplugin" 597
"../../../Engine/Plugins/MovieScene/TemplateSequence/TemplateSequence.uplugin" 598
"../../../Engine/Plugins/VirtualProduction/VirtualCameraCore/VirtualCameraCore.uplugin" 599
"../../../Engine/Plugins/Enterprise/MDLImporter/MDLImporter.uplugin" 600
"../../../Engine/Plugins/Animation/DeformerGraph/DeformerGraph.uplugin" 601
"../../../Engine/Plugins/Editor/ModelingToolsEditorMode/ModelingToolsEditorMode.uplugin" 602
"../../../Engine/Plugins/Enterprise/VariantManagerContent/VariantManagerContent.uplugin" 603
"../../../Engine/Plugins/FX/NiagaraSimCaching/NiagaraSimCaching.uplugin" 604
"../../../Engine/Plugins/Editor/ModelViewViewModelPreview/ModelViewViewModelPreview.uplugin" 605
"../../../Engine/Plugins/Enterprise/AxFImporter/AxFImporter.uplugin" 606
"../../../Engine/Plugins/Editor/EditorDebugTools/EditorDebugTools.uplugin" 607
"../../../Engine/Plugins/Editor/SequencerAnimTools/SequencerAnimTools.uplugin" 608
"../../../Engine/Plugins/Editor/PluginBrowser/PluginBrowser.uplugin" 609
"../../../Engine/Plugins/Editor/SpeedTreeImporter/SpeedTreeImporter.uplugin" 610
"../../../Engine/Plugins/Editor/MacGraphicsSwitching/MacGraphicsSwitching.uplugin" 611
"../../../Engine/Plugins/Editor/UVEditor/UVEditor.uplugin" 612
"../../../Engine/Plugins/Animation/GameplayInsights/GameplayInsights.uplugin" 613
"../../../Engine/Plugins/FX/CascadeToNiagaraConverter/CascadeToNiagaraConverter.uplugin" 614
"../../../Engine/Plugins/Editor/WaveformEditor/WaveformEditor.uplugin" 615
"../../../Engine/Plugins/FX/ExampleCustomDataInterface/ExampleCustomDataInterface.uplugin" 616
"../../../Engine/Plugins/Editor/ScriptableToolsEditorMode/ScriptableToolsEditorMode.uplugin" 617
"../../../Engine/Plugins/FX/NiagaraMRQ/NiagaraMRQ.uplugin" 618
"../../../Engine/Plugins/Runtime/Analytics/Adjust/Adjust.uplugin" 619
"../../../Engine/Plugins/Runtime/Analytics/FileLogging/FileLogging.uplugin" 620
"../../../Engine/Plugins/Animation/AnimationModifierLibrary/AnimationModifierLibrary.uplugin" 621
"../../../Engine/Plugins/Animation/IKRig/IKRig.uplugin" 622
"../../../Engine/Plugins/Performance/AutomatedPerfTesting/AutomatedPerfTesting.uplugin" 623
"../../../Engine/Plugins/FX/NiagaraFluids/NiagaraFluids.uplugin" 624
"../../../Engine/Plugins/VirtualProduction/Rivermax/RivermaxSync/RivermaxSync.uplugin" 625
"../../../Engine/Plugins/VirtualProduction/Rivermax/RivermaxCore/RivermaxCore.uplugin" 626
"../../../Engine/Plugins/Enterprise/DatasmithFBXImporter/DatasmithFBXImporter.uplugin" 627
"../../../Engine/Plugins/VirtualProduction/Rivermax/RivermaxMedia/RivermaxMedia.uplugin" 628
"../../../Engine/Plugins/Developer/Concert/ConcertMain/ConcertMain.uplugin" 629
"../../../Engine/Plugins/Editor/MeshLODToolset/MeshLODToolset.uplugin" 630
"../../../Engine/Plugins/Runtime/PacketHandlers/AESHandlerComponent/AESHandlerComponent.uplugin" 631
"../../../Engine/Plugins/Editor/SampleToolsEditorMode/SampleToolsEditorMode.uplugin" 632
"../../../Engine/Plugins/Runtime/PacketHandlers/DTLSHandlerComponent/DTLSHandlerComponent.uplugin" 633
"../../../Engine/Plugins/Editor/StylusInput/StylusInput.uplugin" 634
"../../../Engine/Plugins/Experimental/Compositing/CompositeCore/CompositeCore.uplugin" 635
"../../../Engine/Plugins/Experimental/Compositing/HoldoutComposite/HoldoutComposite.uplugin" 636
"../../../Engine/Plugins/Animation/MLDeformer/ChaosClothGenerator/ChaosClothGenerator.uplugin" 637
"../../../Engine/Plugins/Editor/ObjectMixer/ObjectMixer/ObjectMixer.uplugin" 638
"../../../Engine/Plugins/Editor/ContentBrowser/ContentBrowserFileDataSource/ContentBrowserFileDataSource.uplugin" 639
"../../../Engine/Plugins/Experimental/AVCodecs/AVCodecsCore/AVCodecsCore.uplugin" 640
"../../../Engine/Plugins/Editor/ContentBrowser/ContentBrowserAliasDataSource/ContentBrowserAliasDataSource.uplugin" 641
"../../../Engine/Plugins/Editor/StaticMeshEditorModeling/StaticMeshEditorModeling.uplugin" 642
"../../../Engine/Plugins/Experimental/AVCodecs/AMFCodecs/AMFCodecs.uplugin" 643
"../../../Engine/Plugins/Experimental/AVCodecs/LibVpxCodecs/LibVpxCodecs.uplugin" 644
"../../../Engine/Plugins/Experimental/AVCodecs/NVCodecs/NVCodecs.uplugin" 645
"../../../Engine/Plugins/Runtime/PacketHandlers/AESGCMHandlerComponent/AESGCMHandlerComponent.uplugin" 646
"../../../Engine/Plugins/Experimental/AVCodecs/VTCodecs/VTCodecs.uplugin" 647
"../../../Engine/Plugins/Runtime/AR/ARUtilities/ARUtilities.uplugin" 648
"../../../Engine/Plugins/Editor/Localization/PortableObjectFileDataSource/PortableObjectFileDataSource.uplugin" 649
"../../../Engine/Plugins/Experimental/AVCodecs/WMFCodecs/WMFCodecs.uplugin" 650
"../../../Engine/Plugins/Editor/ObjectMixer/LightMixer/LightMixer.uplugin" 651
"../../../Engine/Plugins/Runtime/Analytics/AnalyticsMulticast/AnalyticsMulticast.uplugin" 652
"../../../Engine/Plugins/Animation/MLDeformer/ChaosFleshGenerator/ChaosFleshGenerator.uplugin" 653
"../../../Engine/Plugins/Experimental/CharacterFXEditor/BaseCharacterFXEditor/BaseCharacterFXEditor.uplugin" 654
"../../../Engine/Plugins/Runtime/Advertising/IOSTapJoy/IOSTapJoy.uplugin" 655
"../../../Engine/Plugins/Runtime/Steam/SteamAudio/SteamAudio.uplugin" 656
"../../../Engine/Plugins/Editor/ContentBrowser/ContentBrowserClassDataSource/ContentBrowserClassDataSource.uplugin" 657
"../../../Engine/Plugins/Experimental/CharacterFXEditor/ExampleCharacterFXEditor/ExampleCharacterFXEditor.uplugin" 658
"../../../Engine/Plugins/Experimental/VirtualProduction/VPSettings/VPSettings.uplugin" 659
"../../../Engine/Plugins/Online/Android/OnlineSubsystemGooglePlay/OnlineSubsystemGooglePlay.uplugin" 660
"../../../Engine/Plugins/Animation/MLDeformer/MLDeformerFramework/MLDeformerFramework.uplugin" 661
"../../../Engine/Plugins/Runtime/Steam/SteamSockets/SteamSockets.uplugin" 662
"../../../Engine/Plugins/Runtime/Steam/SteamController/SteamController.uplugin" 663
"../../../Engine/Plugins/Runtime/Analytics/AnalyticsBlueprintLibrary/AnalyticsBlueprintLibrary.uplugin" 664
"../../../Engine/Plugins/Online/Android/AndroidFetchBackgroundDownload/AndroidFetchBackgroundDownload.uplugin" 665
"../../../Engine/Plugins/Experimental/Enterprise/DataprepGeometryOperations/DataprepGeometryOperations.uplugin" 666
"../../../Engine/Plugins/Runtime/Steam/SteamShared/SteamShared.uplugin" 667
"../../../Engine/Plugins/Runtime/Windows/WinDualShock/WinDualShock.uplugin" 668
"../../../Engine/Plugins/Runtime/Windows/XInputDevice/XInputDevice.uplugin" 669
"../../../Engine/Plugins/Runtime/Nvidia/Reflex/Reflex.uplugin" 670
"../../../Engine/Plugins/Runtime/Database/RemoteDatabaseSupport/RemoteDatabaseSupport.uplugin" 671
"../../../Engine/Plugins/Runtime/Nvidia/GeForceNOWWrapper/GeForceNOWWrapper.uplugin" 672
"../../../Engine/Plugins/Editor/WorldPartitionHLODUtilities/WorldPartitionHLODUtilities.uplugin" 673
"../../../Engine/Plugins/Runtime/Database/SQLiteSupport/SQLiteSupport.uplugin" 674
"../../../Engine/Plugins/Experimental/Animation/CurveExpression/CurveExpression.uplugin" 675
"../../../Engine/Plugins/Online/VoiceChat/VoiceChat/VoiceChat.uplugin" 676
"../../../Engine/Plugins/Experimental/Enterprise/DatasmithInterchange/DatasmithInterchange.uplugin" 677
"../../../Engine/Plugins/Experimental/Animation/HierarchyTable/HierarchyTable.uplugin" 678
"../../../Engine/Plugins/Animation/MLDeformer/NeuralMorphModel/NeuralMorphModel.uplugin" 679
"../../../Engine/Plugins/Experimental/PCGInterops/PCGInstancedActorsInterop/PCGInstancedActorsInterop.uplugin" 680
"../../../Engine/Plugins/Animation/MLDeformer/VertexDeltaModel/VertexDeltaModel.uplugin" 681
"../../../Engine/Plugins/Interchange/Extensions/OpenVDB/InterchangeOpenVDB.uplugin" 682
"../../../Engine/Plugins/Experimental/Animation/ContextualAnimation/ContextualAnimation.uplugin" 683
"../../../Engine/Plugins/Web/HttpBlueprint/HttpBlueprint.uplugin" 684
"../../../Engine/Plugins/Online/VoiceChat/EOSVoiceChat/EOSVoiceChat.uplugin" 685
"../../../Engine/Plugins/Experimental/PCGInterops/PCGWaterInterop/PCGWaterInterop.uplugin" 686
"../../../Engine/Plugins/Experimental/Animation/TrajectoryTools/TrajectoryTools.uplugin" 687
"../../../Engine/Plugins/Animation/MLDeformer/NearestNeighborModel/NearestNeighborModel.uplugin" 688
"../../../Engine/Plugins/VirtualProduction/DMX/DatasmithMVR/DatasmithMVR.uplugin" 689
"../../../Engine/Plugins/VirtualProduction/DMX/DMXControlConsole/DMXControlConsole.uplugin" 690
"../../../Engine/Plugins/VirtualProduction/CaptureManager/CaptureManagerCore/CaptureManagerCore.uplugin" 691
"../../../Engine/Plugins/Experimental/MetaHuman/MetaHumanRuntime/MetaHumanRuntime.uplugin" 692
"../../../Engine/Plugins/Runtime/XR/XRScribe/XRScribe.uplugin" 693
"../../../Engine/Plugins/VirtualProduction/CaptureManager/CaptureManagerDevices/CaptureManagerDevices.uplugin" 694
"../../../Engine/Plugins/Experimental/Animation/Locomotor/Locomotor.uplugin" 695
"../../../Engine/Plugins/Experimental/Animation/Optimus/Optimus.uplugin" 696
"../../../Engine/Plugins/Developer/Concert/ConcertUI/ConcertClientSharedSlate/ConcertClientSharedSlate.uplugin" 697
"../../../Engine/Plugins/Experimental/Animation/MotionTrajectory/MotionTrajectory.uplugin" 698
"../../../Engine/Plugins/Experimental/Web/WebAPI/WebAPI.uplugin" 699
"../../../Engine/Plugins/Experimental/Animation/SkeletalMeshMorphTargetEditingTools/SkeletalMeshMorphTargetEditingTools.uplugin" 700
"../../../Engine/Plugins/Experimental/VirtualProduction/LedWallCalibration/LedWallCalibration.uplugin" 701
"../../../Engine/Plugins/VirtualProduction/DMX/DMXEngine/DMXEngine.uplugin" 702
"../../../Engine/Plugins/Experimental/Enterprise/DatasmithRuntime/DatasmithRuntime.uplugin" 703
"../../../Engine/Plugins/Developer/Concert/ConcertApp/MultiUserServer/MultiUserServer.uplugin" 704
"../../../Engine/Plugins/VirtualProduction/DMX/DMXFixtures/DMXFixtures.uplugin" 705
"../../../Engine/Plugins/VirtualProduction/DMX/DMXGDTF/DMXGDTF.uplugin" 706
"../../../Engine/Plugins/VirtualProduction/DMX/DMXPixelMapping/DMXPixelMapping.uplugin" 707
"../../../Engine/Plugins/VirtualProduction/DMX/DMXProtocol/DMXProtocol.uplugin" 708
"../../../Engine/Plugins/Runtime/MeshReconstruction/DummyMeshReconstructor/DummyMeshReconstructor.uplugin" 709
"../../../Engine/Plugins/Runtime/Database/ADOSupport/ADOSupport.uplugin" 710
"../../../Engine/Plugins/Developer/Concert/ConcertInsights/ConcertInsightsVisualizer/ConcertInsightsVisualizer.uplugin" 711
"../../../Engine/Plugins/Experimental/Animation/PackedAttributes/PackedAttributes.uplugin" 712
"../../../Engine/Plugins/Editor/ContentBrowser/ContentBrowserAssetDataSource/ContentBrowserAssetDataSource.uplugin" 713
"../../../Engine/Plugins/Experimental/Animation/MLDeformer/DetailPoseModel/DetailPoseModel.uplugin" 714
"../../../Engine/Plugins/Developer/Concert/ConcertUI/ConcertSharedSlate/ConcertSharedSlate.uplugin" 715
"../../../Engine/Plugins/Developer/Concert/ConcertApp/DisasterRecoveryClient/DisasterRecoveryClient.uplugin" 716
"../../../Engine/Plugins/Experimental/VirtualProduction/VPRoles/VPRoles.uplugin" 717
"../../../Engine/Plugins/Developer/Concert/ConcertApp/MultiUserClient/MultiUserClient.uplugin" 718
"../../../Engine/Plugins/Online/IOS/OnlineSubsystemIOS/OnlineSubsystemIOS.uplugin" 719
"../../../Engine/Plugins/VirtualProduction/DMX/DMXDisplayCluster/DMXDisplayCluster.uplugin" 720
"../../../Engine/Plugins/Runtime/AR/Google/GoogleARCoreServices/GoogleARCoreServices.uplugin" 721
"../../../Engine/Plugins/VirtualProduction/CaptureManager/CaptureManagerApp/CaptureManagerApp.uplugin" 722
"../../../Engine/Plugins/Experimental/PCGInterops/PCGNiagaraInterop/PCGNiagaraInterop.uplugin" 723
"../../../Engine/Plugins/Runtime/AR/AppleAR/AppleARKit/AppleARKit.uplugin" 724
"../../../Engine/Plugins/Experimental/Animation/RigMapper/RigMapper.uplugin" 725
"../../../Engine/Plugins/Experimental/Animation/HierarchyTableAnimation/HierarchyTableAnimation.uplugin" 726
"../../../Engine/Plugins/Developer/Concert/ConcertScripting/ConcertReplicationScripting/ConcertReplicationScripting.uplugin" 727
"../../../Engine/Plugins/Runtime/AR/Google/GoogleARCore/GoogleARCore.uplugin" 728
"../../../Engine/Plugins/Developer/Concert/ConcertSync/ConcertSyncTest/ConcertSyncTest.uplugin" 729
"../../../Engine/Plugins/Runtime/Database/SQLiteCore/SQLiteCore.uplugin" 730
"../../../Engine/Plugins/VirtualProduction/DMX/DMXModularFeatures/DMXModularFeatures.uplugin" 731
"../../../Engine/Plugins/Developer/Concert/ConcertInsights/ConcertInsightsCore/ConcertInsightsCore.uplugin" 732
"../../../Engine/Plugins/VirtualProduction/CaptureManager/CaptureManagerEditor/CaptureManagerEditor.uplugin" 733
"../../../Engine/Plugins/Runtime/AR/AppleAR/AppleARKitFaceSupport/AppleARKitFaceSupport.uplugin" 734
"../../../Engine/Plugins/Developer/Concert/ConcertInsights/ConcertInsightsServer/ConcertInsightsServer.uplugin" 735
"../../../Engine/Plugins/Developer/Concert/ConcertSync/ConcertSyncClient/ConcertSyncClient.uplugin" 736
"../../../Engine/Plugins/MovieScene/MovieSceneTextTrack/MovieSceneTextTrack.uplugin" 737
"../../../Engine/Plugins/Developer/Concert/ConcertSync/ConcertSyncCore/ConcertSyncCore.uplugin" 738
"../../../Engine/Plugins/Experimental/Animation/SkeletonTemplateFramework/SkeletonTemplateFramework.uplugin" 739
"../../../Engine/Plugins/Developer/Concert/ConcertInsights/ConcertInsightsClient/ConcertInsightsClient.uplugin" 740
"../../../Engine/Plugins/Runtime/Database/DatabaseSupport/DatabaseSupport.uplugin" 741
"../../../Engine/Plugins/Runtime/XR/XRVisualization/XRVisualization.uplugin" 742
"../../../Engine/Plugins/Developer/Concert/ConcertSync/ConcertSyncServer/ConcertSyncServer.uplugin" 743
"../../../Engine/Plugins/Interchange/Extensions/OpenUSD/InterchangeOpenUSD.uplugin" 744
"../../../Engine/Platforms/Android/Plugins/RigLogic/RigLogic_Android.uplugin" 745
"../../../Engine/Platforms/Android/Plugins/Animation/ACLPlugin/ACLPlugin_Android.uplugin" 746
"../../../Engine/Platforms/IOS/Plugins/RigLogic/RigLogic_IOS.uplugin" 747
"../../../Engine/Content/Internationalization/icudt64l/cnvalias.icu" 748
"../../../Engine/Content/Internationalization/icudt64l/res_index.res" 749
"../../../Engine/Content/Internationalization/icudt64l/plurals.res" 750
"../../../Engine/Content/Internationalization/icudt64l/lang/en.res" 751
"../../../Engine/Content/Internationalization/icudt64l/lang/pool.res" 752
"../../../Engine/Content/Internationalization/icudt64l/lang/root.res" 753
"../../../Engine/Content/Internationalization/icudt64l/region/en.res" 754
"../../../Engine/Content/Internationalization/icudt64l/region/pool.res" 755
"../../../Engine/Content/Internationalization/icudt64l/region/root.res" 756
"../../../Engine/Content/Internationalization/icudt64l/windowsZones.res" 757
"../../../Engine/Content/Internationalization/icudt64l/zoneinfo64.res" 758
"../../../Engine/Content/Internationalization/icudt64l/keyTypeData.res" 759
"../../../Engine/Content/Internationalization/icudt64l/timezoneTypes.res" 760
"../../../Engine/Content/Internationalization/icudt64l/likelySubtags.res" 761
"../../../Engine/Content/Internationalization/icudt64l/en_US.res" 762
"../../../Engine/Content/Internationalization/icudt64l/pool.res" 763
"../../../Engine/Content/Internationalization/icudt64l/en.res" 764
"../../../Engine/Content/Internationalization/icudt64l/root.res" 765
"../../../Engine/Content/Internationalization/icudt64l/supplementalData.res" 766
"../../../Engine/Config/ConfigRedirects.ini" 767
"C:/Users/tazmi/AppData/Local/UnrealEngine/5.6/Saved/Config/WindowsEditor/Manifest.ini" 768
"../../../Engine/Config/BaseEngine.ini" 769
"../../../Engine/Config/Windows/BaseWindowsEngine.ini" 770
"../../../../../../Users/tazmi/Documents/Unreal Projects/Tandalfs-Tumultuous-Time-Trials/TandalfsTumultuousTT/Config/DefaultEngine.ini" 771
"../../../Engine/Config/BaseGame.ini" 772
"../../../../../../Users/tazmi/Documents/Unreal Projects/Tandalfs-Tumultuous-Time-Trials/TandalfsTumultuousTT/Config/DefaultGame.ini" 773
"../../../Engine/Config/Windows/WindowsGame.ini" 774
"C:/Users/tazmi/Documents/Unreal Projects/Tandalfs-Tumultuous-Time-Trials/TandalfsTumultuousTT/Saved/Config/WindowsEditor/Game.ini" 775
"../../../Engine/Config/BaseInput.ini" 776
"../../../Engine/Config/Windows/BaseWindowsInput.ini" 777
"../../../../../../Users/tazmi/Documents/Unreal Projects/Tandalfs-Tumultuous-Time-Trials/TandalfsTumultuousTT/Config/DefaultInput.ini" 778
"../../../Engine/Config/Windows/WindowsInput.ini" 779
"../../../Engine/Config/BaseDeviceProfiles.ini" 780
"../../../Engine/Config/BaseGameUserSettings.ini" 781
"C:/Users/tazmi/Documents/Unreal Projects/Tandalfs-Tumultuous-Time-Trials/TandalfsTumultuousTT/Saved/Config/WindowsEditor/GameUserSettings.ini" 782
"../../../Engine/Config/BaseScalability.ini" 783
"../../../Engine/Config/BaseRuntimeOptions.ini" 784
"../../../Engine/Config/BaseInstallBundle.ini" 785
"../../../Engine/Config/BaseHardware.ini" 786
"../../../Engine/Config/BaseCompat.ini" 787
"../../../Engine/Config/BaseLightmass.ini" 788
"../../../Engine/Config/BaseEditor.ini" 789
"../../../../../../Users/tazmi/Documents/Unreal Projects/Tandalfs-Tumultuous-Time-Trials/TandalfsTumultuousTT/Config/DefaultEditor.ini" 790
"C:/Users/tazmi/Documents/Unreal Projects/Tandalfs-Tumultuous-Time-Trials/TandalfsTumultuousTT/Saved/Config/WindowsEditor/Editor.ini" 791
"../../../Engine/Config/BaseMaterialExpressions.ini" 792
"../../../Engine/Config/BaseEditorPerProjectUserSettings.ini" 793
"../../../../../../Users/tazmi/Documents/Unreal Projects/Tandalfs-Tumultuous-Time-Trials/TandalfsTumultuousTT/Config/DefaultEditorPerProjectUserSettings.ini" 794
"../../../Engine/Config/Windows/WindowsEditorPerProjectUserSettings.ini" 795
"C:/Users/tazmi/Documents/Unreal Projects/Tandalfs-Tumultuous-Time-Trials/TandalfsTumultuousTT/Saved/Config/WindowsEditor/EditorPerProjectUserSettings.ini" 796
"../../../Engine/Config/BaseEditorSettings.ini" 797
"../../../Engine/Config/Windows/WindowsEditorSettings.ini" 798
"C:/Users/tazmi/AppData/Local/UnrealEngine/5.6/Saved/Config/WindowsEditor/EditorSettings.ini" 799
"../../../Engine/Config/BaseEditorKeyBindings.ini" 800
"C:/Users/tazmi/AppData/Local/UnrealEngine/5.6/Saved/Config/WindowsEditor/EditorLayout.ini" 801
"../../../Engine/Config/IOS/BaseIOSEngine.ini" 802
"../../../Engine/Config/Mac/BaseMacEngine.ini" 803
"../../../Engine/Config/Linux/BaseLinuxEngine.ini" 804
"../../../Engine/Config/Android/BaseAndroidEngine.ini" 805
"../../../../../../Users/tazmi/Documents/Unreal Projects/Tandalfs-Tumultuous-Time-Trials/TandalfsTumultuousTT/Binaries/Win64/TandalfsTumultuousTT-Win64-Shipping.target" 806
"../../../Engine/Config/Unix/UnixEngine.ini" 807
"../../../Engine/Config/TVOS/TVOSEngine.ini" 808
"../../../Engine/Config/Android/AndroidEngine.ini" 809
"../../../Engine/Config/IOS/BaseIOSGame.ini" 810
"../../../Engine/Config/Linux/LinuxEngine.ini" 811
"../../../../../../Users/tazmi/Documents/Unreal Projects/Tandalfs-Tumultuous-Time-Trials/TandalfsTumultuousTT/Binaries/Win64/TandalfsTumultuousTT.target" 812
"../../../Engine/Config/Mac/MacGame.ini" 813
"../../../Engine/Config/IOS/IOSGame.ini" 814
"../../../Engine/Platforms/VisionOS/Config/BaseVisionOSEngine.ini" 815
"../../../Engine/Config/Android/BaseAndroidGame.ini" 816
"../../../Engine/Binaries/Win64/BootstrapPackagedGame-Win64-Shipping.target" 817
"../../../Engine/Binaries/Win64/BuildPatchTool-Win64-Shipping.target" 818
"../../../Engine/Config/Mac/BaseMacInput.ini" 819
"../../../Engine/Binaries/Win64/CrashReportClient-Win64-Shipping.target" 820
"../../../Engine/Config/IOS/BaseIOSInput.ini" 821
"../../../Engine/Binaries/Win64/CrashReportClientEditor-Win64-Shipping.target" 822
"../../../Engine/Platforms/VisionOS/Config/VisionOSEngine.ini" 823
"../../../Engine/Binaries/Win64/DatasmithCADWorker.target" 824
"../../../Engine/Config/Linux/LinuxGame.ini" 825
"../../../Engine/Binaries/Win64/EpicWebHelper-Win64-Shipping.target" 826
"../../../Engine/Config/Android/BaseAndroidInput.ini" 827
"../../../Engine/Binaries/Win64/InterchangeWorker.target" 828
"../../../Engine/Binaries/Win64/LiveCodingConsole.target" 829
"../../../Engine/Binaries/Win64/LiveLinkHub.target" 830
"../../../Engine/Config/IOS/IOSScalability.ini" 831
"../../../Engine/Config/IOS/BaseIOSInstallBundle.ini" 832
"../../../Engine/Config/Android/AndroidScalability.ini" 833
"../../../Engine/Config/Android/BaseAndroidInstallBundle.ini" 834
"../../../Engine/Binaries/Win64/ShaderCompileWorker.target" 835
"../../../Engine/Binaries/Win64/SwitchboardListener.target" 836
"../../../Engine/Binaries/Win64/SwitchboardListenerHelper.target" 837
"../../../Engine/Binaries/Win64/UnrealEditor-Win64-DebugGame.target" 838
"../../../Engine/Binaries/Win64/UnrealEditor.target" 839
"../../../Engine/Config/PluginBase.ini" 840
"../../../Engine/Plugins/ChaosVD/Config/DefaultChaosVD.ini" 841
"../../../Engine/Plugins/EnhancedInput/Config/BaseEnhancedInput.ini" 842
"../../../Engine/Plugins/Fab/Config/BaseFab.ini" 843
"../../../Engine/Plugins/TraceUtilities/Config/BaseTraceUtilities.ini" 844
"../../../Engine/Plugins/Interchange/Assets/Config/BaseInterchangeAssets.ini" 845
"../../../Engine/Plugins/Interchange/Runtime/Config/BaseInterchange.ini" 846
"../../../Engine/Plugins/Experimental/FullBodyIK/Config/BaseFullBodyIK.ini" 847
"../../../Engine/Plugins/Experimental/ToolPresets/Config/BaseToolPresets.ini" 848
"../../../Engine/Plugins/MetaHuman/MetaHumanSDK/Config/BaseMetaHumanSDK.ini" 849
"../../../Engine/Plugins/Runtime/GameplayStateTree/Config/BaseGameplayStateTree.ini" 850
"../../../Engine/Plugins/Runtime/HairStrands/Config/BaseHairStrands.ini" 851
"../../../Engine/Plugins/Runtime/Metasound/Config/BaseMetasound.ini" 852
"../../../Engine/Plugins/Runtime/Metasound/Config/DefaultMetasound.ini" 853
"../../../Engine/Plugins/Runtime/PropertyBindingUtils/Config/BasePropertyBindingUtils.ini" 854
"../../../Engine/Plugins/Runtime/RigVM/Config/BaseRigVM.ini" 855
"../../../Engine/Plugins/VirtualProduction/CameraCalibrationCore/Config/BaseCameraCalibrationCore.ini" 856
"../../../Engine/Plugins/Runtime/StateTree/Config/BaseStateTree.ini" 857
"../../../Engine/Plugins/Runtime/Synthesis/Config/BaseSynthesis.ini" 858
"../../../Engine/Plugins/2D/Paper2D/Config/BasePaper2D.ini" 859
"../../../Engine/Plugins/VirtualProduction/Takes/Config/BaseTakes.ini" 860
"../../../Engine/Plugins/Cameras/GameplayCameras/Config/BaseGameplayCameras.ini" 861
"../../../Engine/Plugins/Editor/EditorScriptingUtilities/Config/BaseEditorScriptingUtilities.ini" 862
"../../../Engine/Plugins/Animation/ControlRig/Config/BaseControlRig.ini" 863
"../../../Engine/Plugins/Animation/DeformerGraph/Config/BaseDeformerGraph.ini" 864
"../../../Engine/Plugins/Animation/IKRig/Config/BaseIKRig.ini" 865
"../../../Engine/Plugins/Enterprise/DatasmithContent/Config/BaseDatasmithContent.ini" 866
"../../../Engine/Plugins/Enterprise/GLTFExporter/Config/BaseGLTFExporter.ini" 867
"../../../Engine/Plugins/Enterprise/GLTFExporter/Config/DefaultGLTFExporter.ini" 868
"../../../Engine/Plugins/Enterprise/VariantManagerContent/Config/BaseVariantManagerContent.ini" 869
"../../../Engine/Plugins/FX/Niagara/Config/BaseNiagara.ini" 870
"../../../Engine/Plugins/Experimental/Compositing/CompositeCore/Config/BaseCompositeCore.ini" 871
"../../../Engine/Plugins/ChaosVD/Config/Engine.ini" 872
"../../../Engine/Plugins/EnhancedInput/Config/Input.ini" 873
"../../../Engine/Plugins/Runtime/InputDebugging/Config/Input.ini" 874
"../../../Engine/Plugins/Runtime/Windows/XInputDevice/Config/Input.ini" 875
"../../../Engine/Plugins/NNE/NNEDenoiser/Config/Game.ini" 876
"../../../Engine/Plugins/Online/OnlineSubsystemUtils/Config/Editor.ini" 877
"../../../Engine/Plugins/Runtime/RigVM/Config/Editor.ini" 878
"../../../Engine/Plugins/Editor/ModelingToolsEditorMode/Binaries/Win64/UnrealEditor.modules" 879
"../../../Engine/Plugins/Runtime/MeshModelingToolset/Binaries/Win64/UnrealEditor.modules" 880
"../../../Engine/Plugins/Experimental/MeshModelingToolsetExp/Binaries/Win64/UnrealEditor.modules" 881
"../../../Engine/Plugins/Editor/MeshLODToolset/Binaries/Win64/UnrealEditor.modules" 882
"../../../Engine/Plugins/Experimental/ToolPresets/Binaries/Win64/UnrealEditor.modules" 883
"../../../Engine/Plugins/Editor/StylusInput/Binaries/Win64/UnrealEditor.modules" 884
"../../../Engine/Plugins/Runtime/GeometryProcessing/Binaries/Win64/UnrealEditor.modules" 885
"../../../Engine/Plugins/Editor/ProxyLODPlugin/Binaries/Win64/UnrealEditor.modules" 886
"../../../Engine/Plugins/Experimental/PlanarCutPlugin/Binaries/Win64/UnrealEditor.modules" 887
"../../../Engine/Plugins/Runtime/GeometryCache/Binaries/Win64/UnrealEditor.modules" 888
"../../../Engine/Plugins/Experimental/GeometryFlow/Binaries/Win64/UnrealEditor.modules" 889
"../../../Engine/Plugins/Editor/EditorScriptingUtilities/Binaries/Win64/UnrealEditor.modules" 890
"../../../Engine/Plugins/FX/Niagara/Binaries/Win64/UnrealEditor.modules" 891
"../../../Engine/Plugins/Experimental/PythonScriptPlugin/Binaries/Win64/UnrealEditor.modules" 892
"../../../Engine/Plugins/Editor/ContentBrowser/ContentBrowserFileDataSource/Binaries/Win64/UnrealEditor.modules" 893
"../../../Engine/Plugins/Runtime/GameplayStateTree/Binaries/Win64/UnrealEditor.modules" 894
"../../../Engine/Plugins/Runtime/StateTree/Binaries/Win64/UnrealEditor.modules" 895
"../../../Engine/Plugins/Animation/GameplayInsights/Binaries/Win64/UnrealEditor.modules" 896
"../../../Engine/Plugins/Runtime/PropertyAccess/Binaries/Win64/UnrealEditor.modules" 897
"../../../Engine/Plugins/Runtime/PropertyBindingUtils/Binaries/Win64/UnrealEditor.modules" 898
"../../../Engine/Plugins/Bridge/Binaries/Win64/UnrealEditor.modules" 899
"../../../Engine/Plugins/MetaHuman/MetaHumanSDK/Binaries/Win64/UnrealEditor.modules" 900
"../../../Engine/Plugins/Animation/ControlRig/Binaries/Win64/UnrealEditor.modules" 901
"../../../Engine/Plugins/Runtime/HairStrands/Binaries/Win64/UnrealEditor.modules" 902
"../../../Engine/Plugins/Animation/RigLogic/Binaries/Win64/UnrealEditor.modules" 903
"../../../Engine/Plugins/Online/EOSShared/Binaries/Win64/UnrealEditor.modules" 904
"../../../Engine/Plugins/Runtime/RigVM/Binaries/Win64/UnrealEditor.modules" 905
"../../../Engine/Plugins/MovieScene/LevelSequenceEditor/Binaries/Win64/UnrealEditor.modules" 906
"../../../Engine/Plugins/MovieScene/SequencerScripting/Binaries/Win64/UnrealEditor.modules" 907
"../../../Engine/Plugins/Animation/TweeningUtils/Binaries/Win64/UnrealEditor.modules" 908
"../../../Engine/Plugins/Animation/DeformerGraph/Binaries/Win64/UnrealEditor.modules" 909
"../../../Engine/Plugins/Experimental/Dataflow/Binaries/Win64/UnrealEditor.modules" 910
"../../../Engine/Plugins/Runtime/ComputeFramework/Binaries/Win64/UnrealEditor.modules" 911
"../../../Engine/Plugins/Experimental/CharacterFXEditor/BaseCharacterFXEditor/Binaries/Win64/UnrealEditor.modules" 912
"../../../Engine/Plugins/Runtime/ProceduralMeshComponent/Binaries/Win64/UnrealEditor.modules" 913
"../../../Engine/Plugins/Experimental/ChaosCaching/Binaries/Win64/UnrealEditor.modules" 914
"../../../Engine/Plugins/Experimental/EditorDataStorage/Binaries/Win64/UnrealEditor.modules" 915
"../../../Engine/Plugins/Experimental/EditorDataStorageFeatures/Binaries/Win64/UnrealEditor.modules" 916
"../../../Engine/Plugins/VirtualProduction/Takes/Binaries/Win64/UnrealEditor.modules" 917
"../../../Engine/Plugins/Runtime/AudioCapture/Binaries/Win64/UnrealEditor.modules" 918
"../../../Engine/Plugins/Developer/NamingTokens/Binaries/Win64/UnrealEditor.modules" 919
"../../../Engine/Plugins/Editor/EngineAssetDefinitions/Binaries/Win64/UnrealEditor.modules" 920
"../../../Engine/Plugins/ChaosCloth/Binaries/Win64/UnrealEditor.modules" 921
"../../../Engine/Plugins/ChaosInsights/Binaries/Win64/UnrealEditor.modules" 922
"../../../Engine/Plugins/ChaosVD/Binaries/Win64/UnrealEditor.modules" 923
"../../../Engine/Plugins/CmdLinkServer/Binaries/Win64/UnrealEditor.modules" 924
"../../../Engine/Plugins/EnhancedInput/Binaries/Win64/UnrealEditor.modules" 925
"../../../Engine/Plugins/Editor/DataValidation/Binaries/Win64/UnrealEditor.modules" 926
"../../../Engine/Plugins/Fab/Binaries/Win64/UnrealEditor.modules" 927
"../../../Engine/Plugins/Interchange/Runtime/Binaries/Win64/UnrealEditor.modules" 928
"../../../Engine/Plugins/Enterprise/VariantManagerContent/Binaries/Win64/UnrealEditor.modules" 929
"../../../Engine/Plugins/Enterprise/VariantManager/Binaries/Win64/UnrealEditor.modules" 930
"../../../Engine/Plugins/Interchange/Assets/Binaries/Win64/UnrealEditor.modules" 931
"../../../Engine/Plugins/FastBuildController/Binaries/Win64/UnrealEditor.modules" 932
"../../../Engine/Plugins/IoStoreInsights/Binaries/Win64/UnrealEditor.modules" 933
"../../../Engine/Plugins/MassInsights/Binaries/Win64/UnrealEditor.modules" 934
"../../../Engine/Plugins/MeshPainting/Binaries/Win64/UnrealEditor.modules" 935
"../../../Engine/Plugins/Interchange/Editor/Binaries/Win64/UnrealEditor.modules" 936
"../../../Engine/Plugins/RenderGraphInsights/Binaries/Win64/UnrealEditor.modules" 937
"../../../Engine/Plugins/TraceUtilities/Binaries/Win64/UnrealEditor.modules" 938
"../../../Engine/Plugins/UbaController/Binaries/Win64/UnrealEditor.modules" 939
"../../../Engine/Plugins/WorldMetrics/Binaries/Win64/UnrealEditor.modules" 940
"../../../Engine/Plugins/XGEController/Binaries/Win64/UnrealEditor.modules" 941
"../../../Engine/Plugins/Developer/AnimationSharing/Binaries/Win64/UnrealEditor.modules" 942
"../../../Engine/Plugins/Runtime/SignificanceManager/Binaries/Win64/UnrealEditor.modules" 943
"../../../Engine/Plugins/Developer/CLionSourceCodeAccess/Binaries/Win64/UnrealEditor.modules" 944
"../../../Engine/Plugins/Developer/DumpGPUServices/Binaries/Win64/UnrealEditor.modules" 945
"../../../Engine/Plugins/Developer/GitSourceControl/Binaries/Win64/UnrealEditor.modules" 946
"../../../Engine/Plugins/Developer/N10XSourceCodeAccess/Binaries/Win64/UnrealEditor.modules" 947
"../../../Engine/Plugins/Developer/PerforceSourceControl/Binaries/Win64/UnrealEditor.modules" 948
"../../../Engine/Plugins/Developer/PlasticSourceControl/Binaries/Win64/UnrealEditor.modules" 949
"../../../Engine/Plugins/Developer/PixWinPlugin/Binaries/Win64/UnrealEditor.modules" 950
"../../../Engine/Plugins/Developer/PluginUtils/Binaries/Win64/UnrealEditor.modules" 951
"../../../Engine/Plugins/Developer/ProjectLauncher/Binaries/Win64/UnrealEditor.modules" 952
"../../../Engine/Plugins/Developer/PropertyAccessNode/Binaries/Win64/UnrealEditor.modules" 953
"../../../Engine/Plugins/Developer/RiderSourceCodeAccess/Binaries/Win64/UnrealEditor.modules" 954
"../../../Engine/Plugins/Developer/RenderDocPlugin/Binaries/Win64/UnrealEditor.modules" 955
"../../../Engine/Plugins/Developer/SubversionSourceControl/Binaries/Win64/UnrealEditor.modules" 956
"../../../Engine/Plugins/Developer/TextureFormatOodle/Binaries/Win64/UnrealEditor.modules" 957
"../../../Engine/Plugins/Developer/UObjectPlugin/Binaries/Win64/UnrealEditor.modules" 958
"../../../Engine/Plugins/Importers/AlembicImporter/Binaries/Win64/UnrealEditor.modules" 959
"../../../Engine/Plugins/NNE/NNEDenoiser/Binaries/Win64/UnrealEditor.modules" 960
"../../../Engine/Plugins/NNE/NNERuntimeORT/Binaries/Win64/UnrealEditor.modules" 961
"../../../Engine/Plugins/Messaging/TcpMessaging/Binaries/Win64/UnrealEditor.modules" 962
"../../../Engine/Plugins/Messaging/UdpMessaging/Binaries/Win64/UnrealEditor.modules" 963
"../../../Engine/Plugins/Portal/LauncherChunkInstaller/Binaries/Win64/UnrealEditor.modules" 964
"../../../Engine/Plugins/Developer/VisualStudioSourceCodeAccess/Binaries/Win64/UnrealEditor.modules" 965
"../../../Engine/Plugins/Developer/VisualStudioCodeSourceCodeAccess/Binaries/Win64/UnrealEditor.modules" 966
"../../../Engine/Plugins/Experimental/AdvancedRenamer/Binaries/Win64/UnrealEditor.modules" 967
"../../../Engine/Plugins/Tests/InterchangeTests/Binaries/Win64/UnrealEditor.modules" 968
"../../../Engine/Plugins/Experimental/AutomationUtils/Binaries/Win64/UnrealEditor.modules" 969
"../../../Engine/Plugins/Experimental/BackChannel/Binaries/Win64/UnrealEditor.modules" 970
"../../../Engine/Plugins/Experimental/ChaosEditor/Binaries/Win64/UnrealEditor.modules" 971
"../../../Engine/Plugins/Experimental/GeometryCollectionPlugin/Binaries/Win64/UnrealEditor.modules" 972
"../../../Engine/Plugins/Experimental/Fracture/Binaries/Win64/UnrealEditor.modules" 973
"../../../Engine/Plugins/Experimental/ChaosSolverPlugin/Binaries/Win64/UnrealEditor.modules" 974
"../../../Engine/Plugins/Experimental/GeometryDataflow/Binaries/Win64/UnrealEditor.modules" 975
"../../../Engine/Plugins/Experimental/ChaosNiagara/Binaries/Win64/UnrealEditor.modules" 976
"../../../Engine/Plugins/Experimental/ChaosUserDataPT/Binaries/Win64/UnrealEditor.modules" 977
"../../../Engine/Plugins/Experimental/CharacterAI/Binaries/Win64/UnrealEditor.modules" 978
"../../../Engine/Plugins/Experimental/EditorPerformance/Binaries/Win64/UnrealEditor.modules" 979
"../../../Engine/Plugins/Experimental/EditorTelemetry/Binaries/Win64/UnrealEditor.modules" 980
"../../../Engine/Plugins/Experimental/LevelSequenceNavigatorBridge/Binaries/Win64/UnrealEditor.modules" 981
"../../../Engine/Plugins/Experimental/SequenceNavigator/Binaries/Win64/UnrealEditor.modules" 982
"../../../Engine/Plugins/Experimental/LocalizableMessage/Binaries/Win64/UnrealEditor.modules" 983
"../../../Engine/Plugins/Experimental/NFORDenoise/Binaries/Win64/UnrealEditor.modules" 984
"../../../Engine/Plugins/Experimental/PlatformCrypto/Binaries/Win64/UnrealEditor.modules" 985
"../../../Engine/Plugins/Experimental/RuntimeTelemetry/Binaries/Win64/UnrealEditor.modules" 986
"../../../Engine/Plugins/Experimental/SkeletalReduction/Binaries/Win64/UnrealEditor.modules" 987
"../../../Engine/Plugins/Media/AndroidMedia/Binaries/Win64/UnrealEditor.modules" 988
"../../../Engine/Plugins/Media/AvfMedia/Binaries/Win64/UnrealEditor.modules" 989
"../../../Engine/Plugins/Media/ImgMedia/Binaries/Win64/UnrealEditor.modules" 990
"../../../Engine/Plugins/Media/MediaPlayerEditor/Binaries/Win64/UnrealEditor.modules" 991
"../../../Engine/Plugins/Media/MediaCompositing/Binaries/Win64/UnrealEditor.modules" 992
"../../../Engine/Plugins/Media/MediaPlate/Binaries/Win64/UnrealEditor.modules" 993
"../../../Engine/Plugins/Experimental/Compositing/CompositeCore/Binaries/Win64/UnrealEditor.modules" 994
"../../../Engine/Plugins/Online/OnlineBase/Binaries/Win64/UnrealEditor.modules" 995
"../../../Engine/Plugins/Runtime/ActorLayerUtilities/Binaries/Win64/UnrealEditor.modules" 996
"../../../Engine/Plugins/Media/WmfMedia/Binaries/Win64/UnrealEditor.modules" 997
"../../../Engine/Plugins/Online/OnlineSubsystem/Binaries/Win64/UnrealEditor.modules" 998
"../../../Engine/Plugins/Online/OnlineSubsystemNull/Binaries/Win64/UnrealEditor.modules" 999
"../../../Engine/Plugins/Online/OnlineSubsystemUtils/Binaries/Win64/UnrealEditor.modules" 1000
"../../../Engine/Plugins/Online/OnlineServices/Binaries/Win64/UnrealEditor.modules" 1001
"../../../Engine/Plugins/Runtime/AndroidDeviceProfileSelector/Binaries/Win64/UnrealEditor.modules" 1002
"../../../Engine/Plugins/Runtime/AndroidFileServer/Binaries/Win64/UnrealEditor.modules" 1003
"../../../Engine/Plugins/Runtime/AndroidPermission/Binaries/Win64/UnrealEditor.modules" 1004
"../../../Engine/Plugins/Runtime/AppleImageUtils/Binaries/Win64/UnrealEditor.modules" 1005
"../../../Engine/Plugins/Runtime/ArchVisCharacter/Binaries/Win64/UnrealEditor.modules" 1006
"../../../Engine/Plugins/Runtime/AssetTags/Binaries/Win64/UnrealEditor.modules" 1007
"../../../Engine/Plugins/Runtime/CableComponent/Binaries/Win64/UnrealEditor.modules" 1008
"../../../Engine/Plugins/Runtime/ChunkDownloader/Binaries/Win64/UnrealEditor.modules" 1009
"../../../Engine/Plugins/Runtime/CustomMeshComponent/Binaries/Win64/UnrealEditor.modules" 1010
"../../../Engine/Plugins/Runtime/ExampleDeviceProfileSelector/Binaries/Win64/UnrealEditor.modules" 1011
"../../../Engine/Plugins/Runtime/GooglePAD/Binaries/Win64/UnrealEditor.modules" 1012
"../../../Engine/Plugins/Runtime/InputDebugging/Binaries/Win64/UnrealEditor.modules" 1013
"../../../Engine/Plugins/Runtime/Metasound/Binaries/Win64/UnrealEditor.modules" 1014
"../../../Engine/Plugins/Runtime/AudioWidgets/Binaries/Win64/UnrealEditor.modules" 1015
"../../../Engine/Plugins/Runtime/AudioSynesthesia/Binaries/Win64/UnrealEditor.modules" 1016
"../../../Engine/Plugins/Editor/ContentBrowser/ContentBrowserAssetDataSource/Binaries/Win64/UnrealEditor.modules" 1017
"../../../Engine/Plugins/Runtime/WaveTable/Binaries/Win64/UnrealEditor.modules" 1018
"../../../Engine/Plugins/Runtime/LocationServicesBPLibrary/Binaries/Win64/UnrealEditor.modules" 1019
"../../../Engine/Plugins/Runtime/MobilePatchingUtils/Binaries/Win64/UnrealEditor.modules" 1020
"../../../Engine/Plugins/Runtime/MsQuic/Binaries/Win64/UnrealEditor.modules" 1021
"../../../Engine/Plugins/Runtime/ResonanceAudio/Binaries/Win64/UnrealEditor.modules" 1022
"../../../Engine/Plugins/Runtime/SoundFields/Binaries/Win64/UnrealEditor.modules" 1023
"../../../Engine/Plugins/Runtime/Synthesis/Binaries/Win64/UnrealEditor.modules" 1024
"../../../Engine/Plugins/Runtime/WindowsMoviePlayer/Binaries/Win64/UnrealEditor.modules" 1025
"../../../Engine/Plugins/Runtime/WindowsDeviceProfileSelector/Binaries/Win64/UnrealEditor.modules" 1026
"../../../Engine/Plugins/Runtime/WebMMoviePlayer/Binaries/Win64/UnrealEditor.modules" 1027
"../../../Engine/Plugins/Media/WebMMedia/Binaries/Win64/UnrealEditor.modules" 1028
"../../../Engine/Plugins/2D/Paper2D/Binaries/Win64/UnrealEditor.modules" 1029
"../../../Engine/Plugins/AI/AISupport/Binaries/Win64/UnrealEditor.modules" 1030
"../../../Engine/Plugins/AI/EnvironmentQueryEditor/Binaries/Win64/UnrealEditor.modules" 1031
"../../../Engine/Plugins/Animation/ACLPlugin/Binaries/Win64/UnrealEditor.modules" 1032
"../../../Engine/Plugins/Animation/AnimationData/Binaries/Win64/UnrealEditor.modules" 1033
"../../../Engine/Plugins/Compression/OodleNetwork/Binaries/Win64/UnrealEditor.modules" 1034
"../../../Engine/Plugins/Editor/AssetManagerEditor/Binaries/Win64/UnrealEditor.modules" 1035
"../../../Engine/Plugins/Animation/AnimationModifierLibrary/Binaries/Win64/UnrealEditor.modules" 1036
"../../../Engine/Plugins/Cameras/CameraShakePreviewer/Binaries/Win64/UnrealEditor.modules" 1037
"../../../Engine/Plugins/Cameras/GameplayCameras/Binaries/Win64/UnrealEditor.modules" 1038
"../../../Engine/Plugins/VirtualProduction/CameraCalibrationCore/Binaries/Win64/UnrealEditor.modules" 1039
"../../../Engine/Plugins/MovieScene/TemplateSequence/Binaries/Win64/UnrealEditor.modules" 1040
"../../../Engine/Plugins/Cameras/EngineCameras/Binaries/Win64/UnrealEditor.modules" 1041
"../../../Engine/Plugins/Editor/BlueprintHeaderView/Binaries/Win64/UnrealEditor.modules" 1042
"../../../Engine/Plugins/Editor/ColorGrading/Binaries/Win64/UnrealEditor.modules" 1043
"../../../Engine/Plugins/Editor/ObjectMixer/ObjectMixer/Binaries/Win64/UnrealEditor.modules" 1044
"../../../Engine/Plugins/Editor/ChangelistReview/Binaries/Win64/UnrealEditor.modules" 1045
"../../../Engine/Plugins/Editor/CryptoKeys/Binaries/Win64/UnrealEditor.modules" 1046
"../../../Engine/Plugins/Editor/CurveEditorTools/Binaries/Win64/UnrealEditor.modules" 1047
"../../../Engine/Plugins/Editor/EditorDebugTools/Binaries/Win64/UnrealEditor.modules" 1048
"../../../Engine/Plugins/Animation/ControlRigSpline/Binaries/Win64/UnrealEditor.modules" 1049
"../../../Engine/Plugins/Animation/BlendSpaceMotionAnalysis/Binaries/Win64/UnrealEditor.modules" 1050
"../../../Engine/Plugins/Editor/FacialAnimation/Binaries/Win64/UnrealEditor.modules" 1051
"../../../Engine/Plugins/Editor/GameplayTagsEditor/Binaries/Win64/UnrealEditor.modules" 1052
"../../../Engine/Plugins/Animation/IKRig/Binaries/Win64/UnrealEditor.modules" 1053
"../../../Engine/Plugins/Experimental/FullBodyIK/Binaries/Win64/UnrealEditor.modules" 1054
"../../../Engine/Plugins/Editor/GeometryMode/Binaries/Win64/UnrealEditor.modules" 1055
"../../../Engine/Plugins/Animation/SkeletalMeshModelingTools/Binaries/Win64/UnrealEditor.modules" 1056
"../../../Engine/Plugins/Enterprise/DatasmithContent/Binaries/Win64/UnrealEditor.modules" 1057
"../../../Engine/Plugins/Enterprise/GLTFExporter/Binaries/Win64/UnrealEditor.modules" 1058
"../../../Engine/Plugins/MovieScene/ActorSequence/Binaries/Win64/UnrealEditor.modules" 1059
"../../../Engine/Plugins/FX/Cascade/Binaries/Win64/UnrealEditor.modules" 1060
"../../../Engine/Plugins/FX/NiagaraSimCaching/Binaries/Win64/UnrealEditor.modules" 1061
"../../../Engine/Plugins/Editor/MobileLauncherProfileWizard/Binaries/Win64/UnrealEditor.modules" 1062
"../../../Engine/Plugins/Editor/MaterialAnalyzer/Binaries/Win64/UnrealEditor.modules" 1063
"../../../Engine/Plugins/Editor/SequencerAnimTools/Binaries/Win64/UnrealEditor.modules" 1064
"../../../Engine/Plugins/Editor/PluginBrowser/Binaries/Win64/UnrealEditor.modules" 1065
"../../../Engine/Plugins/Editor/SpeedTreeImporter/Binaries/Win64/UnrealEditor.modules" 1066
"../../../Engine/Plugins/Editor/UMGWidgetPreview/Binaries/Win64/UnrealEditor.modules" 1067
"../../../Engine/Plugins/Editor/UVEditor/Binaries/Win64/UnrealEditor.modules" 1068
"../../../Engine/Plugins/Editor/WorldPartitionHLODUtilities/Binaries/Win64/UnrealEditor.modules" 1069
"../../../Engine/Plugins/Editor/ObjectMixer/LightMixer/Binaries/Win64/UnrealEditor.modules" 1070
"../../../Engine/Plugins/Editor/ContentBrowser/ContentBrowserClassDataSource/Binaries/Win64/UnrealEditor.modules" 1071
"../../../Engine/Plugins/Editor/Localization/PortableObjectFileDataSource/Binaries/Win64/UnrealEditor.modules" 1072
"../../../Engine/Plugins/Runtime/Windows/XInputDevice/Binaries/Win64/UnrealEditor.modules" 1073
"../../../Engine/Config/BaseSourceControlSettings.ini" 1074
"../../../Engine/Content/Internationalization/icudt64l/coll/ucadata.icu" 1075
"../../../Engine/Content/Internationalization/icudt64l/coll/en_US.res" 1076
"../../../Engine/Content/Internationalization/icudt64l/coll/en.res" 1077
"../../../Engine/Content/Internationalization/icudt64l/coll/root.res" 1078
"../../../Engine/Content/Certificates/ThirdParty/cacert.pem" 1079
"../../../Engine/Config/ConsoleVariables.ini" 1080
"../../../Engine/Binaries/Win64/Android/UnrealEditor.modules" 1081
"../../../Engine/Binaries/Win64/IOS/UnrealEditor.modules" 1082
"../../../Engine/Binaries/Win64/Linux/UnrealEditor.modules" 1083
"../../../Engine/Content/Localization/Editor/en/Editor.locres" 1084
"../../../Engine/Content/Localization/EditorTutorials/en/EditorTutorials.locres" 1085
"../../../Engine/Content/Localization/Keywords/en/Keywords.locres" 1086
"../../../Engine/Content/Localization/Category/en/Category.locres" 1087
"../../../Engine/Content/Localization/ToolTips/en/ToolTips.locres" 1088
"../../../Engine/Content/Localization/PropertyNames/en/PropertyNames.locres" 1089
"../../../Engine/Content/Localization/Engine/en/Engine.locres" 1090
"../../../Engine/Plugins/MetaHuman/MetaHumanSDK/Content/Localization/MetaHumanSDK/en/MetaHumanSDK.locres" 1091
"../../../Engine/Plugins/Online/OnlineSubsystem/Content/Localization/OnlineSubsystem/en/OnlineSubsystem.locres" 1092
"../../../Engine/Plugins/Online/OnlineSubsystemUtils/Content/Localization/OnlineSubsystemUtils/en/OnlineSubsystemUtils.locres" 1093
"../../../Engine/Plugins/Online/Android/OnlineSubsystemGooglePlay/Content/Localization/OnlineSubsystemGooglePlay/en/OnlineSubsystemGooglePlay.locres" 1094
"../../../Engine/Plugins/Online/IOS/OnlineSubsystemIOS/Content/Localization/OnlineSubsystemIOS/en/OnlineSubsystemIOS.locres" 1095
"../../../Engine/Content/Internationalization/icudt64l/numberingSystems.res" 1096
"../../../Engine/Content/Internationalization/icudt64l/curr/supplementalData.res" 1097
"../../../Engine/Content/Internationalization/icudt64l/curr/en.res" 1098
"../../../Engine/Content/Internationalization/icudt64l/curr/pool.res" 1099
"../../../Engine/Content/Internationalization/icudt64l/curr/root.res" 1100
"../../../Engine/Content/Internationalization/icudt64l/lang/af.res" 1101
"../../../Engine/Content/Internationalization/icudt64l/region/af.res" 1102
"../../../Engine/Content/Internationalization/icudt64l/lang/agq.res" 1103
"../../../Engine/Content/Internationalization/icudt64l/region/agq.res" 1104
"../../../Engine/Content/Internationalization/icudt64l/lang/ak.res" 1105
"../../../Engine/Content/Internationalization/icudt64l/region/ak.res" 1106
"../../../Engine/Content/Internationalization/icudt64l/lang/am.res" 1107
"../../../Engine/Content/Internationalization/icudt64l/region/am.res" 1108
"../../../Engine/Content/Internationalization/icudt64l/lang/ar.res" 1109
"../../../Engine/Content/Internationalization/icudt64l/region/ar.res" 1110
"../../../Engine/Content/Internationalization/icudt64l/region/ar_AE.res" 1111
"../../../Engine/Content/Internationalization/icudt64l/lang/ar_EG.res" 1112
"../../../Engine/Content/Internationalization/icudt64l/lang/ar_LY.res" 1113
"../../../Engine/Content/Internationalization/icudt64l/region/ar_LY.res" 1114
"../../../Engine/Content/Internationalization/icudt64l/lang/ar_SA.res" 1115
"../../../Engine/Content/Internationalization/icudt64l/region/ar_SA.res" 1116
"../../../Engine/Content/Internationalization/icudt64l/lang/as.res" 1117
"../../../Engine/Content/Internationalization/icudt64l/region/as.res" 1118
"../../../Engine/Content/Internationalization/icudt64l/lang/asa.res" 1119
"../../../Engine/Content/Internationalization/icudt64l/region/asa.res" 1120
"../../../Engine/Content/Internationalization/icudt64l/lang/ast.res" 1121
"../../../Engine/Content/Internationalization/icudt64l/region/ast.res" 1122
"../../../Engine/Content/Internationalization/icudt64l/lang/az.res" 1123
"../../../Engine/Content/Internationalization/icudt64l/lang/az_Cyrl.res" 1124
"../../../Engine/Content/Internationalization/icudt64l/lang/az_AZ.res" 1125
"../../../Engine/Content/Internationalization/icudt64l/lang/az_Latn_AZ.res" 1126
"../../../Engine/Content/Internationalization/icudt64l/lang/az_Latn.res" 1127
"../../../Engine/Content/Internationalization/icudt64l/region/az_AZ.res" 1128
"../../../Engine/Content/Internationalization/icudt64l/region/az_Latn_AZ.res" 1129
"../../../Engine/Content/Internationalization/icudt64l/region/az_Latn.res" 1130
"../../../Engine/Content/Internationalization/icudt64l/region/az.res" 1131
"../../../Engine/Content/Internationalization/icudt64l/region/az_Cyrl.res" 1132
"../../../Engine/Content/Internationalization/icudt64l/lang/bas.res" 1133
"../../../Engine/Content/Internationalization/icudt64l/region/bas.res" 1134
"../../../Engine/Content/Internationalization/icudt64l/lang/be.res" 1135
"../../../Engine/Content/Internationalization/icudt64l/region/be.res" 1136
"../../../Engine/Content/Internationalization/icudt64l/lang/bem.res" 1137
"../../../Engine/Content/Internationalization/icudt64l/region/bem.res" 1138
"../../../Engine/Content/Internationalization/icudt64l/lang/bez.res" 1139
"../../../Engine/Content/Internationalization/icudt64l/region/bez.res" 1140
"../../../Engine/Content/Internationalization/icudt64l/lang/bg.res" 1141
"../../../Engine/Content/Internationalization/icudt64l/region/bg.res" 1142
"../../../Engine/Content/Internationalization/icudt64l/lang/bm.res" 1143
"../../../Engine/Content/Internationalization/icudt64l/region/bm.res" 1144
"../../../Engine/Content/Internationalization/icudt64l/lang/bn.res" 1145
"../../../Engine/Content/Internationalization/icudt64l/region/bn.res" 1146
"../../../Engine/Content/Internationalization/icudt64l/lang/bn_IN.res" 1147
"../../../Engine/Content/Internationalization/icudt64l/region/bn_IN.res" 1148
"../../../Engine/Content/Internationalization/icudt64l/lang/bo.res" 1149
"../../../Engine/Content/Internationalization/icudt64l/region/bo.res" 1150
"../../../Engine/Content/Internationalization/icudt64l/region/bo_IN.res" 1151
"../../../Engine/Content/Internationalization/icudt64l/lang/br.res" 1152
"../../../Engine/Content/Internationalization/icudt64l/region/br.res" 1153
"../../../Engine/Content/Internationalization/icudt64l/lang/brx.res" 1154
"../../../Engine/Content/Internationalization/icudt64l/region/brx.res" 1155
"../../../Engine/Content/Internationalization/icudt64l/lang/bs.res" 1156
"../../../Engine/Content/Internationalization/icudt64l/lang/bs_Cyrl.res" 1157
"../../../Engine/Content/Internationalization/icudt64l/lang/bs_BA.res" 1158
"../../../Engine/Content/Internationalization/icudt64l/lang/bs_Latn_BA.res" 1159
"../../../Engine/Content/Internationalization/icudt64l/lang/bs_Latn.res" 1160
"../../../Engine/Content/Internationalization/icudt64l/region/bs_BA.res" 1161
"../../../Engine/Content/Internationalization/icudt64l/region/bs_Latn_BA.res" 1162
"../../../Engine/Content/Internationalization/icudt64l/region/bs_Latn.res" 1163
"../../../Engine/Content/Internationalization/icudt64l/region/bs.res" 1164
"../../../Engine/Content/Internationalization/icudt64l/region/bs_Cyrl.res" 1165
"../../../Engine/Content/Internationalization/icudt64l/lang/ca.res" 1166
"../../../Engine/Content/Internationalization/icudt64l/region/ca.res" 1167
"../../../Engine/Content/Internationalization/icudt64l/lang/ccp.res" 1168
"../../../Engine/Content/Internationalization/icudt64l/region/ccp.res" 1169
"../../../Engine/Content/Internationalization/icudt64l/lang/ce.res" 1170
"../../../Engine/Content/Internationalization/icudt64l/region/ce.res" 1171
"../../../Engine/Content/Internationalization/icudt64l/lang/ceb.res" 1172
"../../../Engine/Content/Internationalization/icudt64l/region/ceb.res" 1173
"../../../Engine/Content/Internationalization/icudt64l/lang/cgg.res" 1174
"../../../Engine/Content/Internationalization/icudt64l/region/cgg.res" 1175
"../../../Engine/Content/Internationalization/icudt64l/lang/chr.res" 1176
"../../../Engine/Content/Internationalization/icudt64l/region/chr.res" 1177
"../../../Engine/Content/Internationalization/icudt64l/lang/ckb.res" 1178
"../../../Engine/Content/Internationalization/icudt64l/region/ckb.res" 1179
"../../../Engine/Content/Internationalization/icudt64l/lang/cs.res" 1180
"../../../Engine/Content/Internationalization/icudt64l/region/cs.res" 1181
"../../../Engine/Content/Internationalization/icudt64l/lang/cy.res" 1182
"../../../Engine/Content/Internationalization/icudt64l/region/cy.res" 1183
"../../../Engine/Content/Internationalization/icudt64l/lang/da.res" 1184
"../../../Engine/Content/Internationalization/icudt64l/region/da.res" 1185
"../../../Engine/Content/Internationalization/icudt64l/lang/dav.res" 1186
"../../../Engine/Content/Internationalization/icudt64l/region/dav.res" 1187
"../../../Engine/Content/Internationalization/icudt64l/lang/de.res" 1188
"../../../Engine/Content/Internationalization/icudt64l/lang/de_AT.res" 1189
"../../../Engine/Content/Internationalization/icudt64l/region/de_AT.res" 1190
"../../../Engine/Content/Internationalization/icudt64l/region/de.res" 1191
"../../../Engine/Content/Internationalization/icudt64l/lang/de_CH.res" 1192
"../../../Engine/Content/Internationalization/icudt64l/region/de_CH.res" 1193
"../../../Engine/Content/Internationalization/icudt64l/lang/de_LU.res" 1194
"../../../Engine/Content/Internationalization/icudt64l/lang/dje.res" 1195
"../../../Engine/Content/Internationalization/icudt64l/region/dje.res" 1196
"../../../Engine/Content/Internationalization/icudt64l/lang/dsb.res" 1197
"../../../Engine/Content/Internationalization/icudt64l/region/dsb.res" 1198
"../../../Engine/Content/Internationalization/icudt64l/lang/dua.res" 1199
"../../../Engine/Content/Internationalization/icudt64l/region/dua.res" 1200
"../../../Engine/Content/Internationalization/icudt64l/lang/dyo.res" 1201
"../../../Engine/Content/Internationalization/icudt64l/region/dyo.res" 1202
"../../../Engine/Content/Internationalization/icudt64l/lang/dz.res" 1203
"../../../Engine/Content/Internationalization/icudt64l/region/dz.res" 1204
"../../../Engine/Content/Internationalization/icudt64l/lang/ebu.res" 1205
"../../../Engine/Content/Internationalization/icudt64l/region/ebu.res" 1206
"../../../Engine/Content/Internationalization/icudt64l/lang/ee.res" 1207
"../../../Engine/Content/Internationalization/icudt64l/region/ee.res" 1208
"../../../Engine/Content/Internationalization/icudt64l/lang/el.res" 1209
"../../../Engine/Content/Internationalization/icudt64l/region/el.res" 1210
"../../../Engine/Content/Internationalization/icudt64l/lang/en_001.res" 1211
"../../../Engine/Content/Internationalization/icudt64l/lang/en_150.res" 1212
"../../../Engine/Content/Internationalization/icudt64l/region/en_150.res" 1213
"../../../Engine/Content/Internationalization/icudt64l/lang/en_AG.res" 1214
"../../../Engine/Content/Internationalization/icudt64l/region/en_AG.res" 1215
"../../../Engine/Content/Internationalization/icudt64l/lang/en_AI.res" 1216
"../../../Engine/Content/Internationalization/icudt64l/region/en_AI.res" 1217
"../../../Engine/Content/Internationalization/icudt64l/lang/en_AT.res" 1218
"../../../Engine/Content/Internationalization/icudt64l/region/en_AT.res" 1219
"../../../Engine/Content/Internationalization/icudt64l/lang/en_AU.res" 1220
"../../../Engine/Content/Internationalization/icudt64l/region/en_AU.res" 1221
"../../../Engine/Content/Internationalization/icudt64l/lang/en_BB.res" 1222
"../../../Engine/Content/Internationalization/icudt64l/region/en_BB.res" 1223
"../../../Engine/Content/Internationalization/icudt64l/lang/en_BE.res" 1224
"../../../Engine/Content/Internationalization/icudt64l/region/en_BE.res" 1225
"../../../Engine/Content/Internationalization/icudt64l/lang/en_BM.res" 1226
"../../../Engine/Content/Internationalization/icudt64l/region/en_BM.res" 1227
"../../../Engine/Content/Internationalization/icudt64l/lang/en_BS.res" 1228
"../../../Engine/Content/Internationalization/icudt64l/region/en_BS.res" 1229
"../../../Engine/Content/Internationalization/icudt64l/lang/en_BW.res" 1230
"../../../Engine/Content/Internationalization/icudt64l/region/en_BW.res" 1231
"../../../Engine/Content/Internationalization/icudt64l/lang/en_BZ.res" 1232
"../../../Engine/Content/Internationalization/icudt64l/region/en_BZ.res" 1233
"../../../Engine/Content/Internationalization/icudt64l/lang/en_CA.res" 1234
"../../../Engine/Content/Internationalization/icudt64l/region/en_CA.res" 1235
"../../../Engine/Content/Internationalization/icudt64l/lang/en_CC.res" 1236
"../../../Engine/Content/Internationalization/icudt64l/region/en_CC.res" 1237
"../../../Engine/Content/Internationalization/icudt64l/lang/en_CH.res" 1238
"../../../Engine/Content/Internationalization/icudt64l/region/en_CH.res" 1239
"../../../Engine/Content/Internationalization/icudt64l/lang/en_CK.res" 1240
"../../../Engine/Content/Internationalization/icudt64l/region/en_CK.res" 1241
"../../../Engine/Content/Internationalization/icudt64l/lang/en_CM.res" 1242
"../../../Engine/Content/Internationalization/icudt64l/region/en_CM.res" 1243
"../../../Engine/Content/Internationalization/icudt64l/lang/en_CX.res" 1244
"../../../Engine/Content/Internationalization/icudt64l/region/en_CX.res" 1245
"../../../Engine/Content/Internationalization/icudt64l/lang/en_CY.res" 1246
"../../../Engine/Content/Internationalization/icudt64l/region/en_CY.res" 1247
"../../../Engine/Content/Internationalization/icudt64l/lang/en_DE.res" 1248
"../../../Engine/Content/Internationalization/icudt64l/region/en_DE.res" 1249
"../../../Engine/Content/Internationalization/icudt64l/lang/en_DG.res" 1250
"../../../Engine/Content/Internationalization/icudt64l/region/en_DG.res" 1251
"../../../Engine/Content/Internationalization/icudt64l/lang/en_DK.res" 1252
"../../../Engine/Content/Internationalization/icudt64l/region/en_DK.res" 1253
"../../../Engine/Content/Internationalization/icudt64l/lang/en_DM.res" 1254
"../../../Engine/Content/Internationalization/icudt64l/region/en_DM.res" 1255
"../../../Engine/Content/Internationalization/icudt64l/lang/en_ER.res" 1256
"../../../Engine/Content/Internationalization/icudt64l/region/en_ER.res" 1257
"../../../Engine/Content/Internationalization/icudt64l/lang/en_FI.res" 1258
"../../../Engine/Content/Internationalization/icudt64l/region/en_FI.res" 1259
"../../../Engine/Content/Internationalization/icudt64l/lang/en_FJ.res" 1260
"../../../Engine/Content/Internationalization/icudt64l/region/en_FJ.res" 1261
"../../../Engine/Content/Internationalization/icudt64l/lang/en_FK.res" 1262
"../../../Engine/Content/Internationalization/icudt64l/region/en_FK.res" 1263
"../../../Engine/Content/Internationalization/icudt64l/lang/en_FM.res" 1264
"../../../Engine/Content/Internationalization/icudt64l/region/en_FM.res" 1265
"../../../Engine/Content/Internationalization/icudt64l/lang/en_GB.res" 1266
"../../../Engine/Content/Internationalization/icudt64l/region/en_GB.res" 1267
"../../../Engine/Content/Internationalization/icudt64l/lang/en_GD.res" 1268
"../../../Engine/Content/Internationalization/icudt64l/region/en_GD.res" 1269
"../../../Engine/Content/Internationalization/icudt64l/lang/en_GG.res" 1270
"../../../Engine/Content/Internationalization/icudt64l/region/en_GG.res" 1271
"../../../Engine/Content/Internationalization/icudt64l/lang/en_GH.res" 1272
"../../../Engine/Content/Internationalization/icudt64l/region/en_GH.res" 1273
"../../../Engine/Content/Internationalization/icudt64l/lang/en_GI.res" 1274
"../../../Engine/Content/Internationalization/icudt64l/region/en_GI.res" 1275
"../../../Engine/Content/Internationalization/icudt64l/lang/en_GM.res" 1276
"../../../Engine/Content/Internationalization/icudt64l/region/en_GM.res" 1277
"../../../Engine/Content/Internationalization/icudt64l/lang/en_GY.res" 1278
"../../../Engine/Content/Internationalization/icudt64l/region/en_GY.res" 1279
"../../../Engine/Content/Internationalization/icudt64l/lang/en_HK.res" 1280
"../../../Engine/Content/Internationalization/icudt64l/region/en_HK.res" 1281
"../../../Engine/Content/Internationalization/icudt64l/lang/en_IE.res" 1282
"../../../Engine/Content/Internationalization/icudt64l/region/en_IE.res" 1283
"../../../Engine/Content/Internationalization/icudt64l/lang/en_IL.res" 1284
"../../../Engine/Content/Internationalization/icudt64l/region/en_IL.res" 1285
"../../../Engine/Content/Internationalization/icudt64l/lang/en_IM.res" 1286
"../../../Engine/Content/Internationalization/icudt64l/region/en_IM.res" 1287
"../../../Engine/Content/Internationalization/icudt64l/lang/en_IN.res" 1288
"../../../Engine/Content/Internationalization/icudt64l/region/en_IN.res" 1289
"../../../Engine/Content/Internationalization/icudt64l/lang/en_IO.res" 1290
"../../../Engine/Content/Internationalization/icudt64l/region/en_IO.res" 1291
"../../../Engine/Content/Internationalization/icudt64l/lang/en_JE.res" 1292
"../../../Engine/Content/Internationalization/icudt64l/region/en_JE.res" 1293
"../../../Engine/Content/Internationalization/icudt64l/lang/en_JM.res" 1294
"../../../Engine/Content/Internationalization/icudt64l/region/en_JM.res" 1295
"../../../Engine/Content/Internationalization/icudt64l/lang/en_KE.res" 1296
"../../../Engine/Content/Internationalization/icudt64l/region/en_KE.res" 1297
"../../../Engine/Content/Internationalization/icudt64l/lang/en_KI.res" 1298
"../../../Engine/Content/Internationalization/icudt64l/region/en_KI.res" 1299
"../../../Engine/Content/Internationalization/icudt64l/lang/en_KN.res" 1300
"../../../Engine/Content/Internationalization/icudt64l/region/en_KN.res" 1301
"../../../Engine/Content/Internationalization/icudt64l/lang/en_KY.res" 1302
"../../../Engine/Content/Internationalization/icudt64l/region/en_KY.res" 1303
"../../../Engine/Content/Internationalization/icudt64l/lang/en_LC.res" 1304
"../../../Engine/Content/Internationalization/icudt64l/region/en_LC.res" 1305
"../../../Engine/Content/Internationalization/icudt64l/lang/en_LR.res" 1306
"../../../Engine/Content/Internationalization/icudt64l/region/en_LR.res" 1307
"../../../Engine/Content/Internationalization/icudt64l/lang/en_LS.res" 1308
"../../../Engine/Content/Internationalization/icudt64l/region/en_LS.res" 1309
"../../../Engine/Content/Internationalization/icudt64l/lang/en_MG.res" 1310
"../../../Engine/Content/Internationalization/icudt64l/region/en_MG.res" 1311
"../../../Engine/Content/Internationalization/icudt64l/lang/en_MO.res" 1312
"../../../Engine/Content/Internationalization/icudt64l/region/en_MO.res" 1313
"../../../Engine/Content/Internationalization/icudt64l/lang/en_MS.res" 1314
"../../../Engine/Content/Internationalization/icudt64l/region/en_MS.res" 1315
"../../../Engine/Content/Internationalization/icudt64l/lang/en_MT.res" 1316
"../../../Engine/Content/Internationalization/icudt64l/region/en_MT.res" 1317
"../../../Engine/Content/Internationalization/icudt64l/lang/en_MU.res" 1318
"../../../Engine/Content/Internationalization/icudt64l/region/en_MU.res" 1319
"../../../Engine/Content/Internationalization/icudt64l/lang/en_MW.res" 1320
"../../../Engine/Content/Internationalization/icudt64l/region/en_MW.res" 1321
"../../../Engine/Content/Internationalization/icudt64l/lang/en_MY.res" 1322
"../../../Engine/Content/Internationalization/icudt64l/region/en_MY.res" 1323
"../../../Engine/Content/Internationalization/icudt64l/lang/en_NA.res" 1324
"../../../Engine/Content/Internationalization/icudt64l/region/en_NA.res" 1325
"../../../Engine/Content/Internationalization/icudt64l/lang/en_NF.res" 1326
"../../../Engine/Content/Internationalization/icudt64l/region/en_NF.res" 1327
"../../../Engine/Content/Internationalization/icudt64l/lang/en_NG.res" 1328
"../../../Engine/Content/Internationalization/icudt64l/region/en_NG.res" 1329
"../../../Engine/Content/Internationalization/icudt64l/lang/en_NL.res" 1330
"../../../Engine/Content/Internationalization/icudt64l/region/en_NL.res" 1331
"../../../Engine/Content/Internationalization/icudt64l/lang/en_NR.res" 1332
"../../../Engine/Content/Internationalization/icudt64l/region/en_NR.res" 1333
"../../../Engine/Content/Internationalization/icudt64l/lang/en_NU.res" 1334
"../../../Engine/Content/Internationalization/icudt64l/region/en_NU.res" 1335
"../../../Engine/Content/Internationalization/icudt64l/lang/en_NZ.res" 1336
"../../../Engine/Content/Internationalization/icudt64l/region/en_NZ.res" 1337
"../../../Engine/Content/Internationalization/icudt64l/lang/en_PG.res" 1338
"../../../Engine/Content/Internationalization/icudt64l/region/en_PG.res" 1339
"../../../Engine/Content/Internationalization/icudt64l/lang/en_PH.res" 1340
"../../../Engine/Content/Internationalization/icudt64l/region/en_PH.res" 1341
"../../../Engine/Content/Internationalization/icudt64l/lang/en_PK.res" 1342
"../../../Engine/Content/Internationalization/icudt64l/region/en_PK.res" 1343
"../../../Engine/Content/Internationalization/icudt64l/lang/en_PN.res" 1344
"../../../Engine/Content/Internationalization/icudt64l/region/en_PN.res" 1345
"../../../Engine/Content/Internationalization/icudt64l/lang/en_PW.res" 1346
"../../../Engine/Content/Internationalization/icudt64l/region/en_PW.res" 1347
"../../../Engine/Content/Internationalization/icudt64l/lang/en_RW.res" 1348
"../../../Engine/Content/Internationalization/icudt64l/region/en_RW.res" 1349
"../../../Engine/Content/Internationalization/icudt64l/lang/en_SB.res" 1350
"../../../Engine/Content/Internationalization/icudt64l/region/en_SB.res" 1351
"../../../Engine/Content/Internationalization/icudt64l/lang/en_SC.res" 1352
"../../../Engine/Content/Internationalization/icudt64l/region/en_SC.res" 1353
"../../../Engine/Content/Internationalization/icudt64l/lang/en_SD.res" 1354
"../../../Engine/Content/Internationalization/icudt64l/region/en_SD.res" 1355
"../../../Engine/Content/Internationalization/icudt64l/lang/en_SE.res" 1356
"../../../Engine/Content/Internationalization/icudt64l/region/en_SE.res" 1357
"../../../Engine/Content/Internationalization/icudt64l/lang/en_SG.res" 1358
"../../../Engine/Content/Internationalization/icudt64l/region/en_SG.res" 1359
"../../../Engine/Content/Internationalization/icudt64l/lang/en_SH.res" 1360
"../../../Engine/Content/Internationalization/icudt64l/region/en_SH.res" 1361
"../../../Engine/Content/Internationalization/icudt64l/lang/en_SI.res" 1362
"../../../Engine/Content/Internationalization/icudt64l/region/en_SI.res" 1363
"../../../Engine/Content/Internationalization/icudt64l/lang/en_SL.res" 1364
"../../../Engine/Content/Internationalization/icudt64l/region/en_SL.res" 1365
"../../../Engine/Content/Internationalization/icudt64l/lang/en_SS.res" 1366
"../../../Engine/Content/Internationalization/icudt64l/region/en_SS.res" 1367
"../../../Engine/Content/Internationalization/icudt64l/lang/en_SX.res" 1368
"../../../Engine/Content/Internationalization/icudt64l/region/en_SX.res" 1369
"../../../Engine/Content/Internationalization/icudt64l/lang/en_SZ.res" 1370
"../../../Engine/Content/Internationalization/icudt64l/region/en_SZ.res" 1371
"../../../Engine/Content/Internationalization/icudt64l/lang/en_TC.res" 1372
"../../../Engine/Content/Internationalization/icudt64l/region/en_TC.res" 1373
"../../../Engine/Content/Internationalization/icudt64l/lang/en_TK.res" 1374
"../../../Engine/Content/Internationalization/icudt64l/region/en_TK.res" 1375
"../../../Engine/Content/Internationalization/icudt64l/lang/en_TO.res" 1376
"../../../Engine/Content/Internationalization/icudt64l/region/en_TO.res" 1377
"../../../Engine/Content/Internationalization/icudt64l/lang/en_TT.res" 1378
"../../../Engine/Content/Internationalization/icudt64l/region/en_TT.res" 1379
"../../../Engine/Content/Internationalization/icudt64l/lang/en_TV.res" 1380
"../../../Engine/Content/Internationalization/icudt64l/region/en_TV.res" 1381
"../../../Engine/Content/Internationalization/icudt64l/lang/en_TZ.res" 1382
"../../../Engine/Content/Internationalization/icudt64l/region/en_TZ.res" 1383
"../../../Engine/Content/Internationalization/icudt64l/lang/en_UG.res" 1384
"../../../Engine/Content/Internationalization/icudt64l/region/en_UG.res" 1385
"../../../Engine/Content/Internationalization/icudt64l/lang/en_VC.res" 1386
"../../../Engine/Content/Internationalization/icudt64l/region/en_VC.res" 1387
"../../../Engine/Content/Internationalization/icudt64l/lang/en_VG.res" 1388
"../../../Engine/Content/Internationalization/icudt64l/region/en_VG.res" 1389
"../../../Engine/Content/Internationalization/icudt64l/lang/en_VU.res" 1390
"../../../Engine/Content/Internationalization/icudt64l/region/en_VU.res" 1391
"../../../Engine/Content/Internationalization/icudt64l/lang/en_WS.res" 1392
"../../../Engine/Content/Internationalization/icudt64l/region/en_WS.res" 1393
"../../../Engine/Content/Internationalization/icudt64l/lang/en_ZA.res" 1394
"../../../Engine/Content/Internationalization/icudt64l/region/en_ZA.res" 1395
"../../../Engine/Content/Internationalization/icudt64l/lang/en_ZM.res" 1396
"../../../Engine/Content/Internationalization/icudt64l/region/en_ZM.res" 1397
"../../../Engine/Content/Internationalization/icudt64l/lang/en_ZW.res" 1398
"../../../Engine/Content/Internationalization/icudt64l/region/en_ZW.res" 1399
"../../../Engine/Content/Internationalization/icudt64l/lang/eo.res" 1400
"../../../Engine/Content/Internationalization/icudt64l/region/eo.res" 1401
"../../../Engine/Content/Internationalization/icudt64l/lang/es.res" 1402
"../../../Engine/Content/Internationalization/icudt64l/lang/es_419.res" 1403
"../../../Engine/Content/Internationalization/icudt64l/region/es_419.res" 1404
"../../../Engine/Content/Internationalization/icudt64l/region/es.res" 1405
"../../../Engine/Content/Internationalization/icudt64l/lang/es_AR.res" 1406
"../../../Engine/Content/Internationalization/icudt64l/region/es_AR.res" 1407
"../../../Engine/Content/Internationalization/icudt64l/lang/es_BO.res" 1408
"../../../Engine/Content/Internationalization/icudt64l/region/es_BO.res" 1409
"../../../Engine/Content/Internationalization/icudt64l/lang/es_BR.res" 1410
"../../../Engine/Content/Internationalization/icudt64l/region/es_BR.res" 1411
"../../../Engine/Content/Internationalization/icudt64l/lang/es_BZ.res" 1412
"../../../Engine/Content/Internationalization/icudt64l/region/es_BZ.res" 1413
"../../../Engine/Content/Internationalization/icudt64l/lang/es_CL.res" 1414
"../../../Engine/Content/Internationalization/icudt64l/region/es_CL.res" 1415
"../../../Engine/Content/Internationalization/icudt64l/lang/es_CO.res" 1416
"../../../Engine/Content/Internationalization/icudt64l/region/es_CO.res" 1417
"../../../Engine/Content/Internationalization/icudt64l/lang/es_CR.res" 1418
"../../../Engine/Content/Internationalization/icudt64l/region/es_CR.res" 1419
"../../../Engine/Content/Internationalization/icudt64l/lang/es_CU.res" 1420
"../../../Engine/Content/Internationalization/icudt64l/region/es_CU.res" 1421
"../../../Engine/Content/Internationalization/icudt64l/lang/es_DO.res" 1422
"../../../Engine/Content/Internationalization/icudt64l/region/es_DO.res" 1423
"../../../Engine/Content/Internationalization/icudt64l/lang/es_EC.res" 1424
"../../../Engine/Content/Internationalization/icudt64l/region/es_EC.res" 1425
"../../../Engine/Content/Internationalization/icudt64l/lang/es_GT.res" 1426
"../../../Engine/Content/Internationalization/icudt64l/region/es_GT.res" 1427
"../../../Engine/Content/Internationalization/icudt64l/lang/es_HN.res" 1428
"../../../Engine/Content/Internationalization/icudt64l/region/es_HN.res" 1429
"../../../Engine/Content/Internationalization/icudt64l/lang/es_MX.res" 1430
"../../../Engine/Content/Internationalization/icudt64l/region/es_MX.res" 1431
"../../../Engine/Content/Internationalization/icudt64l/lang/es_NI.res" 1432
"../../../Engine/Content/Internationalization/icudt64l/region/es_NI.res" 1433
"../../../Engine/Content/Internationalization/icudt64l/lang/es_PA.res" 1434
"../../../Engine/Content/Internationalization/icudt64l/region/es_PA.res" 1435
"../../../Engine/Content/Internationalization/icudt64l/lang/es_PE.res" 1436
"../../../Engine/Content/Internationalization/icudt64l/region/es_PE.res" 1437
"../../../Engine/Content/Internationalization/icudt64l/lang/es_PR.res" 1438
"../../../Engine/Content/Internationalization/icudt64l/region/es_PR.res" 1439
"../../../Engine/Content/Internationalization/icudt64l/lang/es_PY.res" 1440
"../../../Engine/Content/Internationalization/icudt64l/region/es_PY.res" 1441
"../../../Engine/Content/Internationalization/icudt64l/lang/es_SV.res" 1442
"../../../Engine/Content/Internationalization/icudt64l/region/es_SV.res" 1443
"../../../Engine/Content/Internationalization/icudt64l/lang/es_US.res" 1444
"../../../Engine/Content/Internationalization/icudt64l/region/es_US.res" 1445
"../../../Engine/Content/Internationalization/icudt64l/lang/es_UY.res" 1446
"../../../Engine/Content/Internationalization/icudt64l/region/es_UY.res" 1447
"../../../Engine/Content/Internationalization/icudt64l/lang/es_VE.res" 1448
"../../../Engine/Content/Internationalization/icudt64l/region/es_VE.res" 1449
"../../../Engine/Content/Internationalization/icudt64l/lang/et.res" 1450
"../../../Engine/Content/Internationalization/icudt64l/region/et.res" 1451
"../../../Engine/Content/Internationalization/icudt64l/lang/eu.res" 1452
"../../../Engine/Content/Internationalization/icudt64l/region/eu.res" 1453
"../../../Engine/Content/Internationalization/icudt64l/lang/ewo.res" 1454
"../../../Engine/Content/Internationalization/icudt64l/region/ewo.res" 1455
"../../../Engine/Content/Internationalization/icudt64l/lang/fa.res" 1456
"../../../Engine/Content/Internationalization/icudt64l/lang/fa_AF.res" 1457
"../../../Engine/Content/Internationalization/icudt64l/region/fa_AF.res" 1458
"../../../Engine/Content/Internationalization/icudt64l/region/fa.res" 1459
"../../../Engine/Content/Internationalization/icudt64l/lang/ff.res" 1460
"../../../Engine/Content/Internationalization/icudt64l/lang/ff_Latn.res" 1461
"../../../Engine/Content/Internationalization/icudt64l/region/ff.res" 1462
"../../../Engine/Content/Internationalization/icudt64l/region/ff_Latn.res" 1463
"../../../Engine/Content/Internationalization/icudt64l/lang/ff_CM.res" 1464
"../../../Engine/Content/Internationalization/icudt64l/lang/ff_Latn_CM.res" 1465
"../../../Engine/Content/Internationalization/icudt64l/region/ff_CM.res" 1466
"../../../Engine/Content/Internationalization/icudt64l/region/ff_Latn_CM.res" 1467
"../../../Engine/Content/Internationalization/icudt64l/lang/ff_GN.res" 1468
"../../../Engine/Content/Internationalization/icudt64l/lang/ff_Latn_GN.res" 1469
"../../../Engine/Content/Internationalization/icudt64l/region/ff_GN.res" 1470
"../../../Engine/Content/Internationalization/icudt64l/region/ff_Latn_GN.res" 1471
"../../../Engine/Content/Internationalization/icudt64l/lang/ff_MR.res" 1472
"../../../Engine/Content/Internationalization/icudt64l/lang/ff_Latn_MR.res" 1473
"../../../Engine/Content/Internationalization/icudt64l/region/ff_MR.res" 1474
"../../../Engine/Content/Internationalization/icudt64l/region/ff_Latn_MR.res" 1475
"../../../Engine/Content/Internationalization/icudt64l/lang/ff_SN.res" 1476
"../../../Engine/Content/Internationalization/icudt64l/lang/ff_Latn_SN.res" 1477
"../../../Engine/Content/Internationalization/icudt64l/region/ff_SN.res" 1478
"../../../Engine/Content/Internationalization/icudt64l/region/ff_Latn_SN.res" 1479
"../../../Engine/Content/Internationalization/icudt64l/lang/fi.res" 1480
"../../../Engine/Content/Internationalization/icudt64l/region/fi.res" 1481
"../../../Engine/Content/Internationalization/icudt64l/lang/fil.res" 1482
"../../../Engine/Content/Internationalization/icudt64l/lang/fil_PH.res" 1483
"../../../Engine/Content/Internationalization/icudt64l/region/fil_PH.res" 1484
"../../../Engine/Content/Internationalization/icudt64l/region/fil.res" 1485
"../../../Engine/Content/Internationalization/icudt64l/lang/fo.res" 1486
"../../../Engine/Content/Internationalization/icudt64l/region/fo.res" 1487
"../../../Engine/Content/Internationalization/icudt64l/lang/fr.res" 1488
"../../../Engine/Content/Internationalization/icudt64l/lang/fr_BE.res" 1489
"../../../Engine/Content/Internationalization/icudt64l/region/fr_BE.res" 1490
"../../../Engine/Content/Internationalization/icudt64l/region/fr.res" 1491
"../../../Engine/Content/Internationalization/icudt64l/lang/fr_CA.res" 1492
"../../../Engine/Content/Internationalization/icudt64l/region/fr_CA.res" 1493
"../../../Engine/Content/Internationalization/icudt64l/lang/fr_CH.res" 1494
"../../../Engine/Content/Internationalization/icudt64l/lang/fur.res" 1495
"../../../Engine/Content/Internationalization/icudt64l/region/fur.res" 1496
"../../../Engine/Content/Internationalization/icudt64l/lang/fy.res" 1497
"../../../Engine/Content/Internationalization/icudt64l/region/fy.res" 1498
"../../../Engine/Content/Internationalization/icudt64l/lang/ga.res" 1499
"../../../Engine/Content/Internationalization/icudt64l/region/ga.res" 1500
"../../../Engine/Content/Internationalization/icudt64l/lang/gd.res" 1501
"../../../Engine/Content/Internationalization/icudt64l/region/gd.res" 1502
"../../../Engine/Content/Internationalization/icudt64l/lang/gl.res" 1503
"../../../Engine/Content/Internationalization/icudt64l/region/gl.res" 1504
"../../../Engine/Content/Internationalization/icudt64l/lang/gsw.res" 1505
"../../../Engine/Content/Internationalization/icudt64l/region/gsw.res" 1506
"../../../Engine/Content/Internationalization/icudt64l/lang/gu.res" 1507
"../../../Engine/Content/Internationalization/icudt64l/region/gu.res" 1508
"../../../Engine/Content/Internationalization/icudt64l/lang/guz.res" 1509
"../../../Engine/Content/Internationalization/icudt64l/region/guz.res" 1510
"../../../Engine/Content/Internationalization/icudt64l/lang/gv.res" 1511
"../../../Engine/Content/Internationalization/icudt64l/region/gv.res" 1512
"../../../Engine/Content/Internationalization/icudt64l/lang/ha.res" 1513
"../../../Engine/Content/Internationalization/icudt64l/region/ha.res" 1514
"../../../Engine/Content/Internationalization/icudt64l/lang/ha_NE.res" 1515
"../../../Engine/Content/Internationalization/icudt64l/region/ha_NE.res" 1516
"../../../Engine/Content/Internationalization/icudt64l/lang/haw.res" 1517
"../../../Engine/Content/Internationalization/icudt64l/region/haw.res" 1518
"../../../Engine/Content/Internationalization/icudt64l/lang/he.res" 1519
"../../../Engine/Content/Internationalization/icudt64l/lang/he_IL.res" 1520
"../../../Engine/Content/Internationalization/icudt64l/region/he_IL.res" 1521
"../../../Engine/Content/Internationalization/icudt64l/region/he.res" 1522
"../../../Engine/Content/Internationalization/icudt64l/lang/hi.res" 1523
"../../../Engine/Content/Internationalization/icudt64l/region/hi.res" 1524
"../../../Engine/Content/Internationalization/icudt64l/lang/hr.res" 1525
"../../../Engine/Content/Internationalization/icudt64l/region/hr.res" 1526
"../../../Engine/Content/Internationalization/icudt64l/lang/hsb.res" 1527
"../../../Engine/Content/Internationalization/icudt64l/region/hsb.res" 1528
"../../../Engine/Content/Internationalization/icudt64l/lang/hu.res" 1529
"../../../Engine/Content/Internationalization/icudt64l/region/hu.res" 1530
"../../../Engine/Content/Internationalization/icudt64l/lang/hy.res" 1531
"../../../Engine/Content/Internationalization/icudt64l/region/hy.res" 1532
"../../../Engine/Content/Internationalization/icudt64l/lang/ia.res" 1533
"../../../Engine/Content/Internationalization/icudt64l/region/ia.res" 1534
"../../../Engine/Content/Internationalization/icudt64l/lang/id.res" 1535
"../../../Engine/Content/Internationalization/icudt64l/lang/id_ID.res" 1536
"../../../Engine/Content/Internationalization/icudt64l/region/id_ID.res" 1537
"../../../Engine/Content/Internationalization/icudt64l/region/id.res" 1538
"../../../Engine/Content/Internationalization/icudt64l/lang/ig.res" 1539
"../../../Engine/Content/Internationalization/icudt64l/region/ig.res" 1540
"../../../Engine/Content/Internationalization/icudt64l/lang/ii.res" 1541
"../../../Engine/Content/Internationalization/icudt64l/region/ii.res" 1542
"../../../Engine/Content/Internationalization/icudt64l/lang/is.res" 1543
"../../../Engine/Content/Internationalization/icudt64l/region/is.res" 1544
"../../../Engine/Content/Internationalization/icudt64l/lang/it.res" 1545
"../../../Engine/Content/Internationalization/icudt64l/region/it.res" 1546
"../../../Engine/Content/Internationalization/icudt64l/lang/ja.res" 1547
"../../../Engine/Content/Internationalization/icudt64l/lang/ja_JP.res" 1548
"../../../Engine/Content/Internationalization/icudt64l/region/ja_JP.res" 1549
"../../../Engine/Content/Internationalization/icudt64l/region/ja.res" 1550
"../../../Engine/Content/Internationalization/icudt64l/lang/jgo.res" 1551
"../../../Engine/Content/Internationalization/icudt64l/region/jgo.res" 1552
"../../../Engine/Content/Internationalization/icudt64l/lang/jmc.res" 1553
"../../../Engine/Content/Internationalization/icudt64l/region/jmc.res" 1554
"../../../Engine/Content/Internationalization/icudt64l/lang/jv.res" 1555
"../../../Engine/Content/Internationalization/icudt64l/region/jv.res" 1556
"../../../Engine/Content/Internationalization/icudt64l/lang/ka.res" 1557
"../../../Engine/Content/Internationalization/icudt64l/region/ka.res" 1558
"../../../Engine/Content/Internationalization/icudt64l/lang/kab.res" 1559
"../../../Engine/Content/Internationalization/icudt64l/region/kab.res" 1560
"../../../Engine/Content/Internationalization/icudt64l/lang/kam.res" 1561
"../../../Engine/Content/Internationalization/icudt64l/region/kam.res" 1562
"../../../Engine/Content/Internationalization/icudt64l/lang/kde.res" 1563
"../../../Engine/Content/Internationalization/icudt64l/region/kde.res" 1564
"../../../Engine/Content/Internationalization/icudt64l/lang/kea.res" 1565
"../../../Engine/Content/Internationalization/icudt64l/region/kea.res" 1566
"../../../Engine/Content/Internationalization/icudt64l/lang/khq.res" 1567
"../../../Engine/Content/Internationalization/icudt64l/region/khq.res" 1568
"../../../Engine/Content/Internationalization/icudt64l/lang/ki.res" 1569
"../../../Engine/Content/Internationalization/icudt64l/region/ki.res" 1570
"../../../Engine/Content/Internationalization/icudt64l/lang/kk.res" 1571
"../../../Engine/Content/Internationalization/icudt64l/region/kk.res" 1572
"../../../Engine/Content/Internationalization/icudt64l/lang/kkj.res" 1573
"../../../Engine/Content/Internationalization/icudt64l/region/kkj.res" 1574
"../../../Engine/Content/Internationalization/icudt64l/lang/kl.res" 1575
"../../../Engine/Content/Internationalization/icudt64l/region/kl.res" 1576
"../../../Engine/Content/Internationalization/icudt64l/lang/kln.res" 1577
"../../../Engine/Content/Internationalization/icudt64l/region/kln.res" 1578
"../../../Engine/Content/Internationalization/icudt64l/lang/km.res" 1579
"../../../Engine/Content/Internationalization/icudt64l/region/km.res" 1580
"../../../Engine/Content/Internationalization/icudt64l/lang/kn.res" 1581
"../../../Engine/Content/Internationalization/icudt64l/region/kn.res" 1582
"../../../Engine/Content/Internationalization/icudt64l/lang/ko.res" 1583
"../../../Engine/Content/Internationalization/icudt64l/region/ko_KP.res" 1584
"../../../Engine/Content/Internationalization/icudt64l/region/ko.res" 1585
"../../../Engine/Content/Internationalization/icudt64l/lang/kok.res" 1586
"../../../Engine/Content/Internationalization/icudt64l/region/kok.res" 1587
"../../../Engine/Content/Internationalization/icudt64l/lang/ks.res" 1588
"../../../Engine/Content/Internationalization/icudt64l/region/ks.res" 1589
"../../../Engine/Content/Internationalization/icudt64l/lang/ksb.res" 1590
"../../../Engine/Content/Internationalization/icudt64l/region/ksb.res" 1591
"../../../Engine/Content/Internationalization/icudt64l/lang/ksf.res" 1592
"../../../Engine/Content/Internationalization/icudt64l/region/ksf.res" 1593
"../../../Engine/Content/Internationalization/icudt64l/lang/ksh.res" 1594
"../../../Engine/Content/Internationalization/icudt64l/region/ksh.res" 1595
"../../../Engine/Content/Internationalization/icudt64l/lang/ku.res" 1596
"../../../Engine/Content/Internationalization/icudt64l/region/ku.res" 1597
"../../../Engine/Content/Internationalization/icudt64l/lang/kw.res" 1598
"../../../Engine/Content/Internationalization/icudt64l/region/kw.res" 1599
"../../../Engine/Content/Internationalization/icudt64l/lang/ky.res" 1600
"../../../Engine/Content/Internationalization/icudt64l/region/ky.res" 1601
"../../../Engine/Content/Internationalization/icudt64l/lang/lag.res" 1602
"../../../Engine/Content/Internationalization/icudt64l/region/lag.res" 1603
"../../../Engine/Content/Internationalization/icudt64l/lang/lb.res" 1604
"../../../Engine/Content/Internationalization/icudt64l/region/lb.res" 1605
"../../../Engine/Content/Internationalization/icudt64l/lang/lg.res" 1606
"../../../Engine/Content/Internationalization/icudt64l/region/lg.res" 1607
"../../../Engine/Content/Internationalization/icudt64l/lang/lkt.res" 1608
"../../../Engine/Content/Internationalization/icudt64l/region/lkt.res" 1609
"../../../Engine/Content/Internationalization/icudt64l/lang/ln.res" 1610
"../../../Engine/Content/Internationalization/icudt64l/region/ln.res" 1611
"../../../Engine/Content/Internationalization/icudt64l/lang/lo.res" 1612
"../../../Engine/Content/Internationalization/icudt64l/region/lo.res" 1613
"../../../Engine/Content/Internationalization/icudt64l/lang/lrc.res" 1614
"../../../Engine/Content/Internationalization/icudt64l/region/lrc.res" 1615
"../../../Engine/Content/Internationalization/icudt64l/lang/lt.res" 1616
"../../../Engine/Content/Internationalization/icudt64l/region/lt.res" 1617
"../../../Engine/Content/Internationalization/icudt64l/lang/lu.res" 1618
"../../../Engine/Content/Internationalization/icudt64l/region/lu.res" 1619
"../../../Engine/Content/Internationalization/icudt64l/lang/luo.res" 1620
"../../../Engine/Content/Internationalization/icudt64l/region/luo.res" 1621
"../../../Engine/Content/Internationalization/icudt64l/lang/luy.res" 1622
"../../../Engine/Content/Internationalization/icudt64l/region/luy.res" 1623
"../../../Engine/Content/Internationalization/icudt64l/lang/lv.res" 1624
"../../../Engine/Content/Internationalization/icudt64l/region/lv.res" 1625
"../../../Engine/Content/Internationalization/icudt64l/lang/mas.res" 1626
"../../../Engine/Content/Internationalization/icudt64l/region/mas.res" 1627
"../../../Engine/Content/Internationalization/icudt64l/lang/mer.res" 1628
"../../../Engine/Content/Internationalization/icudt64l/region/mer.res" 1629
"../../../Engine/Content/Internationalization/icudt64l/lang/mfe.res" 1630
"../../../Engine/Content/Internationalization/icudt64l/region/mfe.res" 1631
"../../../Engine/Content/Internationalization/icudt64l/lang/mg.res" 1632
"../../../Engine/Content/Internationalization/icudt64l/region/mg.res" 1633
"../../../Engine/Content/Internationalization/icudt64l/lang/mgh.res" 1634
"../../../Engine/Content/Internationalization/icudt64l/region/mgh.res" 1635
"../../../Engine/Content/Internationalization/icudt64l/lang/mgo.res" 1636
"../../../Engine/Content/Internationalization/icudt64l/region/mgo.res" 1637
"../../../Engine/Content/Internationalization/icudt64l/lang/mi.res" 1638
"../../../Engine/Content/Internationalization/icudt64l/region/mi.res" 1639
"../../../Engine/Content/Internationalization/icudt64l/lang/mk.res" 1640
"../../../Engine/Content/Internationalization/icudt64l/region/mk.res" 1641
"../../../Engine/Content/Internationalization/icudt64l/lang/ml.res" 1642
"../../../Engine/Content/Internationalization/icudt64l/region/ml.res" 1643
"../../../Engine/Content/Internationalization/icudt64l/lang/mn.res" 1644
"../../../Engine/Content/Internationalization/icudt64l/region/mn.res" 1645
"../../../Engine/Content/Internationalization/icudt64l/lang/mr.res" 1646
"../../../Engine/Content/Internationalization/icudt64l/region/mr.res" 1647
"../../../Engine/Content/Internationalization/icudt64l/lang/ms.res" 1648
"../../../Engine/Content/Internationalization/icudt64l/region/ms.res" 1649
"../../../Engine/Content/Internationalization/icudt64l/lang/mt.res" 1650
"../../../Engine/Content/Internationalization/icudt64l/region/mt.res" 1651
"../../../Engine/Content/Internationalization/icudt64l/lang/mua.res" 1652
"../../../Engine/Content/Internationalization/icudt64l/region/mua.res" 1653
"../../../Engine/Content/Internationalization/icudt64l/lang/my.res" 1654
"../../../Engine/Content/Internationalization/icudt64l/region/my.res" 1655
"../../../Engine/Content/Internationalization/icudt64l/lang/mzn.res" 1656
"../../../Engine/Content/Internationalization/icudt64l/region/mzn.res" 1657
"../../../Engine/Content/Internationalization/icudt64l/lang/naq.res" 1658
"../../../Engine/Content/Internationalization/icudt64l/region/naq.res" 1659
"../../../Engine/Content/Internationalization/icudt64l/lang/nb.res" 1660
"../../../Engine/Content/Internationalization/icudt64l/lang/nb_NO.res" 1661
"../../../Engine/Content/Internationalization/icudt64l/region/nb_NO.res" 1662
"../../../Engine/Content/Internationalization/icudt64l/region/nb.res" 1663
"../../../Engine/Content/Internationalization/icudt64l/lang/nd.res" 1664
"../../../Engine/Content/Internationalization/icudt64l/region/nd.res" 1665
"../../../Engine/Content/Internationalization/icudt64l/lang/nds.res" 1666
"../../../Engine/Content/Internationalization/icudt64l/region/nds.res" 1667
"../../../Engine/Content/Internationalization/icudt64l/lang/ne.res" 1668
"../../../Engine/Content/Internationalization/icudt64l/region/ne.res" 1669
"../../../Engine/Content/Internationalization/icudt64l/lang/nl.res" 1670
"../../../Engine/Content/Internationalization/icudt64l/region/nl.res" 1671
"../../../Engine/Content/Internationalization/icudt64l/lang/nmg.res" 1672
"../../../Engine/Content/Internationalization/icudt64l/region/nmg.res" 1673
"../../../Engine/Content/Internationalization/icudt64l/lang/nn.res" 1674
"../../../Engine/Content/Internationalization/icudt64l/lang/nn_NO.res" 1675
"../../../Engine/Content/Internationalization/icudt64l/region/nn_NO.res" 1676
"../../../Engine/Content/Internationalization/icudt64l/region/nn.res" 1677
"../../../Engine/Content/Internationalization/icudt64l/lang/nnh.res" 1678
"../../../Engine/Content/Internationalization/icudt64l/region/nnh.res" 1679
"../../../Engine/Content/Internationalization/icudt64l/lang/nus.res" 1680
"../../../Engine/Content/Internationalization/icudt64l/region/nus.res" 1681
"../../../Engine/Content/Internationalization/icudt64l/lang/nyn.res" 1682
"../../../Engine/Content/Internationalization/icudt64l/region/nyn.res" 1683
"../../../Engine/Content/Internationalization/icudt64l/lang/om.res" 1684
"../../../Engine/Content/Internationalization/icudt64l/region/om.res" 1685
"../../../Engine/Content/Internationalization/icudt64l/lang/or.res" 1686
"../../../Engine/Content/Internationalization/icudt64l/region/or.res" 1687
"../../../Engine/Content/Internationalization/icudt64l/lang/os.res" 1688
"../../../Engine/Content/Internationalization/icudt64l/region/os.res" 1689
"../../../Engine/Content/Internationalization/icudt64l/lang/pa.res" 1690
"../../../Engine/Content/Internationalization/icudt64l/lang/pa_Arab.res" 1691
"../../../Engine/Content/Internationalization/icudt64l/lang/pa_PK.res" 1692
"../../../Engine/Content/Internationalization/icudt64l/lang/pa_Arab_PK.res" 1693
"../../../Engine/Content/Internationalization/icudt64l/region/pa_PK.res" 1694
"../../../Engine/Content/Internationalization/icudt64l/region/pa_Arab_PK.res" 1695
"../../../Engine/Content/Internationalization/icudt64l/region/pa_Arab.res" 1696
"../../../Engine/Content/Internationalization/icudt64l/lang/pa_Guru.res" 1697
"../../../Engine/Content/Internationalization/icudt64l/lang/pa_IN.res" 1698
"../../../Engine/Content/Internationalization/icudt64l/lang/pa_Guru_IN.res" 1699
"../../../Engine/Content/Internationalization/icudt64l/region/pa_IN.res" 1700
"../../../Engine/Content/Internationalization/icudt64l/region/pa_Guru_IN.res" 1701
"../../../Engine/Content/Internationalization/icudt64l/region/pa_Guru.res" 1702
"../../../Engine/Content/Internationalization/icudt64l/region/pa.res" 1703
"../../../Engine/Content/Internationalization/icudt64l/lang/pl.res" 1704
"../../../Engine/Content/Internationalization/icudt64l/region/pl.res" 1705
"../../../Engine/Content/Internationalization/icudt64l/lang/ps.res" 1706
"../../../Engine/Content/Internationalization/icudt64l/region/ps.res" 1707
"../../../Engine/Content/Internationalization/icudt64l/lang/ps_PK.res" 1708
"../../../Engine/Content/Internationalization/icudt64l/region/ps_PK.res" 1709
"../../../Engine/Content/Internationalization/icudt64l/lang/pt.res" 1710
"../../../Engine/Content/Internationalization/icudt64l/lang/pt_AO.res" 1711
"../../../Engine/Content/Internationalization/icudt64l/lang/pt_PT.res" 1712
"../../../Engine/Content/Internationalization/icudt64l/region/pt_AO.res" 1713
"../../../Engine/Content/Internationalization/icudt64l/region/pt_PT.res" 1714
"../../../Engine/Content/Internationalization/icudt64l/region/pt.res" 1715
"../../../Engine/Content/Internationalization/icudt64l/lang/pt_CH.res" 1716
"../../../Engine/Content/Internationalization/icudt64l/region/pt_CH.res" 1717
"../../../Engine/Content/Internationalization/icudt64l/lang/pt_CV.res" 1718
"../../../Engine/Content/Internationalization/icudt64l/region/pt_CV.res" 1719
"../../../Engine/Content/Internationalization/icudt64l/lang/pt_GQ.res" 1720
"../../../Engine/Content/Internationalization/icudt64l/region/pt_GQ.res" 1721
"../../../Engine/Content/Internationalization/icudt64l/lang/pt_GW.res" 1722
"../../../Engine/Content/Internationalization/icudt64l/region/pt_GW.res" 1723
"../../../Engine/Content/Internationalization/icudt64l/lang/pt_LU.res" 1724
"../../../Engine/Content/Internationalization/icudt64l/region/pt_LU.res" 1725
"../../../Engine/Content/Internationalization/icudt64l/lang/pt_MO.res" 1726
"../../../Engine/Content/Internationalization/icudt64l/region/pt_MO.res" 1727
"../../../Engine/Content/Internationalization/icudt64l/lang/pt_MZ.res" 1728
"../../../Engine/Content/Internationalization/icudt64l/region/pt_MZ.res" 1729
"../../../Engine/Content/Internationalization/icudt64l/lang/pt_ST.res" 1730
"../../../Engine/Content/Internationalization/icudt64l/region/pt_ST.res" 1731
"../../../Engine/Content/Internationalization/icudt64l/lang/pt_TL.res" 1732
"../../../Engine/Content/Internationalization/icudt64l/region/pt_TL.res" 1733
"../../../Engine/Content/Internationalization/icudt64l/lang/qu.res" 1734
"../../../Engine/Content/Internationalization/icudt64l/region/qu.res" 1735
"../../../Engine/Content/Internationalization/icudt64l/lang/rm.res" 1736
"../../../Engine/Content/Internationalization/icudt64l/region/rm.res" 1737
"../../../Engine/Content/Internationalization/icudt64l/lang/rn.res" 1738
"../../../Engine/Content/Internationalization/icudt64l/region/rn.res" 1739
"../../../Engine/Content/Internationalization/icudt64l/lang/ro.res" 1740
"../../../Engine/Content/Internationalization/icudt64l/lang/ro_MD.res" 1741
"../../../Engine/Content/Internationalization/icudt64l/region/ro_MD.res" 1742
"../../../Engine/Content/Internationalization/icudt64l/region/ro.res" 1743
"../../../Engine/Content/Internationalization/icudt64l/lang/rof.res" 1744
"../../../Engine/Content/Internationalization/icudt64l/region/rof.res" 1745
"../../../Engine/Content/Internationalization/icudt64l/lang/ru.res" 1746
"../../../Engine/Content/Internationalization/icudt64l/region/ru.res" 1747
"../../../Engine/Content/Internationalization/icudt64l/region/ru_UA.res" 1748
"../../../Engine/Content/Internationalization/icudt64l/lang/rw.res" 1749
"../../../Engine/Content/Internationalization/icudt64l/region/rw.res" 1750
"../../../Engine/Content/Internationalization/icudt64l/lang/rwk.res" 1751
"../../../Engine/Content/Internationalization/icudt64l/region/rwk.res" 1752
"../../../Engine/Content/Internationalization/icudt64l/lang/sah.res" 1753
"../../../Engine/Content/Internationalization/icudt64l/region/sah.res" 1754
"../../../Engine/Content/Internationalization/icudt64l/lang/saq.res" 1755
"../../../Engine/Content/Internationalization/icudt64l/region/saq.res" 1756
"../../../Engine/Content/Internationalization/icudt64l/lang/sbp.res" 1757
"../../../Engine/Content/Internationalization/icudt64l/region/sbp.res" 1758
"../../../Engine/Content/Internationalization/icudt64l/lang/sd.res" 1759
"../../../Engine/Content/Internationalization/icudt64l/region/sd.res" 1760
"../../../Engine/Content/Internationalization/icudt64l/lang/se.res" 1761
"../../../Engine/Content/Internationalization/icudt64l/lang/se_FI.res" 1762
"../../../Engine/Content/Internationalization/icudt64l/region/se_FI.res" 1763
"../../../Engine/Content/Internationalization/icudt64l/region/se.res" 1764
"../../../Engine/Content/Internationalization/icudt64l/lang/seh.res" 1765
"../../../Engine/Content/Internationalization/icudt64l/region/seh.res" 1766
"../../../Engine/Content/Internationalization/icudt64l/lang/ses.res" 1767
"../../../Engine/Content/Internationalization/icudt64l/region/ses.res" 1768
"../../../Engine/Content/Internationalization/icudt64l/lang/sg.res" 1769
"../../../Engine/Content/Internationalization/icudt64l/region/sg.res" 1770
"../../../Engine/Content/Internationalization/icudt64l/lang/shi.res" 1771
"../../../Engine/Content/Internationalization/icudt64l/lang/shi_Latn.res" 1772
"../../../Engine/Content/Internationalization/icudt64l/lang/shi_MA.res" 1773
"../../../Engine/Content/Internationalization/icudt64l/lang/shi_Tfng_MA.res" 1774
"../../../Engine/Content/Internationalization/icudt64l/lang/shi_Tfng.res" 1775
"../../../Engine/Content/Internationalization/icudt64l/region/shi_MA.res" 1776
"../../../Engine/Content/Internationalization/icudt64l/region/shi_Tfng_MA.res" 1777
"../../../Engine/Content/Internationalization/icudt64l/region/shi_Tfng.res" 1778
"../../../Engine/Content/Internationalization/icudt64l/region/shi.res" 1779
"../../../Engine/Content/Internationalization/icudt64l/region/shi_Latn.res" 1780
"../../../Engine/Content/Internationalization/icudt64l/lang/si.res" 1781
"../../../Engine/Content/Internationalization/icudt64l/region/si.res" 1782
"../../../Engine/Content/Internationalization/icudt64l/lang/sk.res" 1783
"../../../Engine/Content/Internationalization/icudt64l/region/sk.res" 1784
"../../../Engine/Content/Internationalization/icudt64l/lang/sl.res" 1785
"../../../Engine/Content/Internationalization/icudt64l/region/sl.res" 1786
"../../../Engine/Content/Internationalization/icudt64l/lang/smn.res" 1787
"../../../Engine/Content/Internationalization/icudt64l/region/smn.res" 1788
"../../../Engine/Content/Internationalization/icudt64l/lang/sn.res" 1789
"../../../Engine/Content/Internationalization/icudt64l/region/sn.res" 1790
"../../../Engine/Content/Internationalization/icudt64l/lang/so.res" 1791
"../../../Engine/Content/Internationalization/icudt64l/region/so.res" 1792
"../../../Engine/Content/Internationalization/icudt64l/lang/sq.res" 1793
"../../../Engine/Content/Internationalization/icudt64l/region/sq.res" 1794
"../../../Engine/Content/Internationalization/icudt64l/lang/sr.res" 1795
"../../../Engine/Content/Internationalization/icudt64l/lang/sr_Cyrl.res" 1796
"../../../Engine/Content/Internationalization/icudt64l/lang/sr_BA.res" 1797
"../../../Engine/Content/Internationalization/icudt64l/lang/sr_Cyrl_BA.res" 1798
"../../../Engine/Content/Internationalization/icudt64l/region/sr_BA.res" 1799
"../../../Engine/Content/Internationalization/icudt64l/region/sr_Cyrl_BA.res" 1800
"../../../Engine/Content/Internationalization/icudt64l/region/sr_Cyrl.res" 1801
"../../../Engine/Content/Internationalization/icudt64l/region/sr.res" 1802
"../../../Engine/Content/Internationalization/icudt64l/lang/sr_ME.res" 1803
"../../../Engine/Content/Internationalization/icudt64l/lang/sr_Latn_ME.res" 1804
"../../../Engine/Content/Internationalization/icudt64l/lang/sr_Latn.res" 1805
"../../../Engine/Content/Internationalization/icudt64l/region/sr_ME.res" 1806
"../../../Engine/Content/Internationalization/icudt64l/region/sr_Latn_ME.res" 1807
"../../../Engine/Content/Internationalization/icudt64l/region/sr_Latn.res" 1808
"../../../Engine/Content/Internationalization/icudt64l/lang/sr_Cyrl_ME.res" 1809
"../../../Engine/Content/Internationalization/icudt64l/region/sr_Cyrl_ME.res" 1810
"../../../Engine/Content/Internationalization/icudt64l/lang/sr_RS.res" 1811
"../../../Engine/Content/Internationalization/icudt64l/lang/sr_Cyrl_RS.res" 1812
"../../../Engine/Content/Internationalization/icudt64l/region/sr_RS.res" 1813
"../../../Engine/Content/Internationalization/icudt64l/region/sr_Cyrl_RS.res" 1814
"../../../Engine/Content/Internationalization/icudt64l/lang/sr_XK.res" 1815
"../../../Engine/Content/Internationalization/icudt64l/lang/sr_Cyrl_XK.res" 1816
"../../../Engine/Content/Internationalization/icudt64l/region/sr_XK.res" 1817
"../../../Engine/Content/Internationalization/icudt64l/region/sr_Cyrl_XK.res" 1818
"../../../Engine/Content/Internationalization/icudt64l/lang/sr_Latn_BA.res" 1819
"../../../Engine/Content/Internationalization/icudt64l/region/sr_Latn_BA.res" 1820
"../../../Engine/Content/Internationalization/icudt64l/lang/sr_Latn_RS.res" 1821
"../../../Engine/Content/Internationalization/icudt64l/region/sr_Latn_RS.res" 1822
"../../../Engine/Content/Internationalization/icudt64l/lang/sr_Latn_XK.res" 1823
"../../../Engine/Content/Internationalization/icudt64l/region/sr_Latn_XK.res" 1824
"../../../Engine/Content/Internationalization/icudt64l/lang/sv.res" 1825
"../../../Engine/Content/Internationalization/icudt64l/region/sv.res" 1826
"../../../Engine/Content/Internationalization/icudt64l/lang/sv_FI.res" 1827
"../../../Engine/Content/Internationalization/icudt64l/lang/sw.res" 1828
"../../../Engine/Content/Internationalization/icudt64l/lang/sw_CD.res" 1829
"../../../Engine/Content/Internationalization/icudt64l/region/sw_CD.res" 1830
"../../../Engine/Content/Internationalization/icudt64l/region/sw.res" 1831
"../../../Engine/Content/Internationalization/icudt64l/lang/sw_KE.res" 1832
"../../../Engine/Content/Internationalization/icudt64l/region/sw_KE.res" 1833
"../../../Engine/Content/Internationalization/icudt64l/lang/ta.res" 1834
"../../../Engine/Content/Internationalization/icudt64l/region/ta.res" 1835
"../../../Engine/Content/Internationalization/icudt64l/lang/te.res" 1836
"../../../Engine/Content/Internationalization/icudt64l/region/te.res" 1837
"../../../Engine/Content/Internationalization/icudt64l/lang/teo.res" 1838
"../../../Engine/Content/Internationalization/icudt64l/region/teo.res" 1839
"../../../Engine/Content/Internationalization/icudt64l/lang/tg.res" 1840
"../../../Engine/Content/Internationalization/icudt64l/region/tg.res" 1841
"../../../Engine/Content/Internationalization/icudt64l/lang/th.res" 1842
"../../../Engine/Content/Internationalization/icudt64l/lang/th_TH.res" 1843
"../../../Engine/Content/Internationalization/icudt64l/region/th_TH.res" 1844
"../../../Engine/Content/Internationalization/icudt64l/region/th.res" 1845
"../../../Engine/Content/Internationalization/icudt64l/lang/ti.res" 1846
"../../../Engine/Content/Internationalization/icudt64l/region/ti.res" 1847
"../../../Engine/Content/Internationalization/icudt64l/lang/tk.res" 1848
"../../../Engine/Content/Internationalization/icudt64l/region/tk.res" 1849
"../../../Engine/Content/Internationalization/icudt64l/lang/to.res" 1850
"../../../Engine/Content/Internationalization/icudt64l/region/to.res" 1851
"../../../Engine/Content/Internationalization/icudt64l/lang/tr.res" 1852
"../../../Engine/Content/Internationalization/icudt64l/region/tr.res" 1853
"../../../Engine/Content/Internationalization/icudt64l/lang/tt.res" 1854
"../../../Engine/Content/Internationalization/icudt64l/region/tt.res" 1855
"../../../Engine/Content/Internationalization/icudt64l/lang/twq.res" 1856
"../../../Engine/Content/Internationalization/icudt64l/region/twq.res" 1857
"../../../Engine/Content/Internationalization/icudt64l/lang/tzm.res" 1858
"../../../Engine/Content/Internationalization/icudt64l/region/tzm.res" 1859
"../../../Engine/Content/Internationalization/icudt64l/lang/ug.res" 1860
"../../../Engine/Content/Internationalization/icudt64l/region/ug.res" 1861
"../../../Engine/Content/Internationalization/icudt64l/lang/uk.res" 1862
"../../../Engine/Content/Internationalization/icudt64l/region/uk.res" 1863
"../../../Engine/Content/Internationalization/icudt64l/lang/ur.res" 1864
"../../../Engine/Content/Internationalization/icudt64l/lang/ur_IN.res" 1865
"../../../Engine/Content/Internationalization/icudt64l/region/ur_IN.res" 1866
"../../../Engine/Content/Internationalization/icudt64l/region/ur.res" 1867
"../../../Engine/Content/Internationalization/icudt64l/lang/uz.res" 1868
"../../../Engine/Content/Internationalization/icudt64l/lang/uz_Arab.res" 1869
"../../../Engine/Content/Internationalization/icudt64l/lang/uz_AF.res" 1870
"../../../Engine/Content/Internationalization/icudt64l/lang/uz_Arab_AF.res" 1871
"../../../Engine/Content/Internationalization/icudt64l/region/uz_AF.res" 1872
"../../../Engine/Content/Internationalization/icudt64l/region/uz_Arab_AF.res" 1873
"../../../Engine/Content/Internationalization/icudt64l/region/uz_Arab.res" 1874
"../../../Engine/Content/Internationalization/icudt64l/lang/uz_Cyrl.res" 1875
"../../../Engine/Content/Internationalization/icudt64l/lang/uz_UZ.res" 1876
"../../../Engine/Content/Internationalization/icudt64l/lang/uz_Latn_UZ.res" 1877
"../../../Engine/Content/Internationalization/icudt64l/lang/uz_Latn.res" 1878
"../../../Engine/Content/Internationalization/icudt64l/region/uz_UZ.res" 1879
"../../../Engine/Content/Internationalization/icudt64l/region/uz_Latn_UZ.res" 1880
"../../../Engine/Content/Internationalization/icudt64l/region/uz_Latn.res" 1881
"../../../Engine/Content/Internationalization/icudt64l/region/uz.res" 1882
"../../../Engine/Content/Internationalization/icudt64l/region/uz_Cyrl.res" 1883
"../../../Engine/Content/Internationalization/icudt64l/lang/vai.res" 1884
"../../../Engine/Content/Internationalization/icudt64l/lang/vai_Latn.res" 1885
"../../../Engine/Content/Internationalization/icudt64l/lang/vai_LR.res" 1886
"../../../Engine/Content/Internationalization/icudt64l/lang/vai_Vaii_LR.res" 1887
"../../../Engine/Content/Internationalization/icudt64l/lang/vai_Vaii.res" 1888
"../../../Engine/Content/Internationalization/icudt64l/region/vai_LR.res" 1889
"../../../Engine/Content/Internationalization/icudt64l/region/vai_Vaii_LR.res" 1890
"../../../Engine/Content/Internationalization/icudt64l/region/vai_Vaii.res" 1891
"../../../Engine/Content/Internationalization/icudt64l/region/vai.res" 1892
"../../../Engine/Content/Internationalization/icudt64l/region/vai_Latn.res" 1893
"../../../Engine/Content/Internationalization/icudt64l/lang/vi.res" 1894
"../../../Engine/Content/Internationalization/icudt64l/region/vi.res" 1895
"../../../Engine/Content/Internationalization/icudt64l/lang/vun.res" 1896
"../../../Engine/Content/Internationalization/icudt64l/region/vun.res" 1897
"../../../Engine/Content/Internationalization/icudt64l/lang/wae.res" 1898
"../../../Engine/Content/Internationalization/icudt64l/region/wae.res" 1899
"../../../Engine/Content/Internationalization/icudt64l/lang/wo.res" 1900
"../../../Engine/Content/Internationalization/icudt64l/region/wo.res" 1901
"../../../Engine/Content/Internationalization/icudt64l/lang/xh.res" 1902
"../../../Engine/Content/Internationalization/icudt64l/region/xh.res" 1903
"../../../Engine/Content/Internationalization/icudt64l/lang/xog.res" 1904
"../../../Engine/Content/Internationalization/icudt64l/region/xog.res" 1905
"../../../Engine/Content/Internationalization/icudt64l/lang/yav.res" 1906
"../../../Engine/Content/Internationalization/icudt64l/region/yav.res" 1907
"../../../Engine/Content/Internationalization/icudt64l/lang/yi.res" 1908
"../../../Engine/Content/Internationalization/icudt64l/region/yi.res" 1909
"../../../Engine/Content/Internationalization/icudt64l/lang/yo.res" 1910
"../../../Engine/Content/Internationalization/icudt64l/lang/yo_BJ.res" 1911
"../../../Engine/Content/Internationalization/icudt64l/region/yo_BJ.res" 1912
"../../../Engine/Content/Internationalization/icudt64l/region/yo.res" 1913
"../../../Engine/Content/Internationalization/icudt64l/lang/yue.res" 1914
"../../../Engine/Content/Internationalization/icudt64l/lang/yue_Hans.res" 1915
"../../../Engine/Content/Internationalization/icudt64l/lang/yue_CN.res" 1916
"../../../Engine/Content/Internationalization/icudt64l/lang/yue_Hans_CN.res" 1917
"../../../Engine/Content/Internationalization/icudt64l/region/yue_CN.res" 1918
"../../../Engine/Content/Internationalization/icudt64l/region/yue_Hans_CN.res" 1919
"../../../Engine/Content/Internationalization/icudt64l/region/yue_Hans.res" 1920
"../../../Engine/Content/Internationalization/icudt64l/lang/yue_Hant.res" 1921
"../../../Engine/Content/Internationalization/icudt64l/lang/yue_HK.res" 1922
"../../../Engine/Content/Internationalization/icudt64l/lang/yue_Hant_HK.res" 1923
"../../../Engine/Content/Internationalization/icudt64l/region/yue_HK.res" 1924
"../../../Engine/Content/Internationalization/icudt64l/region/yue_Hant_HK.res" 1925
"../../../Engine/Content/Internationalization/icudt64l/region/yue_Hant.res" 1926
"../../../Engine/Content/Internationalization/icudt64l/region/yue.res" 1927
"../../../Engine/Content/Internationalization/icudt64l/lang/zgh.res" 1928
"../../../Engine/Content/Internationalization/icudt64l/region/zgh.res" 1929
"../../../Engine/Content/Internationalization/icudt64l/lang/zh.res" 1930
"../../../Engine/Content/Internationalization/icudt64l/lang/zh_Hans.res" 1931
"../../../Engine/Content/Internationalization/icudt64l/lang/zh_CN.res" 1932
"../../../Engine/Content/Internationalization/icudt64l/lang/zh_Hans_CN.res" 1933
"../../../Engine/Content/Internationalization/icudt64l/region/zh_CN.res" 1934
"../../../Engine/Content/Internationalization/icudt64l/region/zh_Hans_CN.res" 1935
"../../../Engine/Content/Internationalization/icudt64l/region/zh_Hans.res" 1936
"../../../Engine/Content/Internationalization/icudt64l/region/zh.res" 1937
"../../../Engine/Content/Internationalization/icudt64l/lang/zh_HK.res" 1938
"../../../Engine/Content/Internationalization/icudt64l/lang/zh_Hant_HK.res" 1939
"../../../Engine/Content/Internationalization/icudt64l/lang/zh_Hant.res" 1940
"../../../Engine/Content/Internationalization/icudt64l/region/zh_HK.res" 1941
"../../../Engine/Content/Internationalization/icudt64l/region/zh_Hant_HK.res" 1942
"../../../Engine/Content/Internationalization/icudt64l/region/zh_Hant.res" 1943
"../../../Engine/Content/Internationalization/icudt64l/lang/zh_MO.res" 1944
"../../../Engine/Content/Internationalization/icudt64l/lang/zh_Hant_MO.res" 1945
"../../../Engine/Content/Internationalization/icudt64l/region/zh_MO.res" 1946
"../../../Engine/Content/Internationalization/icudt64l/region/zh_Hant_MO.res" 1947
"../../../Engine/Content/Internationalization/icudt64l/lang/zh_SG.res" 1948
"../../../Engine/Content/Internationalization/icudt64l/lang/zh_Hans_SG.res" 1949
"../../../Engine/Content/Internationalization/icudt64l/region/zh_SG.res" 1950
"../../../Engine/Content/Internationalization/icudt64l/region/zh_Hans_SG.res" 1951
"../../../Engine/Content/Internationalization/icudt64l/lang/zh_TW.res" 1952
"../../../Engine/Content/Internationalization/icudt64l/lang/zh_Hant_TW.res" 1953
"../../../Engine/Content/Internationalization/icudt64l/region/zh_TW.res" 1954
"../../../Engine/Content/Internationalization/icudt64l/region/zh_Hant_TW.res" 1955
"../../../Engine/Content/Internationalization/icudt64l/lang/zu.res" 1956
"../../../Engine/Content/Internationalization/icudt64l/region/zu.res" 1957
"../../../Engine/Content/Internationalization/icudt64l/lang/no.res" 1958
"../../../Engine/Content/Internationalization/icudt64l/lang/tl.res" 1959
"../../../Engine/Config/Android/DataDrivenPlatformInfo.ini" 1960
"../../../Engine/Config/IOS/DataDrivenPlatformInfo.ini" 1961
"../../../Engine/Config/Linux/DataDrivenPlatformInfo.ini" 1962
"../../../Engine/Config/Mac/DataDrivenPlatformInfo.ini" 1963
"../../../Engine/Config/TVOS/DataDrivenPlatformInfo.ini" 1964
"../../../Engine/Config/Unix/DataDrivenPlatformInfo.ini" 1965
"../../../Engine/Config/VulkanPC/DataDrivenPlatformInfo.ini" 1966
"../../../Engine/Config/Windows/DataDrivenPlatformInfo.ini" 1967
"../../../Engine/Platforms/VisionOS/Config/DataDrivenPlatformInfo.ini" 1968
"../../../Engine/Content/Renderer/TessellationTable.bin" 1969
"../../../Engine/DerivedDataCache/Compressed.ddp" 1970
"C:/Users/tazmi/AppData/Local/UnrealEngine/5.6/Saved/Zen/zen.version" 1971
"C:/Users/tazmi/AppData/Local/UnrealEngine/Common/Zen/Install/zen.version" 1972
"C:/Users/tazmi/AppData/Local/UnrealEngine/Common/Zen/Install/zenserver.runcontext" 1973
"C:/Users/tazmi/AppData/Local/UnrealEngine/Common/DerivedDataCache/TestData/0/TestData_4kb.dat" 1974
"C:/Users/tazmi/AppData/Local/UnrealEngine/Common/DerivedDataCache/TestData/1/TestData_4kb.dat" 1975
"C:/Users/tazmi/AppData/Local/UnrealEngine/Common/DerivedDataCache/TestData/0/TestData_8kb.dat" 1976
"C:/Users/tazmi/AppData/Local/UnrealEngine/Common/DerivedDataCache/TestData/1/TestData_8kb.dat" 1977
"C:/Users/tazmi/AppData/Local/UnrealEngine/Common/DerivedDataCache/TestData/0/TestData_16kb.dat" 1978
"C:/Users/tazmi/AppData/Local/UnrealEngine/Common/DerivedDataCache/TestData/1/TestData_16kb.dat" 1979
"C:/Users/tazmi/AppData/Local/UnrealEngine/Common/DerivedDataCache/TestData/0/TestData_64kb.dat" 1980
"C:/Users/tazmi/AppData/Local/UnrealEngine/Common/DerivedDataCache/TestData/1/TestData_64kb.dat" 1981
"C:/Users/tazmi/AppData/Local/UnrealEngine/Common/DerivedDataCache/TestData/0/TestData_128kb.dat" 1982
"C:/Users/tazmi/AppData/Local/UnrealEngine/Common/DerivedDataCache/TestData/1/TestData_128kb.dat" 1983
"C:/Users/tazmi/AppData/Local/UnrealEngine/Common/DerivedDataCache/TestData/0/TestData_256kb.dat" 1984
"C:/Users/tazmi/AppData/Local/UnrealEngine/Common/DerivedDataCache/TestData/1/TestData_256kb.dat" 1985
"C:/Users/tazmi/AppData/Roaming/Unreal Engine/UnrealBuildTool/BuildConfiguration.xml" 1986
"../../../../../../Users/tazmi/Documents/Unreal Projects/Tandalfs-Tumultuous-Time-Trials/TandalfsTumultuousTT/Intermediate/ShaderAutogen/PCD3D_SM6/AutogenShaderHeaders.ush" 1987
"../../../Engine/Shaders/Private/HairStrands/HairStrandsVertexFactory.ush" 1988
"../../../Engine/Shaders/Private/VertexFactoryCommon.ush" 1989
"../../../Engine/Shaders/Private/Common.ush" 1990
"../../../Engine/Shaders/Public/Platform.ush" 1991
"../../../Engine/Shaders/Public/FP16Math.ush" 1992
"../../../Engine/Shaders/Public/Platform/D3D/D3DCommon.ush" 1993
"../../../Engine/Shaders/Shared/HLSLReservedSpaces.h" 1994
"../../../Engine/Shaders/Public/BindlessResources.ush" 1995
"../../../Engine/Shaders/Public/Platform/D3D/PlatformBindlessResources.ush" 1996
"../../../Engine/Shaders/Shared/RayTracingBuiltInResources.h" 1997
"../../../Engine/Shaders/Shared/RayTracingDefinitions.h" 1998
"../../../Engine/Shaders/Public/OverloadMacros.ush" 1999
"../../../Engine/Shaders/Public/ShaderVersion.ush" 2000
"../../../Engine/Shaders/Shared/ThirdParty/NVIDIA/nvHLSLExtns.h" 2001
"../../../Engine/Shaders/Shared/ThirdParty/NVIDIA/nvHLSLExtnsInternal.h" 2002
"../../../Engine/Shaders/Shared/ThirdParty/NVIDIA/nvShaderExtnEnums.h" 2003
"../../../Engine/Shaders/Private/PackUnpack.ush" 2004
"../../../Engine/Shaders/Private/GeneratedUniformBufferTypes.ush" 2005
"../../../Engine/Shaders/Private/Nanite/NanitePackedNaniteView.ush" 2006
"../../../Engine/Shaders/Private/HairStrands/HairStrandsVisibilityCommonStruct.ush" 2007
"../../../Engine/Shaders/Private/HairStrands/HairStrandsVoxelPageCommonStruct.ush" 2008
"../../../Engine/Shaders/Private/HairStrands/HairStrandsDeepShadowCommonStruct.ush" 2009
"../../../Engine/Shaders/Shared/LightSceneData.h" 2010
"../../../Engine/Shaders/Shared/HLSLTypeAliases.h" 2011
"../../../Engine/Shaders/Private/LargeWorldCoordinates.ush" 2012
"../../../Engine/Shaders/Private/DoubleFloat.ush" 2013
"../../../Engine/Shaders/Private/RandomPCG.ush" 2014
"../../../Engine/Shaders/Private/DoubleFloatOperations.ush" 2015
"../../../Engine/Shaders/Private/DoubleFloatVectorDefinition.ush" 2016
"../../../Engine/Shaders/Private/LWCOperations.ush" 2017
"../../../Engine/Shaders/Shared/LightViewData.h" 2018
"../../../Engine/Shaders/Shared/RayTracingTypes.h" 2019
"../../../Engine/Shaders/Shared/HLSLStaticAssert.h" 2020
"../../../Engine/Shaders/Private/CommonViewUniformBuffer.ush" 2021
"../../../Engine/Shaders/Private/InstancedStereo.ush" 2022
"../../../Engine/Shaders/Private/Definitions.usf" 2023
"../../../Engine/Shaders/Private/AssertionMacros.ush" 2024
"../../../Engine/Shaders/Private/FastMath.ush" 2025
"../../../Engine/Shaders/Private/FastMathThirdParty.ush" 2026
"../../../Engine/Shaders/Private/Random.ush" 2027
"../../../Engine/Shaders/Private/RandomInterleavedGradientNoise.ush" 2028
"../../../Engine/Shaders/Private/SceneData.ush" 2029
"../../../Engine/Shaders/Private/OctahedralCommon.ush" 2030
"../../../Engine/Shaders/Private/WaveOpUtil.ush" 2031
"../../../Engine/Shaders/Private/ByteBuffer.ush" 2032
"../../../Engine/Shaders/Shared/SceneDefinitions.h" 2033
"../../../Engine/Shaders/Private/SceneDataMobileLoader.ush" 2034
"../../../Engine/Shaders/Private/LocalVertexFactoryCommon.ush" 2035
"../../../Engine/Shaders/Private/HairStrands/HairStrandsVisibilityCommon.ush" 2036
"../../../Engine/Shaders/Shared/HairStrandsDefinitions.h" 2037
"../../../Engine/Shaders/Private/HairStrands/HairStrandsVertexFactoryCommon.ush" 2038
"../../../Engine/Shaders/Private/HairStrands/HairStrandsPack.ush" 2039
"../../../Engine/Shaders/Private/HairStrands/HairStrandsAttributeCommon.ush" 2040
"../../../Engine/Shaders/Private/HairStrands/HairStrandsAttributeTemplate.ush" 2041
"../../../Engine/Shaders/Private/VertexFactoryDefaultInterface.ush" 2042
"../../../Engine/Shaders/Private/HairStrands/HairCardsVertexFactory.ush" 2043
"../../../Engine/Shaders/Private/HairStrands/HairCardsAttributeCommon.ush" 2044
"../../../Engine/Shaders/Private/RayTracing/RayTracingCommon.ush" 2045
"../../../Engine/Shaders/Private/ShadingCommon.ush" 2046
"../../../Engine/Shaders/Shared/RayTracingPayloadType.h" 2047
"../../../Engine/Shaders/Private/RayTracing/RayTracingRayCone.ush" 2048
"../../../Engine/Shaders/Private/Substrate/Substrate.ush" 2049
"../../../Engine/Shaders/Private/ShadingEnergyConservation.ush" 2050
"../../../Engine/Shaders/Private/ShadingEnergyConservationTemplate.ush" 2051
"../../../Engine/Shaders/Private/BRDF.ush" 2052
"../../../Engine/Shaders/Private/ColorSpace.ush" 2053
"../../../Engine/Shaders/Private/DeferredShadingCommon.ush" 2054
"../../../Engine/Shaders/Private/LightAccumulator.ush" 2055
"../../../Engine/Shaders/Private/SceneTexturesCommon.ush" 2056
"../../../Engine/Shaders/Private/MonteCarlo.ush" 2057
"../../../Engine/Shaders/Private/GBufferHelpers.ush" 2058
"../../../Engine/Shaders/Private/SceneTextureParameters.ush" 2059
"C:/Users/tazmi/Documents/Unreal Projects/Tandalfs-Tumultuous-Time-Trials/TandalfsTumultuousTT/Intermediate/ShaderAutogen/PCD3D_SM6/AutogenShaderHeaders.ush" 2060
"../../../Engine/Shaders/Private/ParticipatingMediaCommon.ush" 2061
"../../../Engine/Shaders/Private/ThinFilmBSDF.ush" 2062
"../../../Engine/Shaders/Private/MortonCode.ush" 2063
"../../../Engine/Shaders/Private/SubsurfaceProfileCommon.ush" 2064
"../../../Engine/Shaders/Private/BurleyNormalizedSSSCommon.ush" 2065
"../../../Engine/Shaders/Private/GammaCorrectionCommon.ush" 2066
"../../../Engine/Shaders/Shared/SubstrateDefinitions.h" 2067
"../../../Engine/Shaders/Private/Substrate/SubstrateStatisticalOperators.ush" 2068
"../../../Engine/Shaders/Private/Substrate/SubstrateSubsurface.ush" 2069
"../../../Engine/Shaders/Private/TransmissionCommon.ush" 2070
"../../../Engine/Shaders/Private/Substrate/SubstrateExportCommon.ush" 2071
"../../../Engine/Shaders/Private/SpecularProfileCommon.ush" 2072
"../../../Engine/Shaders/Private/RayTracing/RayTracingCommonMetal.ush" 2073
"../../../Engine/Shaders/Private/PositionReconstructionCommon.ush" 2074
"../../../Engine/Shaders/Private/RayTracing/TraceRayInline.ush" 2075
"../../../Engine/Shaders/Private/RayTracing/TraceRayInlineCommon.ush" 2076
"../../../Engine/Shaders/Private/RayTracing/TraceRayInlineVulkan.ush" 2077
"../../../Engine/Shaders/Private/RayTracing/TraceRayInlineMetal.ush" 2078
"../../../Engine/Shaders/Private/RayTracing/TraceRayInlineD3D12.ush" 2079
"../../../Engine/Shaders/Private/RayTracing/RayTracingHitGroupCommon.ush" 2080
"../../../Engine/Shaders/Private/Nanite/NaniteRayTrace.ush" 2081
"../../../Engine/Shaders/Private/Nanite/NaniteDataDecode.ush" 2082
"../../../Engine/Shaders/Private/BitPacking.ush" 2083
"../../../Engine/Shaders/Private/BitStreamReaderImplementation.ush" 2084
"../../../Engine/Shaders/Private/BoneTransform.ush" 2085
"../../../Engine/Shaders/Private/Quaternion.ush" 2086
"../../../Engine/Shaders/Shared/NaniteDefinitions.h" 2087
"../../../Engine/Shaders/Shared/SkinningDefinitions.h" 2088
"../../../Engine/Shaders/Private/Nanite/NaniteAttributeDecode.ush" 2089
"../../../Engine/Shaders/Private/Barycentrics.ush" 2090
"../../../Engine/Shaders/Private/DualNumber.ush" 2091
"../../../Engine/Shaders/Shared/ThirdParty/RayTriangleIntersection.h" 2092
"../../../Engine/Shaders/Private/Nanite/NaniteVertexFetch.ush" 2093
"../../../Engine/Shaders/Private/Nanite/NaniteSceneCommon.ush" 2094
"../../../Engine/Plugins/FX/Niagara/Shaders/Private/NiagaraSpriteVertexFactory.ush" 2095
"../../../Engine/Shaders/Private/ParticleVertexFactoryCommon.ush" 2096
"../../../Engine/Plugins/FX/Niagara/Shaders/Private/NiagaraVFCommon.usf" 2097
"../../../Engine/Plugins/FX/Niagara/Shaders/Private/NiagaraVFParticleAccess.usf" 2098
"../../../Engine/Plugins/FX/Niagara/Shaders/Private/NiagaraParticleAccess.ush" 2099
"../../../Engine/Plugins/FX/Niagara/Shaders/Private/NiagaraRibbonVertexFactory.ush" 2100
"../../../Engine/Plugins/FX/Niagara/Shaders/Private/NiagaraMeshVertexFactory.ush" 2101
"../../../Engine/Plugins/FX/Niagara/Shaders/Private/NiagaraCommon.ush" 2102
"../../../Engine/Plugins/FX/Niagara/Shaders/Private/NiagaraMeshParticleUtils.ush" 2103
"../../../Engine/Shaders/Private/VectorFieldVisualizationVertexFactory.ush" 2104
"../../../Engine/Shaders/Private/Nanite/NaniteVertexFactory.ush" 2105
"../../../Engine/Shaders/Private/LightmapData.ush" 2106
"../../../Engine/Shaders/Private/SplineMeshCommon.ush" 2107
"../../../Engine/Shaders/Shared/SplineMeshShaderParams.h" 2108
"../../../Engine/Shaders/Private/ShaderPrint.ush" 2109
"../../../Engine/Shaders/Private/ShaderPrintCommon.ush" 2110
"../../../Engine/Shaders/Private/MiniFontCommon.ush" 2111
"../../../Engine/Shaders/Private/MaterialCache/MaterialCacheCommon.ush" 2112
"../../../Engine/Shaders/Shared/MaterialCacheDefinitions.h" 2113
"../../../Engine/Shaders/Private/Nanite/NaniteVertexDeformation.ush" 2114
"../../../Engine/Shaders/Private/ViewData.ush" 2115
"../../../Engine/Shaders/Shared/ViewDefinitions.h" 2116
"../../../Engine/Shaders/Private/Matrices.ush" 2117
"../../../Engine/Shaders/Private/ParticleSpriteVertexFactory.ush" 2118
"../../../Engine/Shaders/Private/ParticleGPUSpriteVertexFactory.ush" 2119
"../../../Engine/Shaders/Private/ParticleSimulationCommon.ush" 2120
"../../../Engine/Shaders/Private/ParticleBeamTrailVertexFactory.ush" 2121
"../../../Engine/Shaders/Private/MeshParticleVertexFactory.ush" 2122
"../../../Engine/Shaders/Private/LocalVertexFactory.ush" 2123
"../../../Engine/Shaders/Private/GpuSkinCommon.ush" 2124
"../../../Engine/Shaders/Private/GpuSkinVertexFactory.ush" 2125
"../../../Engine/Shaders/Private/GeometryCollectionVertexFactory.ush" 2126
"../../../Engine/Shaders/Private/GeometryCacheVertexFactory.ush" 2127
"../../../Engine/Shaders/Private/LandscapeVertexFactory.ush" 2128
"../../../Engine/Plugins/Experimental/Compositing/CompositeCore/Shaders/Private/CompositeCoreMerge.usf" 2129
"../../../Engine/Shaders/Private/ScreenPass.ush" 2130
"../../../Engine/Shaders/Private/LensDistortion.ush" 2131
"../../../Engine/Plugins/Experimental/Compositing/CompositeCore/Shaders/Private/CompositeCoreDisplayTransform.usf" 2132
"../../../Engine/Plugins/Experimental/Compositing/CompositeCore/Shaders/Private/CompositeCoreDilate.usf" 2133
"../../../Engine/Plugins/Enterprise/GLTFExporter/Shaders/Private/SimpleTexture2DPS.usf" 2134
"../../../Engine/Shaders/Private/SimpleElementNormalMapPixelShader.usf" 2135
"../../../Engine/Plugins/VirtualProduction/CameraCalibrationCore/Shaders/Private/CrosshairOverlay.usf" 2136
"../../../Engine/Plugins/VirtualProduction/CameraCalibrationCore/Shaders/Private/DisplacementMapBlending.usf" 2137
"../../../Engine/Plugins/VirtualProduction/CameraCalibrationCore/Shaders/Private/RecenterSTDisplacementMaps.usf" 2138
"../../../Engine/Plugins/VirtualProduction/CameraCalibrationCore/Shaders/Private/FillSTDisplacementMap.usf" 2139
"../../../Engine/Plugins/VirtualProduction/CameraCalibrationCore/Shaders/Private/InvertDisplacementMap.usf" 2140
"../../../Engine/Plugins/VirtualProduction/CameraCalibrationCore/Shaders/Private/CropDisplacementMap.usf" 2141
"../../../Engine/Plugins/VirtualProduction/CameraCalibrationCore/Shaders/Private/BlendDisplacementMaps.usf" 2142
"../../../Engine/Plugins/VirtualProduction/CameraCalibrationCore/Shaders/Private/DrawDisplacementMaps.usf" 2143
"../../../Engine/Plugins/VirtualProduction/CameraCalibrationCore/Shaders/Private/UndistortImagePoints.usf" 2144
"../../../Engine/Plugins/VirtualProduction/CameraCalibrationCore/Shaders/Private/DistortionSTMapProcessor.usf" 2145
"../../../Engine/Plugins/Runtime/HairStrands/Shaders/Private/NiagaraCopyVelocityGrid.usf" 2146
"../../../Engine/Plugins/Runtime/HairStrands/Shaders/Private/NiagaraClearVelocityGrid.usf" 2147
"../../../Engine/Plugins/Runtime/HairStrands/Shaders/Private/NiagaraClearPressureGrid.usf" 2148
"../../../Engine/Plugins/Runtime/HairStrands/Shaders/Private/NiagaraInterpolateGroomGuides.usf" 2149
"../../../Engine/Plugins/Runtime/HairStrands/Shaders/Private/NiagaraGroomInterpolationUtils.ush" 2150
"../../../Engine/Plugins/FX/Niagara/Shaders/Private/NiagaraQuaternionUtils.ush" 2151
"../../../Engine/Shaders/Private/HairStrands/HairStrandsMesh.usf" 2152
"../../../Engine/Shaders/Private/HairStrands/HairStrandsBindingCommon.ush" 2153
"../../../Engine/Shaders/Private/HairStrands/HairStrandsFollicleMask.usf" 2154
"../../../Engine/Shaders/Private/HairStrands/HairStrandsSkinUpdate.usf" 2155
"../../../Engine/Shaders/Private/HairStrands/HairStrandsClusterCulling.usf" 2156
"../../../Engine/Shaders/Private/ColorMap.ush" 2157
"../../../Engine/Shaders/Private/HairStrands/HairStrandsAABBCommon.ush" 2158
"../../../Engine/Shaders/Private/HairStrands/HairStrandsClusterCommon.ush" 2159
"../../../Engine/Shaders/Private/ThreadGroupPrefixSum.ush" 2160
"../../../Engine/Shaders/Private/HairStrands/HairStrandsRaytracingGeometry.usf" 2161
"../../../Engine/Shaders/Private/HairStrands/HairStrandsTangent.usf" 2162
"../../../Engine/Shaders/Private/HairStrands/HairCardsDeformation.usf" 2163
"../../../Engine/Shaders/Private/HairStrands/HairStrandsInterpolation.usf" 2164
"../../../Engine/Shaders/Private/HairStrands/HairStrandsGuideDeform.usf" 2165
"../../../Engine/Shaders/Private/HairStrands/HairStrandsTexturesGeneration.usf" 2166
"../../../Engine/Shaders/Private/HairStrands/HairCardsTextureCommon.ush" 2167
"../../../Engine/Shaders/Private/HairStrands/HairStrandsTranscode.usf" 2168
"../../../Engine/Shaders/Private/HairStrands/HairStrandsDebug.usf" 2169
"../../../Engine/Shaders/Private/HairShadingCommon.ush" 2170
"../../../Engine/Shaders/Private/PostProcessCommon.ush" 2171
"../../../Engine/Shaders/Private/ShadingModels.ush" 2172
"../../../Engine/Shaders/Private/CapsuleLight.ush" 2173
"../../../Engine/Shaders/Private/RectLight.ush" 2174
"../../../Engine/Shaders/Private/LightData.ush" 2175
"../../../Engine/Shaders/Shared/LightDefinitions.h" 2176
"../../../Engine/Shaders/Private/AreaLightCommon.ush" 2177
"../../../Engine/Shaders/Private/HairBsdf.ush" 2178
"../../../Engine/Shaders/Private/MobileGGX.ush" 2179
"../../../Engine/Shaders/Private/HairStrands/HairStrandsCommon.ush" 2180
"../../../Engine/Shaders/Private/HairStrands/HairStrandsEnvironmentLightingCommon.ush" 2181
"../../../Engine/Shaders/Private/HairStrands/HairStrandsDeepTransmittanceCommon.ush" 2182
"../../../Engine/Shaders/Private/HairStrands/HairStrandsDeepTransmittanceDualScattering.ush" 2183
"../../../Engine/Shaders/Private/HairStrands/HairStrandsDeepShadowCommon.ush" 2184
"../../../Engine/Shaders/Private/HairStrands/HairStrandsDebugCommonStruct.ush" 2185
"../../../Engine/Plugins/FX/Niagara/Shaders/Private/NiagaraVertexFactoryExport.usf" 2186
"../../../Engine/Shaders/Private/ComputeShaderUtils.ush" 2187
"../../../Engine/Shaders/Private/MaterialTemplate.ush" 2188
"../../../Engine/Shaders/Private/WorldSpaceMath.ush" 2189
"../../../Engine/Shaders/Private/EyeAdaptationCommon.ush" 2190
"../../../Engine/Shaders/Private/SobolRandom.ush" 2191
"../../../Engine/Shaders/Private/DepthOfFieldCommon.ush" 2192
"../../../Engine/Shaders/Private/CircleDOFCommon.ush" 2193
"../../../Engine/Shaders/Private/DistanceField/GlobalDistanceFieldShared.ush" 2194
"../../../Engine/Shaders/Private/PhysicsFieldSampler.ush" 2195
"../../../Engine/Shaders/Private/PhysicsFieldShared.ush" 2196
"../../../Engine/Shaders/Private/SparseVolumeTexture/SparseVolumeTextureCommon.ush" 2197
"../../../Engine/Shaders/Shared/EnvironmentComponentsFlags.h" 2198
"../../../Engine/Shaders/Private/MeshPaintTextureCommon.ush" 2199
"../../../Engine/Shaders/Private/VirtualTextureMaterial.ush" 2200
"../../../Engine/Shaders/Private/MaterialCache/MaterialCacheMaterialCommon.ush" 2201
"../../../Engine/Shaders/Private/MaterialCache/MaterialCacheABuffer.ush" 2202
"../../../Engine/Shaders/Private/SpeedTreeCommon.ush" 2203
"../../../Engine/Shaders/Private/VirtualTextureCommon.ush" 2204
"../../../Engine/Shaders/Private/MaterialTexture.ush" 2205
"../../../Engine/Shaders/Private/MinMaterialTexCoords.ush" 2206
"../../../Engine/Shaders/Private/SkyAtmosphereCommon.ush" 2207
"../../../Engine/Shaders/Private/SingleLayerWaterCommon.ush" 2208
"../../../Engine/Shaders/Private/TextureSampling.ush" 2209
"../../../Engine/Shaders/Private/PaniniProjection.ush" 2210
"../../../Engine/Shaders/Private/DBufferNormalReprojection.ush" 2211
"../../../Engine/Shaders/Public/SubstratePublic.ush" 2212
"../../../Engine/Shaders/Private/Substrate/SubstrateTree.ush" 2213
"../../../Engine/Shaders/Private/Substrate/SubstrateEvaluation.ush" 2214
"../../../Engine/Shaders/Private/Substrate/Glint/GlintThirdParty.ush" 2215
"../../../Engine/Shaders/Private/BlueNoise.ush" 2216
"../../../Engine/Shaders/Private/SHCommon.ush" 2217
"../../../Engine/Shaders/Private/ShadingModelsSampling.ush" 2218
"../../../Engine/Shaders/Private/HairStrands/HairBsdfSample.ush" 2219
"../../../Engine/Shaders/Private/Substrate/SubstrateLegacyConversion.ush" 2220
"../../../Engine/Shaders/Private/DBufferDecalShared.ush" 2221
"../../../Engine/Plugins/FX/Niagara/Shaders/Private/NiagaraSortKeyGen.usf" 2222
"../../../Engine/Plugins/FX/Niagara/Shaders/Private/NiagaraGPURayTracingTransforms.usf" 2223
"../../../Engine/Plugins/FX/Niagara/Shaders/Private/NiagaraDrawIndirectArgsGen.usf" 2224
"../../../Engine/Plugins/FX/Niagara/Shaders/Private/NiagaraDispatchIndirectArgsGen.usf" 2225
"../../../Engine/Plugins/FX/Niagara/Shaders/Private/Stateless/NiagaraStatelessSimulationDefault.usf" 2226
"../../../Engine/Plugins/FX/Niagara/Shaders/Private/Stateless/NiagaraStatelessSimulationTemplate.ush" 2227
"../../../Engine/Plugins/FX/Niagara/Shaders/Private/Stateless/NiagaraStatelessCommon.ush" 2228
"../../../Engine/Plugins/FX/Niagara/Shaders/Shared/NiagaraStatelessDefinitions.h" 2229
"../../../Engine/Plugins/FX/Niagara/Shaders/Shared/NiagaraStatelessBuiltDistribution.h" 2230
"../../../Engine/Plugins/FX/Niagara/Shaders/Private/Stateless/NiagaraStatelessDistribution.ush" 2231
"../../../Engine/Plugins/FX/Niagara/Shaders/Private/Stateless/Modules/NiagaraStatelessModule_CalculateAccurateVelocity.ush" 2232
"../../../Engine/Plugins/FX/Niagara/Shaders/Private/Stateless/Modules/NiagaraStatelessModule_CameraOffset.ush" 2233
"../../../Engine/Plugins/FX/Niagara/Shaders/Private/Stateless/Modules/NiagaraStatelessModule_DynamicMaterialParameters.ush" 2234
"../../../Engine/Plugins/FX/Niagara/Shaders/Private/Stateless/Modules/NiagaraStatelessModule_InitializeParticle.ush" 2235
"../../../Engine/Plugins/FX/Niagara/Shaders/Private/Stateless/Modules/NiagaraStatelessModule_InitialMeshOrientation.ush" 2236
"../../../Engine/Plugins/FX/Niagara/Shaders/Private/Stateless/Modules/NiagaraStatelessModule_MeshIndex.ush" 2237
"../../../Engine/Plugins/FX/Niagara/Shaders/Private/Stateless/Modules/NiagaraStatelessModule_MeshRotationRate.ush" 2238
"../../../Engine/Plugins/FX/Niagara/Shaders/Private/Stateless/Modules/NiagaraStatelessModule_RotateAroundPoint.ush" 2239
"../../../Engine/Plugins/FX/Niagara/Shaders/Private/Stateless/Modules/NiagaraStatelessModule_ShapeLocation.ush" 2240
"../../../Engine/Plugins/FX/Niagara/Shaders/Private/Stateless/Modules/NiagaraStatelessModule_ScaleColor.ush" 2241
"../../../Engine/Plugins/FX/Niagara/Shaders/Private/Stateless/Modules/NiagaraStatelessModule_ScaleRibbonWidth.ush" 2242
"../../../Engine/Plugins/FX/Niagara/Shaders/Private/Stateless/Modules/NiagaraStatelessModule_ScaleSpriteSize.ush" 2243
"../../../Engine/Plugins/FX/Niagara/Shaders/Private/Stateless/Modules/NiagaraStatelessModule_ScaleSpriteSizeBySpeed.ush" 2244
"../../../Engine/Plugins/FX/Niagara/Shaders/Private/Stateless/Modules/NiagaraStatelessModule_ScaleMeshSize.ush" 2245
"../../../Engine/Plugins/FX/Niagara/Shaders/Private/Stateless/Modules/NiagaraStatelessModule_ScaleMeshSizebySpeed.ush" 2246
"../../../Engine/Plugins/FX/Niagara/Shaders/Private/Stateless/Modules/NiagaraStatelessModule_SolveVelocitiesAndForces.ush" 2247
"../../../Engine/Plugins/FX/Niagara/Shaders/Private/Stateless/Modules/NiagaraStatelessModule_SpriteFacingAndAlignment.ush" 2248
"../../../Engine/Plugins/FX/Niagara/Shaders/Private/Stateless/Modules/NiagaraStatelessModule_SpriteRotationRate.ush" 2249
"../../../Engine/Plugins/FX/Niagara/Shaders/Private/Stateless/Modules/NiagaraStatelessModule_SubUVAnimation.ush" 2250
"../../../Engine/Plugins/FX/Niagara/Shaders/Private/NiagaraBlendSVTsToDenseBuffer.usf" 2251
"../../../Engine/Plugins/FX/Niagara/Shaders/Private/NiagaraSVTToDenseBuffer.usf" 2252
"../../../Engine/Plugins/FX/Niagara/Shaders/Private/NiagaraFillIntBuffer.usf" 2253
"../../../Engine/Plugins/FX/Niagara/Shaders/Private/NiagaraComputeFreeIDs.usf" 2254
"../../../Engine/Plugins/FX/Niagara/Shaders/Private/NiagaraInitFreeIDBuffer.usf" 2255
"../../../Engine/Plugins/FX/Niagara/Shaders/Private/NiagaraEmitterInstanceShader.usf" 2256
"../../../Engine/Plugins/FX/Niagara/Shaders/Private/NiagaraShaderVersion.ush" 2257
"../../../Engine/Plugins/FX/Niagara/Shaders/Private/NiagaraPhysicsCommon.ush" 2258
"../../../Engine/Plugins/FX/Niagara/Shaders/Private/Ribbons/NiagaraRibbonAggregationApply.usf" 2259
"../../../Engine/Plugins/FX/Niagara/Shaders/Private/Ribbons/NiagaraRibbonCommon.ush" 2260
"../../../Engine/Plugins/FX/Niagara/Shaders/Private/Ribbons/NiagaraRibbonAggregationStep.usf" 2261
"../../../Engine/Plugins/FX/Niagara/Shaders/Private/Ribbons/NiagaraRibbonGenerateIndices.usf" 2262
"../../../Engine/Plugins/FX/Niagara/Shaders/Private/Ribbons/NiagaraRibbonInitializeIndices.usf" 2263
"../../../Engine/Plugins/FX/Niagara/Shaders/Private/Ribbons/NiagaraRibbonRibbonUVParamCalculation.usf" 2264
"../../../Engine/Plugins/FX/Niagara/Shaders/Private/Ribbons/NiagaraRibbonVertexReductionFinalization.usf" 2265
"../../../Engine/Plugins/FX/Niagara/Shaders/Private/Ribbons/NiagaraRibbonVertexReductionInitialization.usf" 2266
"../../../Engine/Plugins/FX/Niagara/Shaders/Private/Ribbons/NiagaraRibbonSortParticles.usf" 2267
"../../../Engine/Plugins/FX/Niagara/Shaders/Private/NiagaraLWCHelper.usf" 2268
"../../../Engine/Plugins/FX/Niagara/Shaders/Private/NiagaraUpdateMeshGPUSceneInstances.usf" 2269
"../../../Engine/Shaders/Private/GPUScene/GPUSceneWriter.ush" 2270
"../../../Engine/Plugins/FX/Niagara/Shaders/Private/NiagaraGenerateMips.usf" 2271
"../../../Engine/Plugins/FX/Niagara/Shaders/Private/NiagaraDebugDraw.usf" 2272
"../../../Engine/Plugins/FX/Niagara/Shaders/Private/NiagaraDebugDraw.ush" 2273
"../../../Engine/Plugins/FX/Niagara/Shaders/Private/NiagaraVisualizeTexture.usf" 2274
"../../../Engine/Plugins/FX/Niagara/Shaders/Private/NiagaraClearCounts.usf" 2275
"../../../Engine/Plugins/FX/Niagara/Shaders/Private/NiagaraBatchedElements.usf" 2276
"../../../Engine/Plugins/FX/Niagara/Shaders/Private/NiagaraRayTracingShaders.usf" 2277
"../../../Engine/Plugins/FX/Niagara/Shaders/Private/NiagaraAsyncGpuTraceCommon.ush" 2278
"../../../Engine/Shaders/Private/HashTable.ush" 2279
"../../../Engine/Shaders/Private/Hash.ush" 2280
"../../../Engine/Shaders/Private/RayTracing/VFXTraceRay.ush" 2281
"../../../Engine/Plugins/FX/Niagara/Shaders/Private/NiagaraRayMarchingShaders.usf" 2282
"../../../Engine/Plugins/FX/Niagara/Shaders/Private/NiagaraRayTraceCollisionGroupShaders.usf" 2283
"../../../Engine/Plugins/FX/Niagara/Shaders/Private/NiagaraAsyncGpuTraceUtils.usf" 2284
"../../../Engine/Plugins/Runtime/ComputeFramework/Shaders/Private/ComputeKernel.usf" 2285
"../../../Engine/Plugins/Runtime/ComputeFramework/Shaders/Private/ComputeKernelCommon.ush" 2286
"../../../Engine/Plugins/Media/WmfMedia/Shaders/Private/MediaHardwareVideoDecoding.usf" 2287
"../../../Engine/Shaders/Private/ColorUtils.ush" 2288
"../../../Engine/Plugins/Media/ImgMedia/Shaders/Private/ExrSwizzler.usf" 2289
"../../../Engine/Plugins/Experimental/NFORDenoise/Shaders/NFORDenoise.usf" 2290
"../../../Engine/Plugins/Experimental/NFORDenoise/Shaders/NFORRegressionCommon.ush" 2291
"../../../Engine/Plugins/Experimental/NFORDenoise/Shaders/NFORRegression.ush" 2292
"../../../Engine/Plugins/NNE/NNEDenoiser/Shaders/NNEDenoiserShadersTransferFunctionOidn.usf" 2293
"../../../Engine/Plugins/NNE/NNEDenoiser/Shaders/NNEDenoiserShadersMappedCopy.usf" 2294
"../../../Engine/Plugins/NNE/NNEDenoiser/Shaders/NNEDenoiserShadersDefaultIOProcess.usf" 2295
"../../../Engine/Plugins/NNE/NNEDenoiser/Shaders/NNEDenoiserShadersAutoExposureReduceFinal.usf" 2296
"../../../Engine/Plugins/NNE/NNEDenoiser/Shaders/NNEDenoiserShadersAutoExposureReduce.usf" 2297
"../../../Engine/Plugins/NNE/NNEDenoiser/Shaders/NNEDenoiserShadersAutoExposureDownsample.usf" 2298
"../../../Engine/Shaders/Private/VirtualTextureAdapter.usf" 2299
"../../../Engine/Shaders/Private/BlockCompressionCommon.ush" 2300
"../../../Engine/Shaders/Private/BCCompressionCommon.ush" 2301
"../../../Engine/Shaders/Private/TranslucentLightingShaders.usf" 2302
"../../../Engine/Shaders/Private/CubemapCommon.ush" 2303
"../../../Engine/Shaders/Private/VectorFieldCompositeShaders.usf" 2304
"../../../Engine/Shaders/Private/UpdateTextureShaders.usf" 2305
"../../../Engine/Shaders/Private/StereoLayerShader.usf" 2306
"../../../Engine/Shaders/Private/SparseVolumeTexture/UpdateSparseVolumeTexture.usf" 2307
"../../../Engine/Shaders/Private/MorphTargets.usf" 2308
"../../../Engine/Shaders/Private/SimpleElementColorChannelMaskPixelShader.usf" 2309
"../../../Engine/Shaders/Private/SimpleElementHitProxyPixelShader.usf" 2310
"../../../Engine/Shaders/Private/SimpleElementPixelShader.usf" 2311
"../../../Engine/Shaders/Private/IESLightProfilesCommon.ush" 2312
"../../../Engine/Shaders/Private/SimpleElementVertexShader.usf" 2313
"../../../Engine/Shaders/Private/ScreenPixelShaderOES.usf" 2314
"../../../Engine/Shaders/Private/ScreenVertexShader.usf" 2315
"../../../Engine/Shaders/Private/ScreenPixelShader.usf" 2316
"../../../Engine/Shaders/Private/SSProfilePreIntegratedMobile.usf" 2317
"../../../Engine/Shaders/Private/SpecularProfile.usf" 2318
"../../../Engine/Shaders/Private/Nanite/NaniteStreaming.usf" 2319
"../../../Engine/Shaders/Private/Nanite/NaniteStreaming.ush" 2320
"../../../Engine/Shaders/Private/Nanite/NaniteTranscode.usf" 2321
"../../../Engine/Shaders/Private/VolumetricLightmapStreaming.usf" 2322
"../../../Engine/Shaders/Private/PhysicsFieldReset.usf" 2323
"../../../Engine/Shaders/Private/PhysicsFieldBuilder.usf" 2324
"../../../Engine/Shaders/Private/PhysicsFieldEval.ush" 2325
"../../../Engine/Shaders/Private/ParticleSortKeyGen.usf" 2326
"../../../Engine/Shaders/Private/ParticleBoundsShader.usf" 2327
"../../../Engine/Shaders/Private/ParticleSimVisualizeShader.usf" 2328
"../../../Engine/Shaders/Private/ParticleInjectionShader.usf" 2329
"../../../Engine/Shaders/Private/ParticleSimulationShader.usf" 2330
"../../../Engine/Shaders/Private/ParticleCurveInjectionShader.usf" 2331
"../../../Engine/Shaders/Private/CopyUIntBuffer.usf" 2332
"../../../Engine/Shaders/Private/RadixSortShaders.usf" 2333
"../../../Engine/Shaders/Private/RecomputeTangentsPerVertexPass.usf" 2334
"../../../Engine/Shaders/Private/RecomputeTangentsCommon.ush" 2335
"../../../Engine/Shaders/Private/RecomputeTangentsPerTrianglePass.usf" 2336
"../../../Engine/Shaders/Private/GpuSkinCacheComputeShader.usf" 2337
"../../../Engine/Shaders/Private/HeightFieldAtlasManagement.usf" 2338
"../../../Engine/Shaders/Private/Landscape/LandscapeEditLayersUtils.usf" 2339
"../../../Engine/Shaders/Private/Landscape/LandscapeCommon.ush" 2340
"../../../Engine/Shaders/Private/Landscape/LandscapeEditLayersWeightmaps.usf" 2341
"../../../Engine/Shaders/Private/Landscape/LandscapeEditLayersHeightmaps.usf" 2342
"../../../Engine/Shaders/Private/Landscape/LandscapeLayersWeightmapsPS.usf" 2343
"../../../Engine/Shaders/Private/Landscape/LandscapeLayersHeightmapsPS.usf" 2344
"../../../Engine/Shaders/Private/LandscapeLayersCS.usf" 2345
"../../../Engine/Shaders/Private/LandscapeLayersPS.usf" 2346
"../../../Engine/Shaders/Private/LandscapeLayersVS.usf" 2347
"../../../Engine/Shaders/Private/LandscapePhysicalMaterial.usf" 2348
"../../../Engine/Shaders/Private/LandscapeGrassWeight.usf" 2349
"../../../Engine/Shaders/Private/Landscape/LandscapeCulling.usf" 2350
"../../../Engine/Shaders/Private/Nanite/NaniteHZBCull.ush" 2351
"../../../Engine/Shaders/Private/HZB.ush" 2352
"../../../Engine/Shaders/Private/Landscape/LandscapeMergeTexturesPS.usf" 2353
"../../../Engine/Shaders/Private/WideCustomResolveShaders.usf" 2354
"../../../Engine/Shaders/Private/WideCustomResolve_Wide.ush" 2355
"../../../Engine/Shaders/Private/WideCustomResolve_Wider.ush" 2356
"../../../Engine/Shaders/Private/WideCustomResolve_Widest.ush" 2357
"../../../Engine/Shaders/Private/WaterInfoTextureBlur.usf" 2358
"../../../Engine/Shaders/Private/WaterInfoTextureMerge.usf" 2359
"../../../Engine/Shaders/Private/PageTableUpdate.usf" 2360
"../../../Engine/Shaders/Private/VirtualTextureCompress.usf" 2361
"../../../Engine/Shaders/Private/ASTCCompressionCommon.ush" 2362
"../../../Engine/Shaders/Private/IntegerSequenceEncoding.ush" 2363
"../../../Engine/Shaders/Private/ETCCompressionCommon.ush" 2364
"../../../Engine/Shaders/Private/VirtualTextureMaterial.usf" 2365
"../../../Engine/Shaders/Private/PixelShaderOutputCommon.ush" 2366
"../../../Engine/Shaders/Private/ShaderOutputCommon.ush" 2367
"../../../Engine/Shaders/Private/VolumetricRenderTarget.usf" 2368
"../../../Engine/Shaders/Private/HeightFogCommon.ush" 2369
"../../../Engine/Shaders/Private/LocalFogVolumes/LocalFogVolumeCommon.ush" 2370
"../../../Engine/Shaders/Private/ReflectionEnvironmentShared.ush" 2371
"../../../Engine/Shaders/Private/VolumetricFogVoxelization.usf" 2372
"../../../Engine/Shaders/Private/VolumetricCloudMaterialPixelCommon.ush" 2373
"../../../Engine/Shaders/Private/VolumetricFogLightFunction.usf" 2374
"../../../Engine/Shaders/Private/LightFunctionCommon.ush" 2375
"../../../Engine/Shaders/Private/VolumetricFog.usf" 2376
"../../../Engine/Shaders/Private/DeferredLightingCommon.ush" 2377
"../../../Engine/Shaders/Private/DynamicLightingCommon.ush" 2378
"../../../Engine/Shaders/Private/CapsuleLightIntegrate.ush" 2379
"../../../Engine/Shaders/Private/CapsuleLightSampling.ush" 2380
"../../../Engine/Shaders/Private/RectLightIntegrate.ush" 2381
"../../../Engine/Shaders/Private/ScreenSpaceShadowRayCast.ush" 2382
"../../../Engine/Shaders/Private/LightFunctionAtlas/LightFunctionAtlasCommon.usf" 2383
"../../../Engine/Shaders/Private/HeterogeneousVolumes/HeterogeneousVolumesAdaptiveVolumetricShadowMapSampling.ush" 2384
"../../../Engine/Shaders/Private/HeterogeneousVolumes/HeterogeneousVolumesAdaptiveVolumetricShadowMapUtils.ush" 2385
"../../../Engine/Shaders/Private/HeterogeneousVolumes/HeterogeneousVolumesRayMarchingUtils.ush" 2386
"../../../Engine/Shaders/Private/HeterogeneousVolumes/HeterogeneousVolumesRayMarchingTypes.ush" 2387
"../../../Engine/Shaders/Private/PathTracing/Utilities/PathTracingRandomSequence.ush" 2388
"../../../Engine/Shaders/Private/HeterogeneousVolumes/HeterogeneousVolumesTracingUtils.ush" 2389
"../../../Engine/Shaders/Private/VelocityCommon.ush" 2390
"../../../Engine/Shaders/Private/HeterogeneousVolumes/HeterogeneousVolumesTransmittanceVolumeUtils.ush" 2391
"../../../Engine/Shaders/Private/ForwardShadowingCommon.ush" 2392
"../../../Engine/Shaders/Private/ShadowFilteringCommon.ush" 2393
"../../../Engine/Shaders/Private/PixelQuadMessagePassing.ush" 2394
"../../../Engine/Shaders/Private/VolumeLightingCommon.ush" 2395
"../../../Engine/Shaders/Private/ShadowProjectionCommon.ush" 2396
"../../../Engine/Shaders/Private/VolumeLightingCommonSampling.ush" 2397
"../../../Engine/Shaders/Private/Lumen/LumenTranslucencyVolumeShared.ush" 2398
"../../../Engine/Shaders/Private/Lumen/LumenRadianceCacheInterpolation.ush" 2399
"../../../Engine/Shaders/Private/HeterogeneousVolumes/HeterogeneousVolumesAdaptiveVolumetricShadowMapSampler.ush" 2400
"../../../Engine/Shaders/Private/LightGridCommon.ush" 2401
"../../../Engine/Shaders/Private/DistanceFieldAOShared.ush" 2402
"../../../Engine/Shaders/Private/IntersectionUtils.ush" 2403
"../../../Engine/Shaders/Private/VolumetricLightmapShared.ush" 2404
"../../../Engine/Shaders/Private/LightDataUniforms.ush" 2405
"../../../Engine/Shaders/Private/VirtualShadowMaps/VirtualShadowMapProjectionCommon.ush" 2406
"../../../Engine/Shaders/Private/VirtualShadowMaps/VirtualShadowMapPageAccessCommon.ush" 2407
"../../../Engine/Shaders/Shared/VirtualShadowMapDefinitions.h" 2408
"../../../Engine/Shaders/Shared/HLSLMathAliases.h" 2409
"../../../Engine/Shaders/Private/VirtualShadowMaps/VirtualShadowMapProjectionStructs.ush" 2410
"../../../Engine/Shaders/Private/VolumetricCloudCommon.ush" 2411
"../../../Engine/Shaders/Private/VolumetricCloud.usf" 2412
"../../../Engine/Shaders/Private/VisualizeVolumetricLightmap.usf" 2413
"../../../Engine/Shaders/Private/VirtualShadowMaps/VirtualShadowMapProjectionComposite.usf" 2414
"../../../Engine/Shaders/Private/LightShaderParameters.ush" 2415
"../../../Engine/Shaders/Private/VirtualShadowMaps/VirtualShadowMapMaskBitsCommon.ush" 2416
"../../../Engine/Shaders/Private/VirtualShadowMaps/VirtualShadowMapLightGrid.ush" 2417
"../../../Engine/Shaders/Private/VirtualShadowMaps/VirtualShadowMapProjection.usf" 2418
"../../../Engine/Shaders/Private/Visualization.ush" 2419
"../../../Engine/Shaders/Private/VirtualShadowMaps/VirtualShadowMapProjectionFilter.ush" 2420
"../../../Engine/Shaders/Private/VirtualShadowMaps/VirtualShadowMapProjectionDirectional.ush" 2421
"../../../Engine/Shaders/Private/VirtualShadowMaps/VirtualShadowMapSMRTCommon.ush" 2422
"../../../Engine/Shaders/Private/VirtualShadowMaps/VirtualShadowMapSMRTTemplate.ush" 2423
"../../../Engine/Shaders/Private/VirtualShadowMaps/VirtualShadowMapProjectionSpot.ush" 2424
"../../../Engine/Shaders/Private/VirtualShadowMaps/VirtualShadowMapTransmissionCommon.ush" 2425
"../../../Engine/Shaders/Private/VirtualShadowMaps/VirtualShadowMapScreenRayTrace.ush" 2426
"../../../Engine/Shaders/Private/VirtualShadowMaps/VirtualShadowMapStats.ush" 2427
"../../../Engine/Shaders/Private/HairStrands/HairStrandsVoxelPageCommon.ush" 2428
"../../../Engine/Shaders/Private/HairStrands/HairStrandsVoxelPageTraversal.ush" 2429
"../../../Engine/Shaders/Private/VirtualShadowMaps/VirtualShadowMapCacheGPUInvalidation.usf" 2430
"../../../Engine/Shaders/Private/VirtualShadowMaps/VirtualShadowMapPageCacheCommon.ush" 2431
"../../../Engine/Shaders/Private/VirtualShadowMaps/VirtualShadowMapCacheInvalidation.ush" 2432
"../../../Engine/Shaders/Private/VirtualShadowMaps/VirtualShadowMapPageOverlap.ush" 2433
"../../../Engine/Shaders/Private/ScreenSpaceDenoise/SSDDefinitions.ush" 2434
"../../../Engine/Shaders/Private/InstanceCulling/InstanceCullingLoadBalancer.ush" 2435
"../../../Engine/Shaders/Private/VirtualShadowMaps/VirtualShadowMapCacheLoadBalancer.usf" 2436
"../../../Engine/Shaders/Private/VirtualShadowMaps/VirtualShadowMapCopyStats.usf" 2437
"../../../Engine/Shaders/Private/VirtualShadowMaps/VirtualShadowMapDebug.usf" 2438
"../../../Engine/Shaders/Private/VirtualShadowMaps/Desaturate.usf" 2439
"../../../Engine/Shaders/Private/VirtualShadowMaps/VirtualShadowMapPhysicalPageManagement.usf" 2440
"../../../Engine/Shaders/Private/ReductionCommon.ush" 2441
"../../../Engine/Shaders/Private/GPUMessaging.ush" 2442
"../../../Engine/Shaders/Private/VirtualShadowMaps/VirtualShadowMapPerPageDispatch.ush" 2443
"../../../Engine/Shaders/Private/VirtualShadowMaps/VirtualShadowMapCompactViews.usf" 2444
"../../../Engine/Shaders/Shared/SceneCullingDefinitions.h" 2445
"../../../Engine/Shaders/Private/VirtualShadowMaps/VirtualShadowMapBuildPerPageDrawCommands.usf" 2446
"../../../Engine/Shaders/Private/Nanite/NaniteCullingCommon.ush" 2447
"../../../Engine/Shaders/Private/Nanite/NaniteCulling.ush" 2448
"../../../Engine/Shaders/Private/Nanite/NaniteHierarchyTraversalCommon.ush" 2449
"../../../Engine/Shaders/Private/InstanceCulling/InstanceCullingCommon.ush" 2450
"../../../Engine/Shaders/Shared/InstanceCullingDefinitions.h" 2451
"../../../Engine/Shaders/Private/VirtualShadowMaps/VirtualShadowMapPrintStats.usf" 2452
"../../../Engine/Shaders/Private/VirtualShadowMaps/VirtualShadowMapPageManagement.usf" 2453
"../../../Engine/Shaders/Private/VirtualShadowMaps/VirtualShadowMapPageMarking.usf" 2454
"../../../Engine/Shaders/Shared/SingleLayerWaterDefinitions.h" 2455
"../../../Engine/Shaders/Private/HairStrands/HairStrandsTileCommon.ush" 2456
"../../../Engine/Shaders/Private/Froxel/Froxel.ush" 2457
"../../../Engine/Shaders/Shared/FroxelDefinitions.h" 2458
"../../../Engine/Shaders/Private/DiaphragmDOF/DOFCommon.ush" 2459
"../../../Engine/Shaders/Private/VariableRateShading/VRSShadingRatePreview.usf" 2460
"../../../Engine/Shaders/Private/VariableRateShading/VRSShadingRateCommon.ush" 2461
"../../../Engine/Shaders/Private/VariableRateShading/VRSShadingRateCombine.usf" 2462
"../../../Engine/Shaders/Private/VariableRateShading/VRSShadingRateFoveated.usf" 2463
"../../../Engine/Shaders/Private/VariableRateShading/VRSShadingRateReproject.usf" 2464
"../../../Engine/Shaders/Private/VariableRateShading/VRSShadingRateCalculate.usf" 2465
"../../../Engine/Shaders/Private/TranslucencyUpsampling.usf" 2466
"../../../Engine/Shaders/Private/ComposeSeparateTranslucency.usf" 2467
"../../../Engine/Shaders/Private/SeparateTranslucency.ush" 2468
"../../../Engine/Shaders/Private/TranslucentLightInjectionShaders.usf" 2469
"../../../Engine/Shaders/Private/TranslucentShadowDepthShaders.usf" 2470
"../../../Engine/Shaders/Private/ShadowDepthCommon.ush" 2471
"../../../Engine/Shaders/Private/RayTracing/RayTracingTest.usf" 2472
"../../../Engine/Shaders/Private/PostprocessSubsurfaceTile.usf" 2473
"../../../Engine/Shaders/Private/PostProcessSubsurfaceCommon.ush" 2474
"../../../Engine/Shaders/Private/Substrate/SubstrateVisualize.usf" 2475
"../../../Engine/Shaders/Private/Substrate/SubstrateTile.ush" 2476
"../../../Engine/Shaders/Shared/SubstrateVisualizeDefinitions.h" 2477
"../../../Engine/Shaders/Private/Substrate/SubstrateVisualizeCommon.ush" 2478
"../../../Engine/Shaders/Private/SkyLightingDiffuseShared.ush" 2479
"../../../Engine/Shaders/Private/SkyLightingShared.ush" 2480
"../../../Engine/Shaders/Private/ClearCoatCommon.ush" 2481
"../../../Engine/Shaders/Private/ReflectionEnvironmentComposite.ush" 2482
"../../../Engine/Shaders/Private/Substrate/SubstrateLightingCommon.ush" 2483
"../../../Engine/Shaders/Private/Substrate/SubstrateRoughRefraction.usf" 2484
"../../../Engine/Shaders/Private/PathTracing/Material/PathTracingFresnel.ush" 2485
"../../../Engine/Shaders/Private/PathTracing/Material/PathTracingGlossy.ush" 2486
"../../../Engine/Shaders/Private/Substrate/SubstrateMaterialSampling.usf" 2487
"../../../Engine/Shaders/Private/Substrate/SubstrateMaterialSampling.ush" 2488
"../../../Engine/Shaders/Private/Lumen/LumenPosition.ush" 2489
"../../../Engine/Shaders/Private/Substrate/SubstrateTile.usf" 2490
"../../../Engine/Shaders/Private/Substrate/SubstrateMaterialClassification.usf" 2491
"../../../Engine/Shaders/Private/Substrate/SubstrateDBuffer.usf" 2492
"../../../Engine/Shaders/Private/StochasticLighting/StochasticLightingDenoising.usf" 2493
"../../../Engine/Shaders/Private/Lumen/LumenMaterial.ush" 2494
"../../../Engine/Shaders/Private/StochasticLighting/StochasticLightingCommon.ush" 2495
"../../../Engine/Shaders/Private/SplineMeshSceneTexture.usf" 2496
"../../../Engine/Shaders/Private/SparseVolumeTexture/VisualizeSparseVolumeTexture.usf" 2497
"../../../Engine/Shaders/Private/SkyAtmosphere.usf" 2498
"../../../Engine/Shaders/Private/Skinning/SkinnedMeshDebug.usf" 2499
"../../../Engine/Shaders/Private/Skinning/AnimBankEval.usf" 2500
"../../../Engine/Shaders/Private/SingleLayerWaterComposite.usf" 2501
"../../../Engine/Shaders/Private/Froxel/FroxelBuild.ush" 2502
"../../../Engine/Shaders/Private/SingleLayerWaterRefractionCulling.usf" 2503
"../../../Engine/Shaders/Private/ScreenSpaceShadows.usf" 2504
"../../../Engine/Shaders/Private/bend_sss_gpu.ush" 2505
"../../../Engine/Shaders/Private/ShadowFactorsUpsampleCommon.ush" 2506
"../../../Engine/Shaders/Private/FirstPersonSelfShadow.usf" 2507
"../../../Engine/Shaders/Private/HZBTracing.ush" 2508
"../../../Engine/Shaders/Private/ShadowProjectionVertexShader.usf" 2509
"../../../Engine/Shaders/Private/ShadowProjectionPixelShader.usf" 2510
"../../../Engine/Shaders/Private/MobileLightingCommon.ush" 2511
"../../../Engine/Shaders/Private/PlanarReflectionShared.ush" 2512
"../../../Engine/Shaders/Private/MobileSSR.ush" 2513
"../../../Engine/Shaders/Private/SSRT/SSRTRayCast.ush" 2514
"../../../Engine/Shaders/Private/ShadowPercentageCloserFiltering.ush" 2515
"../../../Engine/Shaders/Private/TransmissionThickness.ush" 2516
"../../../Engine/Shaders/Private/CopyShadowMaps.usf" 2517
"../../../Engine/Shaders/Private/ShadowDepthPixelShader.usf" 2518
"../../../Engine/Shaders/Private/ShadowDepthVertexShader.usf" 2519
"../../../Engine/Shaders/Private/ShadingEnergyConservationTable.usf" 2520
"../../../Engine/Shaders/Shared/PathTracingDefinitions.h" 2521
"../../../Engine/Shaders/Private/ShadingFurnaceTest.usf" 2522
"../../../Engine/Shaders/Private/Substrate/SubstrateDeferredLighting.ush" 2523
"../../../Engine/Shaders/Private/ShaderPrintDraw.usf" 2524
"../../../Engine/Shaders/Private/ShaderPrintDrawPrimitive.usf" 2525
"../../../Engine/Shaders/Private/DefaultSSRTiles.usf" 2526
"../../../Engine/Shaders/Private/ScreenSpaceReflectionTileCommons.ush" 2527
"../../../Engine/Shaders/Private/SSRT/SSRTDiffuseIndirect.usf" 2528
"../../../Engine/Shaders/Private/SSRT/SSRTTileClassificationBuffer.ush" 2529
"../../../Engine/Shaders/Private/SSRT/SSRTReflections.usf" 2530
"../../../Engine/Shaders/Private/ScreenSpaceDenoise/SSDPublic.ush" 2531
"../../../Engine/Shaders/Private/SSRT/SSRTTileClassification.usf" 2532
"../../../Engine/Shaders/Private/SSRT/SSRTPrevFrameReduction.usf" 2533
"../../../Engine/Shaders/Private/ScreenSpaceDenoise/SSDComposeHarmonics.usf" 2534
"../../../Engine/Shaders/Private/ScreenSpaceDenoise/SSDPublicHarmonics.ush" 2535
"../../../Engine/Shaders/Private/ScreenSpaceDenoise/SSDSignalFramework.ush" 2536
"../../../Engine/Shaders/Private/ScreenSpaceDenoise/SSDCommon.ush" 2537
"../../../Engine/Shaders/Private/SphericalGaussian.ush" 2538
"../../../Engine/Shaders/Public/WaveBroadcastIntrinsics.ush" 2539
"../../../Engine/Shaders/Private/ScreenSpaceDenoise/SSDMetadata.ush" 2540
"../../../Engine/Shaders/Private/ScreenSpaceDenoise/SSDSignalCore.ush" 2541
"../../../Engine/Shaders/Private/ScreenSpaceDenoise/DenoisingCommon.ush" 2542
"../../../Engine/Shaders/Private/ScreenSpaceDenoise/SSDSignalArray.ush" 2543
"../../../Engine/Shaders/Private/ScreenSpaceDenoise/SSDSignalBufferEncoding.ush" 2544
"../../../Engine/Shaders/Private/ScreenSpaceDenoise/SSDPublicBufferEncoding.ush" 2545
"../../../Engine/Shaders/Private/Lumen/LumenBufferEncoding.ush" 2546
"../../../Engine/Shaders/Private/ScreenSpaceDenoise/SSDTemporalAccumulation.usf" 2547
"../../../Engine/Shaders/Private/ScreenSpaceDenoise/SSDSpatialKernel.ush" 2548
"../../../Engine/Shaders/Private/ScreenSpaceDenoise/SSDSignalAccumulatorArray.ush" 2549
"../../../Engine/Shaders/Private/ScreenSpaceDenoise/SSDSignalAccumulator.ush" 2550
"../../../Engine/Shaders/Private/ScreenSpaceDenoise/SSDSignalCompression.ush" 2551
"../../../Engine/Shaders/Private/ScreenSpaceDenoise/SSDSpatialAccumulation.usf" 2552
"../../../Engine/Shaders/Private/ScreenSpaceDenoise/SSDInjest.usf" 2553
"../../../Engine/Shaders/Private/ScreenSpaceDenoise/SSDCompressMetadata.usf" 2554
"../../../Engine/Shaders/Private/DownsampleDepthPixelShader.usf" 2555
"../../../Engine/Shaders/Private/ScreenPass.usf" 2556
"../../../Engine/Shaders/Private/HZB.usf" 2557
"../../../Engine/Shaders/Private/OcclusionFeedbackShaders.usf" 2558
"../../../Engine/Shaders/Private/HZBOcclusion.usf" 2559
"../../../Engine/Shaders/Private/OcclusionQueryPixelShader.usf" 2560
"../../../Engine/Shaders/Private/OcclusionQueryVertexShader.usf" 2561
"../../../Engine/Shaders/Private/HitProxyCopy.usf" 2562
"../../../Engine/Shaders/Private/HitProxyPixelShader.usf" 2563
"../../../Engine/Shaders/Private/HitProxyVertexShader.usf" 2564
"../../../Engine/Shaders/Private/SceneCulling/SceneCullingDebugRender.usf" 2565
"../../../Engine/Shaders/Private/SceneCulling/SceneCulling.ush" 2566
"../../../Engine/Shaders/Private/SceneCulling/SceneCullingBuildExplicitBounds.usf" 2567
"../../../Engine/Shaders/Private/SceneCapturePixelShader.usf" 2568
"../../../Engine/Shaders/Private/RendererUtils.usf" 2569
"../../../Engine/Shaders/Private/RTWriteMaskDecode.usf" 2570
"../../../Engine/Shaders/Private/ReflectionEnvironmentShaders.usf" 2571
"../../../Engine/Shaders/Private/RectLightAtlas.usf" 2572
"../../../Engine/Shaders/Private/RayTracing/TraceRayInlineStatistics.usf" 2573
"../../../Engine/Shaders/Private/RayTracing/CompositeSkyLightPS.usf" 2574
"../../../Engine/Shaders/Private/RayTracing/GenerateSkyLightVisibilityRaysCS.usf" 2575
"../../../Engine/Shaders/Private/RayTracing/RayTracingSkyLightCommon.ush" 2576
"../../../Engine/Shaders/Private/RayTracing/SkyLightVisibilityRaysData.ush" 2577
"../../../Engine/Shaders/Private/Raytracing/RaytracingSkylightRGS.usf" 2578
"../../../Engine/Shaders/Private/HairStrands/HairStrandsRaytracing.ush" 2579
"../../../Engine/Shaders/Private/Raytracing/RayTracingSkyLightEvaluation.ush" 2580
"../../../Engine/Shaders/Private/Raytracing/RayTracingDeferredShadingCommon.ush" 2581
"../../../Engine/Shaders/Private/RayTracing/RayTracingOcclusionRGS.usf" 2582
"../../../Engine/Shaders/Private/RayTracing/RayTracingDirectionalLight.ush" 2583
"../../../Engine/Shaders/Private/RayTracing/RayTracingRectLight.ush" 2584
"../../../Engine/Shaders/Private/RayTracing/RayTracingSphereLight.ush" 2585
"../../../Engine/Shaders/Private/RayTracing/RayTracingCapsuleLight.ush" 2586
"../../../Engine/Shaders/Private/Raytracing/RayTracingFeedback.usf" 2587
"../../../Engine/Shaders/Shared/RayTracingDebugTypes.h" 2588
"../../../Engine/Shaders/Private/RayTracing/RayTracingPrimaryRays.usf" 2589
"../../../Engine/Shaders/Private/RayTracing/RayTracingLightingCommon.ush" 2590
"../../../Engine/Shaders/Private/RayTracing/RayTracingLightCullingCommon.ush" 2591
"../../../Engine/Shaders/Private/RayTracing/RayTracingMaterialDefaultHitShaders.usf" 2592
"../../../Engine/Shaders/Private/RayTracing/RayTracingMaterialHitShaders.usf" 2593
"../../../Engine/Shaders/Private/RayTracing/RayTracingShaderUtils.ush" 2594
"../../../Engine/Shaders/Private/RayTracing/RayTracingCalcInterpolants.ush" 2595
"../../../Engine/Shaders/Private/LightmapCommon.ush" 2596
"../../../Engine/Shaders/Private/Lumen/LumenHardwareRayTracingPayloadCommon.ush" 2597
"../../../Engine/Shaders/Shared/LumenDefinitions.h" 2598
"../../../Engine/Shaders/Private/Substrate/SubstrateExport.ush" 2599
"../../../Engine/Shaders/Private/RayTracing/RayTracingLightingMS.usf" 2600
"../../../Engine/Shaders/Private/Lumen/LumenDiffuseColorBoost.ush" 2601
"../../../Engine/Shaders/Private/RayTracing/RayTracingLightFunctionCommon.ush" 2602
"../../../Engine/Shaders/Private/RayTracing/RayTracingBuildLightGrid.usf" 2603
"../../../Engine/Shaders/Private/Raytracing/RayTracingInstanceBufferUtil.usf" 2604
"../../../Engine/Shaders/Private/RayTracing/RayTracingDynamicMesh.usf" 2605
"../../../Engine/Shaders/Private/RayTracing/RayTracingDefaultDecalHitShader.usf" 2606
"../../../Engine/Shaders/Private/RayTracing/RayTracingDecalMaterialShader.usf" 2607
"../../../Engine/Shaders/Private/PathTracing/PathTracingShaderUtils.ush" 2608
"../../../Engine/Shaders/Private/PathTracing/PathTracingCommon.ush" 2609
"../../../Engine/Shaders/Private/PathTracing/Material/PathTracingMaterialCommon.ush" 2610
"../../../Engine/Shaders/Private/PathTracing/Utilities/PathTracingRIS.ush" 2611
"../../../Engine/Shaders/Private/RayTracing/RayTracingBuildDecalGrid.usf" 2612
"../../../Engine/Shaders/Private/RayTracing/RayTracingDebugHitStatsUtils.usf" 2613
"../../../Engine/Shaders/Private/RayTracing/RayTracingDebugInstanceOverlap.usf" 2614
"../../../Engine/Shaders/Private/RayTracing/RayTracingDebugPicking.usf" 2615
"../../../Engine/Shaders/Private/RayTracing/RayTracingDebugUtils.ush" 2616
"../../../Engine/Shaders/Private/RayTracing/RayTracingDebugTraversal.usf" 2617
"../../../Engine/Shaders/Private/RayTracing/RayTracingDeferredMaterials.ush" 2618
"../../../Engine/Shaders/Shared/ThirdParty/AMD/ags_shader_intrinsics_dx12.h" 2619
"../../../Engine/Shaders/Shared/RayTracingDebugDefinitions.h" 2620
"../../../Engine/Shaders/Private/RayTracing/RayTracingDebugHitStatsCHS.usf" 2621
"../../../Engine/Shaders/Private/RayTracing/RayTracingDebugHitStats.usf" 2622
"../../../Engine/Shaders/Private/RayTracing/RayTracingDebugMS.usf" 2623
"../../../Engine/Shaders/Private/RayTracing/RayTracingDebugCHS.usf" 2624
"../../../Engine/Shaders/Private/RayTracing/RayTracingDebug.usf" 2625
"../../../Engine/Shaders/Private/RayTracing/RayTracingBuiltInShaders.usf" 2626
"../../../Engine/Shaders/Private/RayTracing/RayTracingBarycentrics.usf" 2627
"../../../Engine/Shaders/Private/RayTracing/RayTracingAmbientOcclusionRGS.usf" 2628
"../../../Engine/Shaders/Private/VisualizeShadingModels.usf" 2629
"../../../Engine/Shaders/Private/MotionBlur/VisualizeMotionVectors.usf" 2630
"../../../Engine/Shaders/Private/TemporalSuperResolution/TSRVisualize.usf" 2631
"../../../Engine/Shaders/Private/TemporalSuperResolution/TSRColorSpace.ush" 2632
"../../../Engine/Shaders/Private/TemporalSuperResolution/TSRCommon.ush" 2633
"../../../Engine/Shaders/Public/DualPixelVectorization.ush" 2634
"../../../Engine/Shaders/Private/TemporalSuperResolution/TSRReprojectionField.ush" 2635
"../../../Engine/Shaders/Private/TemporalSuperResolution/TSRResolveHistory.usf" 2636
"../../../Engine/Shaders/Private/TemporalSuperResolution/TSRConvolutionNetwork.ush" 2637
"../../../Engine/Shaders/Private/TemporalSuperResolution/TSRKernels.ush" 2638
"../../../Engine/Shaders/Public/LaneVectorization.ush" 2639
"../../../Engine/Shaders/Private/TemporalSuperResolution/TSRUpdateHistory.usf" 2640
"../../../Engine/Shaders/Private/TemporalSuperResolution/TSRSpatialAntiAliasing.ush" 2641
"../../../Engine/Shaders/Private/TemporalSuperResolution/TSRSpatialAntiAliasing.usf" 2642
"../../../Engine/Shaders/Private/TemporalSuperResolution/TSRRejectShading.usf" 2643
"../../../Engine/Shaders/Private/TemporalSuperResolution/TSRShadingAnalysis.ush" 2644
"../../../Engine/Shaders/Private/TemporalSuperResolution/TSRConvolutionNetworkPass.ush" 2645
"../../../Engine/Shaders/Private/TemporalSuperResolution/TSRDecimateHistory.usf" 2646
"../../../Engine/Shaders/Private/TemporalSuperResolution/TSRDepthVelocityAnalysis.ush" 2647
"../../../Engine/Shaders/Private/TemporalSuperResolution/TSRClosestOccluder.ush" 2648
"../../../Engine/Shaders/Private/TemporalSuperResolution/TSRWeightRelaxation.usf" 2649
"../../../Engine/Shaders/Private/TemporalSuperResolution/TSRThinGeometryCommon.ush" 2650
"../../../Engine/Shaders/Private/TemporalSuperResolution/TSRDetectThinGeometry.usf" 2651
"../../../Engine/Shaders/Private/TemporalSuperResolution/TSRDilateVelocity.usf" 2652
"../../../Engine/Shaders/Private/MotionBlur/MotionBlurVelocityFlatten.ush" 2653
"../../../Engine/Shaders/Private/MotionBlur/MotionBlurCommon.ush" 2654
"../../../Engine/Shaders/Private/TemporalSuperResolution/TSRClearPrevTextures.usf" 2655
"../../../Engine/Shaders/Private/TemporalSuperResolution/TSRMeasureCoverage.usf" 2656
"../../../Engine/Shaders/Private/TemporalSuperResolution/TSRMeasureFlickeringLuma.usf" 2657
"../../../Engine/Shaders/Private/TemporalAA.usf" 2658
"../../../Engine/Shaders/Private/FilterPixelShader.usf" 2659
"../../../Engine/Shaders/Private/FilterVertexShader.usf" 2660
"../../../Engine/Shaders/Private/VisualizeVirtualTexture.usf" 2661
"../../../Engine/Shaders/Private/PostProcessVisualizeBuffer.usf" 2662
"../../../Engine/Shaders/Private/PostProcessVisualizeLocalExposure.usf" 2663
"../../../Engine/Shaders/Private/PostProcessHistogramCommon.ush" 2664
"../../../Engine/Shaders/Private/TonemapCommon.ush" 2665
"../../../Engine/Shaders/Private/ACES/ACESCommon.ush" 2666
"../../../Engine/Shaders/Private/ACES/ACESOutputTransform.ush" 2667
"../../../Engine/Shaders/Private/ACES/ACESUtilities.ush" 2668
"../../../Engine/Shaders/Private/ACES/ACESTonescale.ush" 2669
"../../../Engine/Shaders/Private/ACES/ACESDisplayEncoding.ush" 2670
"../../../Engine/Shaders/Private/ACES/ACES_v1.3.ush" 2671
"../../../Engine/Shaders/Private/PostProcessVisualizeLevelInstance.usf" 2672
"../../../Engine/Shaders/Private/PostProcessVisualizeHDR.usf" 2673
"../../../Engine/Shaders/Private/ShaderComplexityApplyPixelShader.usf" 2674
"../../../Engine/Shaders/Private/QuadOverdraw.ush" 2675
"../../../Engine/Shaders/Private/PostProcessUpscale.usf" 2676
"../../../Engine/Shaders/Private/PostProcessTonemap.usf" 2677
"../../../Engine/Shaders/Private/PostProcessing/FilmGrainPackConstants.usf" 2678
"../../../Engine/Shaders/Private/PostProcessing/FilmGrainReduce.usf" 2679
"../../../Engine/Shaders/Private/PostProcessTestImage.usf" 2680
"../../../Engine/Shaders/Private/PostProcessSubsurface.usf" 2681
"../../../Engine/Shaders/Private/SeparableSSS.ush" 2682
"../../../Engine/Shaders/Private/SubsurfaceBurleyNormalized.ush" 2683
"../../../Engine/Shaders/Private/PostProcessSelectionOutline.usf" 2684
"../../../Engine/Shaders/Private/MotionBlur/MotionBlurVisualize.usf" 2685
"../../../Engine/Shaders/Private/MotionBlur/MotionBlurApply.usf" 2686
"../../../Engine/Shaders/Private/MotionBlur/MotionBlurFilterTileClassify.usf" 2687
"../../../Engine/Shaders/Private/MotionBlur/MotionBlurTileScatter.usf" 2688
"../../../Engine/Shaders/Private/MotionBlur/MotionBlurTileGather.usf" 2689
"../../../Engine/Shaders/Private/MotionBlur/MotionBlurVelocityFlatten.usf" 2690
"../../../Engine/Shaders/Private/PostProcessMobile.usf" 2691
"../../../Engine/Shaders/Private/PostProcessMitchellNetravali.usf" 2692
"../../../Engine/Shaders/Private/PostProcessMaterialShaders.usf" 2693
"../../../Engine/Shaders/Private/NeuralPostProcessCommon.usf" 2694
"../../../Engine/Shaders/Private/PostProcessLocalExposure.usf" 2695
"../../../Engine/Shaders/Private/PostProcessLensFlares.usf" 2696
"../../../Engine/Shaders/Private/PostProcessGBufferHints.usf" 2697
"../../../Engine/Shaders/Private/PostProcessHMD.usf" 2698
"../../../Engine/Shaders/Private/Histogram.usf" 2699
"../../../Engine/Shaders/Private/PostProcessHistogramReduce.usf" 2700
"../../../Engine/Shaders/Private/PostProcessHistogram.usf" 2701
"../../../Engine/Shaders/Private/Bloom/BloomFinalizeApplyConstants.usf" 2702
"../../../Engine/Shaders/Private/Bloom/BloomCommon.ush" 2703
"../../../Engine/Shaders/Private/Bloom/BloomResizeKernel.usf" 2704
"../../../Engine/Shaders/Private/Bloom/BloomDownsampleKernel.usf" 2705
"../../../Engine/Shaders/Private/Bloom/BloomClampKernel.usf" 2706
"../../../Engine/Shaders/Private/Bloom/BloomPackKernelConstants.usf" 2707
"../../../Engine/Shaders/Private/Bloom/BloomSumScatterDispersionEnergy.usf" 2708
"../../../Engine/Shaders/Private/Bloom/BloomReduceKernelSurvey.usf" 2709
"../../../Engine/Shaders/Private/Bloom/BloomSurveyKernelCenterEnergy.usf" 2710
"../../../Engine/Shaders/Private/Bloom/BloomSurveyMaxScatterDispersion.usf" 2711
"../../../Engine/Shaders/Private/Bloom/BloomFindKernelCenter.usf" 2712
"../../../Engine/Shaders/Private/PostProcessEyeAdaptation.usf" 2713
"../../../Engine/Shaders/Private/TranslucencyVolumeCommon.ush" 2714
"../../../Engine/Shaders/Private/PostProcessEyeAdaptationUtils.usf" 2715
"../../../Engine/Shaders/Private/PostProcessDownsample.usf" 2716
"../../../Engine/Shaders/Private/PostProcessDOF.usf" 2717
"../../../Engine/Shaders/Private/PostProcessDeviceEncodingOnly.usf" 2718
"../../../Engine/Shaders/Private/PostProcessCompositePrimitives.usf" 2719
"../../../Engine/Shaders/Private/PostProcessCombineLUTs.usf" 2720
"../../../Engine/Shaders/Private/PostProcessVisualizeDOF.usf" 2721
"../../../Engine/Shaders/Private/PostProcessBloom.usf" 2722
"../../../Engine/Shaders/Private/PostProcessAmbientOcclusionMobile.usf" 2723
"../../../Engine/Shaders/Private/PostProcessAmbientOcclusionCommon.ush" 2724
"../../../Engine/Shaders/Private/FXAAShader.usf" 2725
"../../../Engine/Shaders/Private/Fxaa3_11.ush" 2726
"../../../Engine/Shaders/Private/PaniniProjection.usf" 2727
"../../../Engine/Shaders/Private/DiaphragmDOF/DOFRecombine.usf" 2728
"../../../Engine/Shaders/Private/DiaphragmDOF/DOFHybridScatterPixelShader.usf" 2729
"../../../Engine/Shaders/Private/DiaphragmDOF/DOFHybridScatterCommon.ush" 2730
"../../../Engine/Shaders/Private/DiaphragmDOF/DOFVignetteCommon.ush" 2731
"../../../Engine/Shaders/Private/DiaphragmDOF/DOFHybridScatterVertexShader.usf" 2732
"../../../Engine/Shaders/Private/DiaphragmDOF/DOFPostfiltering.usf" 2733
"../../../Engine/Shaders/Private/DiaphragmDOF/DOFGatherTileSuggest.ush" 2734
"../../../Engine/Shaders/Private/DiaphragmDOF/DOFCocTileCommon.ush" 2735
"../../../Engine/Shaders/Private/DiaphragmDOF/DOFGatherPass.usf" 2736
"../../../Engine/Shaders/Private/DiaphragmDOF/DOFGatherCommon.ush" 2737
"../../../Engine/Shaders/Private/DiaphragmDOF/DOFGatherAccumulator.ush" 2738
"../../../Engine/Shaders/Private/DiaphragmDOF/DOFGatherKernel.ush" 2739
"../../../Engine/Shaders/Private/DiaphragmDOF/DOFBokehLUT.usf" 2740
"../../../Engine/Shaders/Private/DiaphragmDOF/DOFHybridScatterCompilation.usf" 2741
"../../../Engine/Shaders/Private/DiaphragmDOF/DOFReduce.usf" 2742
"../../../Engine/Shaders/Private/DiaphragmDOF/DOFDownsample.ush" 2743
"../../../Engine/Shaders/Private/DiaphragmDOF/DOFHybridScatterCompilation.ush" 2744
"../../../Engine/Shaders/Private/DiaphragmDOF/DOFDownsample.usf" 2745
"../../../Engine/Shaders/Private/DiaphragmDOF/DOFCocTileDilate.usf" 2746
"../../../Engine/Shaders/Private/DiaphragmDOF/DOFCocTileFlatten.usf" 2747
"../../../Engine/Shaders/Private/DiaphragmDOF/DOFSetup.usf" 2748
"../../../Engine/Shaders/Private/Tools/DebugAlphaChannel.usf" 2749
"../../../Engine/Shaders/Private/PostProcessAlphaInvert.usf" 2750
"../../../Engine/Shaders/Private/PlanarReflectionShaders.usf" 2751
"../../../Engine/Shaders/Private/PhysicsFieldVisualizer.usf" 2752
"../../../Engine/Shaders/Private/PathTracing/PathTracingSpatialTemporalDenoising.usf" 2753
"../../../Engine/Shaders/Private/ColorDifference.ush" 2754
"../../../Engine/Shaders/Private/PathTracing/PathTracingCompositingPixelShader.usf" 2755
"../../../Engine/Shaders/Private/PathTracing/PathTracingAdaptiveUtils.ush" 2756
"../../../Engine/Shaders/Private/PathTracing/PathTracingDefaultHitShader.usf" 2757
"../../../Engine/Shaders/Private/PathTracing/PathTracingGPULightmassMaterialHitShader.usf" 2758
"../../../Engine/Shaders/Private/PathTracing/PathTracingMaterialHitShader.usf" 2759
"../../../Engine/Shaders/Private/PathTracing/Material/PathTracingSubstrateCommon.ush" 2760
"../../../Engine/Shaders/Private/PathTracing/PathTracingLightingMissShader.usf" 2761
"../../../Engine/Shaders/Private/PathTracing/PathTracingMissShader.usf" 2762
"../../../Engine/Shaders/Private/PathTracing/PathTracingAdaptiveStart.usf" 2763
"../../../Engine/Shaders/Private/PathTracing/PathTracingBuildAdaptiveError.usf" 2764
"../../../Engine/Shaders/Private/PathTracing/PathTracingVolumetricCloudMaterialShader.usf" 2765
"../../../Engine/Shaders/Private/PathTracing/Volume/PathTracingCloudsMaterialCommon.ush" 2766
"../../../Engine/Shaders/Private/PathTracing/Volume/PathTracingVolumeCommon.ush" 2767
"../../../Engine/Shaders/Private/PathTracing/Volume/PathTracingCloudsCommon.ush" 2768
"../../../Engine/Shaders/Private/PathTracing/Volume/PathTracingFog.ush" 2769
"../../../Engine/Shaders/Private/PathTracing/Volume/PathTracingAtmosphere.ush" 2770
"../../../Engine/Shaders/Private/PathTracing/Volume/PathTracingAtmosphereCommon.ush" 2771
"../../../Engine/Shaders/Private/PathTracing/Volume/PathTracingVolumeSampling.ush" 2772
"../../../Engine/Shaders/Private/PathTracing/PathTracingBuildCloudAccelerationMap.usf" 2773
"../../../Engine/Shaders/Private/PathTracing/PathTracingBuildAtmosphereLUT.usf" 2774
"../../../Engine/Shaders/Private/PathTracing/PathTracingSwizzleScanlines.usf" 2775
"../../../Engine/Shaders/Private/PathTracing/PathTracingInitExtinctionCoefficient.usf" 2776
"../../../Engine/Shaders/Private/PathTracing/PathTracingCopyDepth.usf" 2777
"../../../Engine/Shaders/Private/PathTracing/PathTracingDebug.usf" 2778
"../../../Engine/Shaders/Private/RayTracing/RayTracingDecalGrid.ush" 2779
"../../../Engine/Shaders/Private/PathTracing/Material/PathTracingMaterialSampling.ush" 2780
"../../../Engine/Shaders/Private/PathTracing/Material/PathTracingLambert.ush" 2781
"../../../Engine/Shaders/Private/PathTracing/Material/PathTracingSubstrate.ush" 2782
"../../../Engine/Shaders/Private/PathTracing/Material/PathTracingSubstrateFoliage.ush" 2783
"../../../Engine/Shaders/Private/PathTracing/Material/PathTracingSubstrateSolidGlass.ush" 2784
"../../../Engine/Shaders/Private/PathTracing/Material/PathTracingSubstrateThinGlass.ush" 2785
"../../../Engine/Shaders/Private/PathTracing/Material/PathTracingSolidGlass.ush" 2786
"../../../Engine/Shaders/Private/PathTracing/Material/PathTracingEnergyConservation.ush" 2787
"../../../Engine/Shaders/Private/PathTracing/Material/PathTracingThinGlass.ush" 2788
"../../../Engine/Shaders/Private/PathTracing/Material/PathTracingDefaultLit.ush" 2789
"../../../Engine/Shaders/Private/PathTracing/Material/PathTracingClearCoat.ush" 2790
"../../../Engine/Shaders/Private/PathTracing/Material/PathTracingTwoSidedFoliage.ush" 2791
"../../../Engine/Shaders/Private/PathTracing/Material/PathTracingCloth.ush" 2792
"../../../Engine/Shaders/Private/PathTracing/Material/PathTracingSubsurfaceProfile.ush" 2793
"../../../Engine/Shaders/Private/PathTracing/Material/PathTracingEye.ush" 2794
"../../../Engine/Shaders/Private/PathTracing/Material/PathTracingHair.ush" 2795
"../../../Engine/Shaders/Private/PathTracing/Material/PathTracingMedium.ush" 2796
"../../../Engine/Shaders/Private/PathTracing/Light/PathTracingLightSampling.ush" 2797
"../../../Engine/Shaders/Private/PathTracing/Light/PathTracingLightCommon.ush" 2798
"../../../Engine/Shaders/Private/PathTracing/Light/PathTracingDirectionalLight.ush" 2799
"../../../Engine/Shaders/Private/PathTracing/Light/PathTracingPointLight.ush" 2800
"../../../Engine/Shaders/Private/PathTracing/Light/PathTracingCapsuleLight.ush" 2801
"../../../Engine/Shaders/Private/PathTracing/Light/PathTracingRectLight.ush" 2802
"../../../Engine/Shaders/Private/PathTracing/Light/PathTracingSkyLight.ush" 2803
"../../../Engine/Shaders/Private/PathTracing/Light/PathTracingLightGrid.ush" 2804
"../../../Engine/Shaders/Private/PathTracing/PathTracing.usf" 2805
"../../../Engine/Shaders/Private/PathTracing/PathTracingCore.ush" 2806
"../../../Engine/Shaders/Private/HeterogeneousVolumes/HeterogeneousVolumesVoxelGridTypes.ush" 2807
"../../../Engine/Shaders/Private/PathTracing/Volume/PathTracingVolume.ush" 2808
"../../../Engine/Shaders/Private/PathTracing/Volume/PathTracingClouds.ush" 2809
"../../../Engine/Shaders/Private/PathTracing/Volume/PathTracingHeterogeneousVolumes.ush" 2810
"../../../Engine/Shaders/Private/HeterogeneousVolumes/HeterogeneousVolumesVoxelGridTraversal.ush" 2811
"../../../Engine/Shaders/Private/HeterogeneousVolumes/HeterogeneousVolumesVoxelGridUtils.ush" 2812
"../../../Engine/Shaders/Private/HeterogeneousVolumes/HeterogeneousVolumesFrustumVoxelGridUtils.ush" 2813
"../../../Engine/Shaders/Private/PathTracing/PathTracingBuildLightGrid.usf" 2814
"../../../Engine/Shaders/Private/PathTracing/PathTracingSkylightMISCompensation.usf" 2815
"../../../Engine/Shaders/Private/PathTracing/PathTracingSkylightPrepare.usf" 2816
"../../../Engine/Shaders/Private/OIT/OITSorting.usf" 2817
"../../../Engine/Shaders/Private/OITCombine.usf" 2818
"../../../Engine/Shaders/Private/OITCommon.ush" 2819
"../../../Engine/Shaders/Private/Nanite/Voxel/RasterizeBricks.usf" 2820
"../../../Engine/Shaders/Private/Nanite/Voxel/Brick.ush" 2821
"../../../Engine/Shaders/Private/Nanite/Voxel/Voxel.ush" 2822
"../../../Engine/Shaders/Private/Nanite/Voxel/ScatterBricks.usf" 2823
"../../../Engine/Shaders/Private/Nanite/Voxel/TileBricks.usf" 2824
"../../../Engine/Shaders/Private/Nanite/Voxel/AutoVoxel.usf" 2825
"../../../Engine/Shaders/Private/Nanite/NaniteDebugViews.usf" 2826
"../../../Engine/Shaders/Private/Nanite/NaniteEditorCommon.ush" 2827
"../../../Engine/Shaders/Private/BinarySearch.ush" 2828
"../../../Engine/Shaders/Private/Nanite/NaniteDepthDecode.usf" 2829
"../../../Engine/Shaders/Private/HTileEncoding.ush" 2830
"../../../Engine/Shaders/Private/Nanite/NaniteVisualize.usf" 2831
"../../../Engine/Shaders/Private/Nanite/NaniteStreamOut.usf" 2832
"../../../Engine/Shaders/Private/Nanite/NaniteHierarchyTraversal.ush" 2833
"../../../Engine/Shaders/Private/Nanite/NaniteSkinningUpdateViewData.usf" 2834
"../../../Engine/Shaders/Private/Skinning/TransformProviders.usf" 2835
"../../../Engine/Shaders/Private/Nanite/NaniteShadeBinning.usf" 2836
"../../../Engine/Shaders/Private/Nanite/NaniteShadeCommon.ush" 2837
"../../../Engine/Shaders/Private/Nanite/NaniteFastClear.usf" 2838
"../../../Engine/Shaders/Private/Nanite/NaniteExportGBuffer.usf" 2839
"../../../Engine/Shaders/Private/Nanite/NaniteClusterCulling.usf" 2840
"../../../Engine/Shaders/Private/Nanite/NanitePrintStats.usf" 2841
"../../../Engine/Shaders/Private/Nanite/NaniteRasterizer.usf" 2842
"../../../Engine/Shaders/Private/Nanite/NaniteRasterizationCommon.ush" 2843
"../../../Engine/Shaders/Private/Nanite/NaniteRasterizer.ush" 2844
"../../../Engine/Shaders/Private/Nanite/NaniteWritePixel.ush" 2845
"../../../Engine/Shaders/Private/Nanite/NaniteTessellation.ush" 2846
"../../../Engine/Shaders/Private/WorkDistribution.ush" 2847
"../../../Engine/Shaders/Private/Nanite/NaniteDice.ush" 2848
"../../../Engine/Shaders/Private/ShaderBundleWorkGraphCommon.ush" 2849
"../../../Engine/Shaders/Public/RootConstants.ush" 2850
"../../../Engine/Shaders/Public/Platform/D3D/D3DRootConstants.ush" 2851
"../../../Engine/Shaders/Private/Nanite/NaniteSplit.usf" 2852
"../../../Engine/Shaders/Private/Nanite/NaniteRasterBinning.usf" 2853
"../../../Engine/Shaders/Private/Nanite/NaniteInstanceCulling.usf" 2854
"../../../Engine/Shaders/Private/Nanite/NaniteImposter.ush" 2855
"../../../Engine/Shaders/Private/Nanite/NaniteInstanceHierarchyCulling.usf" 2856
"../../../Engine/Shaders/Private/WorkGroupLoadBalancer.ush" 2857
"../../../Engine/Shaders/Private/Nanite/NanitePrimitiveFilter.usf" 2858
"../../../Engine/Shaders/Private/Nanite/NaniteRasterClear.usf" 2859
"../../../Engine/Shaders/Private/Nanite/NaniteDepthExport.usf" 2860
"../../../Engine/Shaders/Private/Nanite/NaniteEmitShadow.usf" 2861
"../../../Engine/Shaders/Private/MobileDeferredUtils.usf" 2862
"../../../Engine/Shaders/Private/MobileLocalLightsBuffer.usf" 2863
"../../../Engine/Shaders/Private/MobileFog.usf" 2864
"../../../Engine/Shaders/Private/DistortApplyScreenPS.usf" 2865
"../../../Engine/Shaders/Private/MobileDeferredShading.usf" 2866
"../../../Engine/Shaders/Private/MobileBasePassPixelShader.usf" 2867
"../../../Engine/Shaders/Private/MobileBasePassCommon.ush" 2868
"../../../Engine/Shaders/Private/BasePassCommon.ush" 2869
"../../../Engine/Shaders/Private/ShadingModelsMaterial.ush" 2870
"../../../Engine/Shaders/Private/ThinTranslucentCommon.ush" 2871
"../../../Engine/Shaders/Private/SingleLayerWaterShading.ush" 2872
"../../../Engine/Shaders/Private/DistortionCommon.ush" 2873
"../../../Engine/Shaders/Private/Substrate/SubstrateMobileForwardLighting.ush" 2874
"../../../Engine/Shaders/Private/MobileBasePassVertexShader.usf" 2875
"../../../Engine/Shaders/Private/MeshEdges.usf" 2876
"../../../Engine/Shaders/Private/MegaLights/MegaLightsVSMTracing.usf" 2877
"../../../Engine/Shaders/Private/MegaLights/MegaLights.ush" 2878
"../../../Engine/Shaders/Shared/MegaLightsDefinitions.h" 2879
"../../../Engine/Shaders/Private/HairStrands/HairStrandsVisibilityUtils.ush" 2880
"../../../Engine/Shaders/Private/MegaLights/MegaLightsRayTracing.ush" 2881
"../../../Engine/Shaders/Private/MegaLights/MegaLightsRayTracing.usf" 2882
"../../../Engine/Shaders/Private/DistanceField/GlobalDistanceFieldUtils.ush" 2883
"../../../Engine/Shaders/Private/Lumen/LumenScreenTracing.ush" 2884
"../../../Engine/Shaders/Private/MegaLights/MegaLightsVolumeRayTracing.usf" 2885
"../../../Engine/Shaders/Private/MegaLights/MegaLightsVolume.ush" 2886
"../../../Engine/Shaders/Private/MegaLights/MegaLightsVolumeHardwareRayTracing.usf" 2887
"../../../Engine/Shaders/Private/Lumen/LumenHardwareRayTracingCommon.ush" 2888
"../../../Engine/Shaders/Private/RayTracing/RayTracingReflectionEnvironment.ush" 2889
"../../../Engine/Shaders/Private/Lumen/LumenHardwareRayTracingPlatformCommon.ush" 2890
"../../../Engine/Shaders/Private/Lumen/LumenReflectionsCombine.ush" 2891
"../../../Engine/Shaders/Private/Lumen/LumenTracingCommon.ush" 2892
"../../../Engine/Shaders/Private/Lumen/SurfaceCache/LumenSurfaceCacheSampling.ush" 2893
"../../../Engine/Shaders/Private/Lumen/SurfaceCache/LumenSurfaceCache.ush" 2894
"../../../Engine/Shaders/Private/Lumen/LumenCardCommon.ush" 2895
"../../../Engine/Shaders/Private/Lumen/LumenCardTileShadowDownsampleFactor.ush" 2896
"../../../Engine/Shaders/Private/MegaLights/MegaLightsHardwareRayTracing.usf" 2897
"../../../Engine/Shaders/Private/MegaLights/MegaLights.usf" 2898
"../../../Engine/Shaders/Private/MegaLights/MegaLightsShading.ush" 2899
"../../../Engine/Shaders/Private/MegaLights/MegaLightsFilterVisibleLightHash.usf" 2900
"../../../Engine/Shaders/Private/MegaLights/MegaLightsDenoiserSpatial.usf" 2901
"../../../Engine/Shaders/Private/Lumen/LumenReflectionDenoiserCommon.ush" 2902
"../../../Engine/Shaders/Private/MegaLights/MegaLightsDenoiserTemporal.usf" 2903
"../../../Engine/Shaders/Private/MegaLights/MegaLightsShading.usf" 2904
"../../../Engine/Shaders/Private/StochasticLighting/StochasticLightingUpsample.ush" 2905
"../../../Engine/Shaders/Private/MegaLights/MegaLightsVisibleLightHash.usf" 2906
"../../../Engine/Shaders/Private/MegaLights/MegaLightsVolumeShading.usf" 2907
"../../../Engine/Shaders/Private/MegaLights/MegaLightsSampling.usf" 2908
"../../../Engine/Shaders/Private/MegaLights/MegaLightsSampling.ush" 2909
"../../../Engine/Shaders/Private/MegaLights/MegaLightsVolumeSampling.usf" 2910
"../../../Engine/Shaders/Private/MaterialCache/MaterialCacheABufferPages.usf" 2911
"../../../Engine/Shaders/Private/MaterialCache/MaterialCacheShade.usf" 2912
"../../../Engine/Shaders/Private/MaterialCache/MaterialCacheUnwrapNaniteShade.usf" 2913
"../../../Engine/Shaders/Private/MaterialCache/MaterialCacheUnwrapPixelShader.usf" 2914
"../../../Engine/Shaders/Private/MaterialCache/MaterialCacheUnwrapVertexShader.usf" 2915
"../../../Engine/Shaders/Private/Lumen/LumenVisualizeRadianceCache.usf" 2916
"../../../Engine/Shaders/Private/Lumen/LumenRadianceCacheCommon.ush" 2917
"../../../Engine/Shaders/Private/Lumen/LumenVisualizeHardwareRayTracing.usf" 2918
"../../../Engine/Shaders/Private/Lumen/LumenVisualize.ush" 2919
"../../../Engine/Shaders/Private/Lumen/LumenHairTracing.ush" 2920
"../../../Engine/Shaders/Private/Lumen/LumenVisualize.usf" 2921
"../../../Engine/Shaders/Private/Lumen/LumenSoftwareRayTracing.ush" 2922
"../../../Engine/Shaders/Private/DistanceField/GlobalDistanceFieldObjectGrid.ush" 2923
"../../../Engine/Shaders/Private/DistanceFieldLightingShared.ush" 2924
"../../../Engine/Shaders/Private/Lumen/LumenVisualizeTraces.ush" 2925
"../../../Engine/Shaders/Private/Lumen/LumenTranslucencyVolumeLighting.usf" 2926
"../../../Engine/Shaders/Private/Lumen/LumenRadianceCacheMarkCommon.ush" 2927
"../../../Engine/Shaders/Private/Lumen/LumenTranslucencyVolumeLightingShared.ush" 2928
"../../../Engine/Shaders/Private/Lumen/LumenScreenProbeCommon.ush" 2929
"../../../Engine/Shaders/Private/RayTracing/RayGenUtils.ush" 2930
"../../../Engine/Shaders/Private/Lumen/LumenRadianceCacheTracingCommon.ush" 2931
"../../../Engine/Shaders/Private/Lumen/LumenTranslucencyVolumeHardwareRayTracing.usf" 2932
"../../../Engine/Shaders/Private/Lumen/LumenTranslucencyRadianceCacheMarkShaders.usf" 2933
"../../../Engine/Shaders/Private/Lumen/SurfaceCache/LumenSurfaceCache.usf" 2934
"../../../Engine/Shaders/Private/Lumen/LumenShortRangeAOHardwareRayTracing.usf" 2935
"../../../Engine/Shaders/Private/Lumen/LumenScreenSpaceBentNormal.ush" 2936
"../../../Engine/Shaders/Private/Lumen/LumenScreenSpaceBentNormal.usf" 2937
"../../../Engine/Shaders/Private/Lumen/LumenScreenProbeTracing.usf" 2938
"../../../Engine/Shaders/Private/Lumen/LumenScreenProbeTracingCommon.ush" 2939
"../../../Engine/Shaders/Private/Lumen/LumenFloatQuantization.ush" 2940
"../../../Engine/Shaders/Private/Lumen/LumenScreenProbeImportanceSampling.usf" 2941
"../../../Engine/Shaders/Private/Lumen/LumenScreenProbeImportanceSamplingShared.ush" 2942
"../../../Engine/Shaders/Private/Lumen/LumenScreenProbeHardwareRayTracing.usf" 2943
"../../../Engine/Shaders/Private/Lumen/LumenScreenProbeDebug.usf" 2944
"../../../Engine/Shaders/Private/Lumen/LumenScreenProbeGather.usf" 2945
"../../../Engine/Shaders/Private/Lumen/LumenScreenProbeGatherTemporal.usf" 2946
"../../../Engine/Shaders/Private/Lumen/LumenScreenProbeFiltering.usf" 2947
"../../../Engine/Shaders/Private/Lumen/LumenSceneLighting.usf" 2948
"../../../Engine/Shaders/Private/Lumen/LumenCardTile.ush" 2949
"../../../Engine/Shaders/Private/Lumen/LumenSceneLighting.ush" 2950
"../../../Engine/Shaders/Private/Lumen/Radiosity/LumenRadiosity.ush" 2951
"../../../Engine/Shaders/Private/Lumen/LumenSceneLightingDebug.usf" 2952
"../../../Engine/Shaders/Private/Lumen/LumenScene.usf" 2953
"../../../Engine/Shaders/Private/Lumen/LumenSceneDirectLightingHardwareRayTracing.usf" 2954
"../../../Engine/Shaders/Private/Lumen/LumenSceneDirectLightingStochastic.ush" 2955
"../../../Engine/Shaders/Private/Lumen/LumenReflectionCommon.ush" 2956
"../../../Engine/Shaders/Private/Lumen/LumenSceneDirectLighting.ush" 2957
"../../../Engine/Shaders/Private/Lumen/LumenSceneDebugHardwareRayTracing.usf" 2958
"../../../Engine/Shaders/Private/Lumen/LumenSceneDirectLightingStochastic.usf" 2959
"../../../Engine/Shaders/Private/Lumen/LumenSceneDirectLightingSoftwareRayTracing.usf" 2960
"../../../Engine/Shaders/Private/DistanceFieldShadowingShared.ush" 2961
"../../../Engine/Shaders/Private/Lumen/LumenSceneDirectLightingPerLightShadowCommon.ush" 2962
"../../../Engine/Shaders/Private/Lumen/LumenSceneDirectLightingShadowMask.usf" 2963
"../../../Engine/Shaders/Private/Lumen/LumenSceneDirectLighting.usf" 2964
"../../../Engine/Shaders/Private/Lumen/LumenSceneDirectLightingCulling.usf" 2965
"../../../Engine/Shaders/Private/Lumen/LumenCardComputeShader.usf" 2966
"../../../Engine/Shaders/Private/Lumen/LumenCardBasePass.ush" 2967
"../../../Engine/Shaders/Private/Lumen/LumenCardPixelShader.usf" 2968
"../../../Engine/Shaders/Private/Lumen/LumenCardVertexShader.usf" 2969
"../../../Engine/Shaders/Private/Lumen/LumenReSTIRGather.usf" 2970
"../../../Engine/Shaders/Private/Lumen/LumenReflectionTracing.usf" 2971
"../../../Engine/Shaders/Private/Lumen/LumenReflectionDenoiserSpatial.usf" 2972
"../../../Engine/Shaders/Private/Lumen/LumenReflectionDenoiserClear.usf" 2973
"../../../Engine/Shaders/Private/Lumen/LumenReflectionDenoiserTemporal.usf" 2974
"../../../Engine/Shaders/Private/Lumen/LumenReflectionResolve.usf" 2975
"../../../Engine/Shaders/Private/Lumen/LumenReflections.usf" 2976
"../../../Engine/Shaders/Private/Lumen/RayTracedTranslucency.usf" 2977
"../../../Engine/Shaders/Private/Lumen/LumenReflectionHardwareRayTracing.usf" 2978
"../../../Engine/Shaders/Private/Lumen/Radiosity/LumenVisualizeRadiosityProbes.usf" 2979
"../../../Engine/Shaders/Private/Lumen/Radiosity/LumenRadiosity.usf" 2980
"../../../Engine/Shaders/Private/Lumen/Radiosity/LumenRadiosityHardwareRayTracing.usf" 2981
"../../../Engine/Shaders/Private/Lumen/Radiosity/LumenRadiosityCulling.usf" 2982
"../../../Engine/Shaders/Private/Lumen/LumenRadianceCacheHardwareRayTracing.usf" 2983
"../../../Engine/Shaders/Private/Lumen/LumenRadianceCache.usf" 2984
"../../../Engine/Shaders/Private/Lumen/LumenRadianceCacheUpdate.ush" 2985
"../../../Engine/Shaders/Private/Lumen/LumenRadianceCacheDebug.usf" 2986
"../../../Engine/Shaders/Private/Lumen/LumenRadianceCacheUpdate.usf" 2987
"../../../Engine/Shaders/Private/Lumen/LumenMeshSDFCulling.usf" 2988
"../../../Engine/Shaders/Private/HybridIndirectLighting.ush" 2989
"../../../Engine/Shaders/Private/MeshDistanceFieldCommon.ush" 2990
"../../../Engine/Shaders/Private/Lumen/LumenIrradianceFieldGather.usf" 2991
"../../../Engine/Shaders/Private/Lumen/LumenHardwareRayTracingMaterials.usf" 2992
"../../../Engine/Shaders/Private/Lumen/LumenFrontLayerTranslucency.usf" 2993
"../../../Engine/Shaders/Private/LocalFogVolumes/LocalFogVolumeSplat.usf" 2994
"../../../Engine/Shaders/Private/LocalFogVolumes/LocalFogVolumeTiledCulling.usf" 2995
"../../../Engine/Shaders/Private/LightShaftShader.usf" 2996
"../../../Engine/Shaders/Private/StationaryLightOverlapShaders.usf" 2997
"../../../Engine/Shaders/Private/DeferredLightPixelShaders.usf" 2998
"../../../Engine/Shaders/Private/DeferredLightVertexShaders.usf" 2999
"../../../Engine/Shaders/Private/LightMapDensityShader.usf" 3000
"../../../Engine/Shaders/Private/LightGridInjection.usf" 3001
"../../../Engine/Shaders/Shared/LightGridDefinitions.h" 3002
"../../../Engine/Shaders/Private/LightFunctionPixelShader.usf" 3003
"../../../Engine/Shaders/Private/LightFunctionVertexShader.usf" 3004
"../../../Engine/Shaders/Private/LightFunctionAtlas/LightFunctionAtlasRender.usf" 3005
"../../../Engine/Shaders/Private/InstanceCulling/InstanceCullingOcclusionQuery.usf" 3006
"../../../Engine/Shaders/Private/InstanceCulling/InstanceCullingSetup.ush" 3007
"../../../Engine/Shaders/Private/InstanceCulling/BuildInstanceDrawCommands.usf" 3008
"../../../Engine/Shaders/Private/InstanceCulling/InstanceCompactionCommon.ush" 3009
"../../../Engine/Shaders/Private/SceneDataMobileWriter.ush" 3010
"../../../Engine/Shaders/Private/InstanceCulling/CompactVisibleInstances.usf" 3011
"../../../Engine/Shaders/Private/ReflectionEnvironmentPixelShader.usf" 3012
"../../../Engine/Shaders/Private/AmbientCubemapComposite.usf" 3013
"../../../Engine/Shaders/Private/DiffuseIndirectComposite.usf" 3014
"../../../Engine/Shaders/Private/IESAtlas.usf" 3015
"../../../Engine/Shaders/Private/HeterogeneousVolumes/HeterogeneousVolumesVoxelGridShadows.usf" 3016
"../../../Engine/Shaders/Private/HeterogeneousVolumes/HeterogeneousVolumesStochasticFiltering.ush" 3017
"../../../Engine/Shaders/Private/HeterogeneousVolumes/HeterogeneousVolumesVoxelGridRenderingUtils.ush" 3018
"../../../Engine/Shaders/Private/HeterogeneousVolumes/HeterogeneousVolumesLightingUtils.ush" 3019
"../../../Engine/Shaders/Private/HeterogeneousVolumes/HeterogeneousVolumesVoxelGridRendering.usf" 3020
"../../../Engine/Shaders/Private/HeterogeneousVolumes/HeterogeneousVolumesVoxelGridPipeline.usf" 3021
"../../../Engine/Shaders/Private/HeterogeneousVolumes/HeterogeneousVolumesMaterialBakingPipeline.usf" 3022
"../../../Engine/Shaders/Private/HeterogeneousVolumes/HeterogeneousVolumesLiveShadingUtils.ush" 3023
"../../../Engine/Shaders/Private/HeterogeneousVolumes/HeterogeneousVolumesFrustumVoxelGrid.usf" 3024
"../../../Engine/Shaders/Private/HeterogeneousVolumes/HeterogeneousVolumesSparseVoxelPipeline.usf" 3025
"../../../Engine/Shaders/Private/HeterogeneousVolumes/HeterogeneousVolumesSparseVoxelUtils.ush" 3026
"../../../Engine/Shaders/Private/HeterogeneousVolumes/HeterogeneousVolumesSparseVoxelUniformBufferUtils.ush" 3027
"../../../Engine/Shaders/Private/HeterogeneousVolumes/HeterogeneousVolumesPreshadingPipeline.usf" 3028
"../../../Engine/Shaders/Private/HeterogeneousVolumes/HeterogeneousVolumesLiveShadingShadows.usf" 3029
"../../../Engine/Shaders/Private/HeterogeneousVolumes/HeterogeneousVolumesLiveShadingGlobalPipeline.usf" 3030
"../../../Engine/Shaders/Private/HeterogeneousVolumes/HeterogeneousVolumesLiveShadingPipeline.usf" 3031
"../../../Engine/Shaders/Private/HeterogeneousVolumes/HeterogeneousVolumesHardwareRayTracing.usf" 3032
"../../../Engine/Shaders/Private/HeterogeneousVolumes/HeterogeneousVolumesAmbientOcclusionPipeline.usf" 3033
"../../../Engine/Shaders/Private/HeterogeneousVolumes/HeterogeneousVolumesComposite.usf" 3034
"../../../Engine/Shaders/Private/HdrCustomResolveShaders.usf" 3035
"../../../Engine/Shaders/Private/HairStrands/RenderCurveRaster.usf" 3036
"../../../Engine/Shaders/Private/HairStrands/HairStrandsVoxelRasterCompute.usf" 3037
"../../../Engine/Shaders/Private/HairStrands/HairStrandsHitProxy.usf" 3038
"../../../Engine/Shaders/Private/HairStrands/HairStrandsVisibilityRasterComputeNaive.usf" 3039
"../../../Engine/Shaders/Private/HairStrands/HairStrandsVisibilityRasterHW.usf" 3040
"../../../Engine/Shaders/Private/HairStrands/HairStrandsVisibilityRasterCompute.usf" 3041
"../../../Engine/Shaders/Private/HairStrands/HairStrandsVisibilityRasterClassification.usf" 3042
"../../../Engine/Shaders/Private/HairStrands/HairStrandsCoverage.usf" 3043
"../../../Engine/Shaders/Private/HairStrands/HairStrandsVisibilityDepthPS.usf" 3044
"../../../Engine/Shaders/Private/HairStrands/HairStrandsVisibilityTransmittanceDepthPS.usf" 3045
"../../../Engine/Shaders/Private/HairStrands/HairStrandsVisibilityFillOpaqueDepthPS.usf" 3046
"../../../Engine/Shaders/Private/HairStrands/HairStrandsVisibilityCompactionComputeRaster.usf" 3047
"../../../Engine/Shaders/Private/HairStrands/HairStrandsVisibilityCompaction.usf" 3048
"../../../Engine/Shaders/Private/HairStrands/HairStrandsVisibilityCopyIndirectArg.usf" 3049
"../../../Engine/Shaders/Private/HairStrands/HairStrandsVisibilityClearPS.usf" 3050
"../../../Engine/Shaders/Private/HairStrands/HairStrandsVisibilityPS.usf" 3051
"../../../Engine/Shaders/Private/HairStrands/HairStrandsVisibilityVS.usf" 3052
"../../../Engine/Shaders/Private/HairStrands/HairStrandsVelocity.usf" 3053
"../../../Engine/Shaders/Private/HairStrands/HairStrandsVisibilityComputeSampleCoverage.usf" 3054
"../../../Engine/Shaders/Private/HairStrands/HairStrandsMaterialPS.usf" 3055
"../../../Engine/Shaders/Private/HairStrands/HairStrandsMaterialCommon.ush" 3056
"../../../Engine/Shaders/Private/HairStrands/HairStrandsMaterialVS.usf" 3057
"../../../Engine/Shaders/Private/HairStrands/HairStrandsLightSample.usf" 3058
"../../../Engine/Shaders/Private/HairStrands/HairStrandsDeepShadowMask.usf" 3059
"../../../Engine/Shaders/Private/HairStrands/HairStrandsDeepTransmittanceMask.usf" 3060
"../../../Engine/Shaders/Private/HairStrands/HairStrandsVisibilityTile.usf" 3061
"../../../Engine/Shaders/Private/HairStrands/HairStrandsDeepShadowPS.usf" 3062
"../../../Engine/Shaders/Private/HairStrands/HairStrandsDeepShadowVS.usf" 3063
"../../../Engine/Shaders/Private/HairStrands/HairStrandsAABB.usf" 3064
"../../../Engine/Shaders/Private/HairStrands/HairStrandsLUT.usf" 3065
"../../../Engine/Shaders/Private/HairStrands/HairStrandsForwardRaster.usf" 3066
"../../../Engine/Shaders/Private/HairStrands/HairStrandsForwardCulling.usf" 3067
"../../../Engine/Shaders/Private/HairStrands/HairStrandsEnvironmentLighting.usf" 3068
"../../../Engine/Shaders/Private/HairStrands/HairStrandsEnvironmentAO.usf" 3069
"../../../Engine/Shaders/Private/HairStrands/HairStrandsDeepShadowAllocation.usf" 3070
"../../../Engine/Shaders/Private/HairStrands/HairStrandsVoxelDebug.usf" 3071
"../../../Engine/Shaders/Private/HairStrands/HairStrandsComposition.usf" 3072
"../../../Engine/Shaders/Private/HairStrands/HairStrandsGBufferCommon.ush" 3073
"../../../Engine/Shaders/Private/GPUScene/GPUSceneDataManagement.usf" 3074
"../../../Engine/Shaders/Private/GPUSceneDebugRender.usf" 3075
"../../../Engine/Shaders/Private/GPUFeedbackCompaction.usf" 3076
"../../../Engine/Shaders/Private/GPUFastFourierTransform.usf" 3077
"../../../Engine/Shaders/Private/GPUFastFourierTransform2DCore.ush" 3078
"../../../Engine/Shaders/Private/GPUFastFourierTransformCore.ush" 3079
"../../../Engine/Shaders/Private/GPUBenchmark.usf" 3080
"../../../Engine/Shaders/Private/DistanceField/GlobalDistanceFieldDebug.usf" 3081
"../../../Engine/Shaders/Private/DistanceField/GlobalDistanceFieldUpdate.ush" 3082
"../../../Engine/Shaders/Private/DistanceField/GlobalDistanceFieldMip.usf" 3083
"../../../Engine/Shaders/Private/DistanceField/GlobalDistanceField.usf" 3084
"../../../Engine/Shaders/Private/DistanceField/GlobalDistanceFieldCompositeObjects.usf" 3085
"../../../Engine/Shaders/Private/DistanceField/GlobalDistanceFieldHeightfields.usf" 3086
"../../../Engine/Shaders/Private/HeightfieldLightingShared.ush" 3087
"../../../Engine/Shaders/Private/GenerateConservativeDepth.usf" 3088
"../../../Engine/Shaders/Private/HeightFogPixelShader.usf" 3089
"../../../Engine/Shaders/Private/HeightFogVertexShader.usf" 3090
"../../../Engine/Shaders/Private/DistortFiltering.usf" 3091
"../../../Engine/Shaders/Private/DistortAccumulatePS.usf" 3092
"../../../Engine/Shaders/Private/DistortAccumulateVS.usf" 3093
"../../../Engine/Shaders/Private/DistanceFieldVisualization.usf" 3094
"../../../Engine/Shaders/Private/DistanceFieldStreaming.usf" 3095
"../../../Engine/Shaders/Private/DistanceFieldShadowing.usf" 3096
"../../../Engine/Shaders/Private/DistanceFieldScreenGridLighting.usf" 3097
"../../../Engine/Shaders/Private/DistanceFieldObjectCulling.usf" 3098
"../../../Engine/Shaders/Private/DistanceFieldLightingPost.usf" 3099
"../../../Engine/Shaders/Private/DitheredTransitionStencil.usf" 3100
"../../../Engine/Shaders/Private/CopyDepthTexture.usf" 3101
"../../../Engine/Shaders/Private/CopyDepthTextureCS.usf" 3102
"../../../Engine/Shaders/Private/DeferredDecal.usf" 3103
"../../../Engine/Shaders/Private/DecalCommon.ush" 3104
"../../../Engine/Shaders/Private/DebugViewModeVertexShader.usf" 3105
"../../../Engine/Shaders/Private/DebugViewModeCommon.ush" 3106
"../../../Engine/Shaders/Private/DebugViewModePixelShader.usf" 3107
"../../../Engine/Shaders/Private/DebugProbes.usf" 3108
"../../../Engine/Shaders/Private/MeshDecals.usf" 3109
"../../../Engine/Shaders/Private/PostProcessAmbientOcclusion.usf" 3110
"../../../Engine/Shaders/Private/ClusteredDeferredShadingPixelShader.usf" 3111
"../../../Engine/Shaders/Private/ClusteredDeferredShadingVertexShader.usf" 3112
"../../../Engine/Shaders/Private/CapsuleShadowShaders.usf" 3113
"../../../Engine/Shaders/Private/BasePassPixelShader.usf" 3114
"../../../Engine/Shaders/Private/ForwardLightingCommon.ush" 3115
"../../../Engine/Shaders/Private/Substrate/SubstrateForwardLighting.ush" 3116
"../../../Engine/Shaders/Private/ComputeShaderOutputCommon.ush" 3117
"../../../Engine/Shaders/Private/BasePassVertexShader.usf" 3118
"../../../Engine/Shaders/Private/BasePassVertexCommon.ush" 3119
"../../../Engine/Shaders/Private/SimpleElementVolumeTexturePreviewPixelShader.usf" 3120
"../../../Engine/Shaders/Private/SimpleElementTexture2DPreviewPixelShader.usf" 3121
"../../../Engine/Shaders/Private/meshpaintdilatepixelshader.usf" 3122
"../../../Engine/Shaders/Private/meshpaintdilatevertexshader.usf" 3123
"../../../Engine/Shaders/Private/MeshPaintPixelShader.usf" 3124
"../../../Engine/Shaders/Private/MeshPaintVertexShader.usf" 3125
"../../../Engine/Shaders/Private/SlateElementPixelShader.usf" 3126
"../../../Engine/Shaders/Private/SlateShaderCommon.ush" 3127
"../../../Engine/Shaders/Private/SlateMaskingShader.usf" 3128
"../../../Engine/Shaders/Private/SlateVertexShader.usf" 3129
"../../../Engine/Shaders/Private/CompositeUIPixelShader.usf" 3130
"../../../Engine/Shaders/Private/ColorDeficiency.ush" 3131
"../../../Engine/Shaders/Private/SlatePostProcessColorDeficiencyPixelShader.usf" 3132
"../../../Engine/Shaders/Private/SlatePostProcessPixelShader.usf" 3133
"../../../Engine/Shaders/Private/Tools/VisualizeTexture.usf" 3134
"../../../Engine/Shaders/Private/UpdateDescriptorHandle.usf" 3135
"../../../Engine/Shaders/Private/ByteBuffer.usf" 3136
"../../../Engine/Shaders/Private/ShaderBundleWorkGraphDispatch.usf" 3137
"../../../Engine/Shaders/Private/ShaderBundleDispatch.usf" 3138
"../../../Engine/Shaders/Private/ResolveVertexShader.usf" 3139
"../../../Engine/Shaders/Private/ResolvePixelShader.usf" 3140
"../../../Engine/Shaders/Private/Tools/SetupIndirectArgs.usf" 3141
"../../../Engine/Shaders/Private/ClearReplacementShaders.usf" 3142
"../../../Engine/Shaders/Private/Tools/DrawTexture.usf" 3143
"../../../Engine/Shaders/Private/RayTracing/RayTracingValidation.usf" 3144
"../../../Engine/Shaders/Private/RenderGraphUtilities.usf" 3145
"../../../Engine/Shaders/Private/OneColorShader.usf" 3146
"../../../Engine/Shaders/Private/OculusShaders.usf" 3147
"../../../Engine/Shaders/Private/MediaShaders.usf" 3148
"../../../Engine/Shaders/Private/GPUMessaging.usf" 3149
"../../../Engine/Shaders/Private/Tools/GPUDebugCrashUtils.usf" 3150
"../../../Engine/Shaders/Private/NullPixelShader.usf" 3151
"../../../Engine/Shaders/Private/ComputeGenerateMips.usf" 3152
"../../../Engine/Shaders/Private/Tools/DumpTexture.usf" 3153
"../../../Engine/Shaders/Private/CopyTextureShaders.usf" 3154
"../../../Engine/Shaders/Private/Tools/FullscreenVertexShader.usf" 3155
"../../../Engine/Shaders/Private/RayTracing/RayTracingDispatchDesc.usf" 3156
"../../../Engine/Shaders/Private/Bink.usf" 3157
"../../../Engine/Shaders/Private/VelocityShader.usf" 3158
"../../../Engine/Shaders/Private/DepthOnlyPixelShader.usf" 3159
"../../../Engine/Shaders/Private/PositionOnlyDepthVertexShader.usf" 3160
"../../../Engine/Shaders/Private/DepthOnlyVertexShader.usf" 3161
"../../../Engine/Shaders/Private/AnisotropyPassShader.usf" 3162
"C:/Users/tazmi/Documents/Unreal Projects/Tandalfs-Tumultuous-Time-Trials/TandalfsTumultuousTT/Content/DevLevels/Andrew_Ceaser.umap" 3163
"C:/Users/tazmi/Documents/Unreal Projects/Tandalfs-Tumultuous-Time-Trials/TandalfsTumultuousTT/Content/DevLevels/LightHouseHub.umap" 3164
"C:/Users/tazmi/Documents/Unreal Projects/Tandalfs-Tumultuous-Time-Trials/TandalfsTumultuousTT/Content/Game/_GENERATED/CubeGridToolOutput_BEDB39AA.uasset" 3165
"C:/Users/tazmi/Documents/Unreal Projects/Tandalfs-Tumultuous-Time-Trials/TandalfsTumultuousTT/Content/DevLevels/_GENERATED/an068282/CubeGridToolOutput_A818E26D.uasset" 3166
"C:/Users/tazmi/Documents/Unreal Projects/Tandalfs-Tumultuous-Time-Trials/TandalfsTumultuousTT/Content/DevLevels/_GENERATED/an068282/Capsule_194266A6.uasset" 3167
"C:/Users/tazmi/Documents/Unreal Projects/Tandalfs-Tumultuous-Time-Trials/TandalfsTumultuousTT/Content/DevLevels/_GENERATED/an068282/Cylinder_8CF5A72B.uasset" 3168
"C:/Users/tazmi/Documents/Unreal Projects/Tandalfs-Tumultuous-Time-Trials/TandalfsTumultuousTT/Content/DevLevels/_GENERATED/an068282/BP_elevator2.uasset" 3169
"C:/Users/tazmi/Documents/Unreal Projects/Tandalfs-Tumultuous-Time-Trials/TandalfsTumultuousTT/Content/DevLevels/_GENERATED/an068282/Box_C815FDB1.uasset" 3170
"C:/Users/tazmi/Documents/Unreal Projects/Tandalfs-Tumultuous-Time-Trials/TandalfsTumultuousTT/Content/DevLevels/_GENERATED/an068282/Capsule_0C74C189.uasset" 3171
"C:/Users/tazmi/Documents/Unreal Projects/Tandalfs-Tumultuous-Time-Trials/TandalfsTumultuousTT/Content/DevLevels/_GENERATED/an068282/Box_547E80BC.uasset" 3172
"C:/Users/tazmi/Documents/Unreal Projects/Tandalfs-Tumultuous-Time-Trials/TandalfsTumultuousTT/Content/DevLevels/_GENERATED/an068282/BP_elevator.uasset" 3173
"C:/Users/tazmi/Documents/Unreal Projects/Tandalfs-Tumultuous-Time-Trials/TandalfsTumultuousTT/Content/DevLevels/_GENERATED/an068282/Box_213409CC.uasset" 3174
"C:/Users/tazmi/Documents/Unreal Projects/Tandalfs-Tumultuous-Time-Trials/TandalfsTumultuousTT/Content/DevLevels/_GENERATED/an068282/Box_C41162AF.uasset" 3175
"/Engine/EngineResources/WhiteSquareTexture" 3176
"../../../Engine/Content/EngineResources/WhiteSquareTexture.uasset" 3177
"/Engine/EngineResources/GradientTexture0" 3178
"../../../Engine/Content/EngineResources/GradientTexture0.uasset" 3179
"/Engine/EngineResources/Black" 3180
"../../../Engine/Content/EngineResources/Black.uasset" 3181
"/Engine/EditorResources/S_Actor" 3182
"../../../Engine/Content/EditorResources/S_Actor.uasset" 3183
"/Engine/EngineFonts/RobotoDistanceField" 3184
"../../../Engine/Content/EngineFonts/RobotoDistanceField.uasset" 3185
"/Engine/EngineMaterials/DefaultTextMaterialOpaque" 3186
"../../../Engine/Content/EngineMaterials/DefaultTextMaterialOpaque.uasset" 3187
"/Engine/Functions/Engine_MaterialFunctions01/Shading/PowerToRoughness" 3188
"../../../Engine/Content/Functions/Engine_MaterialFunctions01/Shading/PowerToRoughness.uasset" 3189
"/Engine/Functions/Engine_MaterialFunctions01/Shading/ConvertFromDiffSpec" 3190
"../../../Engine/Content/Functions/Engine_MaterialFunctions01/Shading/ConvertFromDiffSpec.uasset" 3191
"/Engine/EngineMaterials/WorldGridMaterial" 3192
"../../../Engine/Content/EngineMaterials/WorldGridMaterial.uasset" 3193
"../../../Engine/Content/Functions/Engine_MaterialFunctions01/Opacity/CameraDepthFade.uasset" 3194
"../../../Engine/Content/EngineMaterials/T_Default_Material_Grid_M.uasset" 3195
"../../../Engine/Content/EngineMaterials/T_Default_Material_Grid_N.uasset" 3196
"/Engine/EngineMaterials/DefaultDeferredDecalMaterial" 3197
"../../../Engine/Content/EngineMaterials/DefaultDeferredDecalMaterial.uasset" 3198
"../../../Engine/Content/EngineMaterials/DefaultDiffuse.uasset" 3199
"/Engine/EngineMaterials/DefaultLightFunctionMaterial" 3200
"../../../Engine/Content/EngineMaterials/DefaultLightFunctionMaterial.uasset" 3201
"/Engine/EngineMaterials/DefaultPostProcessMaterial" 3202
"../../../Engine/Content/EngineMaterials/DefaultPostProcessMaterial.uasset" 3203
"../../../Engine/Content/Functions/Engine_MaterialFunctions02/Utility/BreakOutFloat2Components.uasset" 3204
"/Engine/EditorResources/S_Trigger" 3205
"../../../Engine/Content/EditorResources/S_Trigger.uasset" 3206
"/Engine/EditorResources/S_BoxReflectionCapture" 3207
"../../../Engine/Content/EditorResources/S_BoxReflectionCapture.uasset" 3208
"/Engine/EngineResources/DefaultTexture" 3209
"../../../Engine/Content/EngineResources/DefaultTexture.uasset" 3210
"/Engine/EditorResources/S_TriggerBox" 3211
"../../../Engine/Content/EditorResources/S_TriggerBox.uasset" 3212
"/Engine/EditorResources/S_TriggerCapsule" 3213
"../../../Engine/Content/EditorResources/S_TriggerCapsule.uasset" 3214
"/Engine/EditorResources/S_TriggerSphere" 3215
"../../../Engine/Content/EditorResources/S_TriggerSphere.uasset" 3216
"/Engine/EngineDamageTypes/DmgTypeBP_Environmental" 3217
"../../../Engine/Content/EngineDamageTypes/DmgTypeBP_Environmental.uasset" 3218
"/Engine/EngineMeshes/Sphere" 3219
"../../../Engine/Content/EngineMeshes/Sphere.uasset" 3220
"/Engine/EngineResources/DefaultTextureCube" 3221
"../../../Engine/Content/EngineResources/DefaultTextureCube.uasset" 3222
"/Engine/EngineResources/DefaultVolumeTexture" 3223
"../../../Engine/Content/EngineResources/DefaultVolumeTexture.uasset" 3224
"../../../Engine/Content/EngineResources/DefaultVolumeTexture2D.uasset" 3225
"/Engine/VREditor/TransformGizmo/SM_Sequencer_Node" 3226
"../../../Engine/Content/VREditor/TransformGizmo/SM_Sequencer_Node.uasset" 3227
"../../../Engine/Content/VREditor/TransformGizmo/Main.uasset" 3228
"../../../Engine/Content/VREditor/TransformGizmo/Xray.uasset" 3229
"/Engine/EditorResources/S_Solver" 3230
"../../../Engine/Content/EditorResources/S_Solver.uasset" 3231
"/Engine/EngineDebugMaterials/VolumeToRender" 3232
"../../../Engine/Content/EngineDebugMaterials/VolumeToRender.uasset" 3233
"/Engine/EngineDebugMaterials/M_VolumeRenderSphereTracePP" 3234
"../../../Engine/Content/EngineDebugMaterials/M_VolumeRenderSphereTracePP.uasset" 3235
"../../../Engine/Content/Functions/Engine_MaterialFunctions02/Utility/CameraDirectionVector.uasset" 3236
"/Engine/EditorMeshes/Camera/SM_CraneRig_Base" 3237
"../../../Engine/Content/EditorMeshes/Camera/SM_CraneRig_Base.uasset" 3238
"../../../Engine/Content/EditorMaterials/Camera/MI_CineMat_Rig.uasset" 3239
"../../../Engine/Content/EditorMaterials/Camera/CineMat.uasset" 3240
"/Engine/EditorMeshes/Camera/SM_CraneRig_Arm" 3241
"../../../Engine/Content/EditorMeshes/Camera/SM_CraneRig_Arm.uasset" 3242
"/Engine/EditorMeshes/Camera/SM_CraneRig_Mount" 3243
"../../../Engine/Content/EditorMeshes/Camera/SM_CraneRig_Mount.uasset" 3244
"/Engine/EditorMeshes/Camera/SM_CraneRig_Body" 3245
"../../../Engine/Content/EditorMeshes/Camera/SM_CraneRig_Body.uasset" 3246
"/Engine/EditorMeshes/Camera/SM_RailRig_Track" 3247
"../../../Engine/Content/EditorMeshes/Camera/SM_RailRig_Track.uasset" 3248
"/Engine/EditorMeshes/Camera/SM_RailRig_Mount" 3249
"../../../Engine/Content/EditorMeshes/Camera/SM_RailRig_Mount.uasset" 3250
"/Engine/EditorLandscapeResources/SplineEditorMesh" 3251
"../../../Engine/Content/EditorLandscapeResources/SplineEditorMesh.uasset" 3252
"../../../Engine/Content/EditorLandscapeResources/SplineEditorMeshMat.uasset" 3253
"/HairStrands/Materials/HairDebugMaterial" 3254
"../../Plugins/Runtime/HairStrands/Content/Materials/HairDebugMaterial.uasset" 3255
"../../../Engine/Content/Functions/Engine_MaterialFunctions02/Utility/MakeFloat2.uasset" 3256
"../../../Engine/Content/Functions/Engine_MaterialFunctions02/Utility/MakeFloat3.uasset" 3257
"../../../Engine/Content/EngineMaterials/HairColorMap.uasset" 3258
"../../../Engine/Content/EngineMaterials/HairDebugColor.uasset" 3259
"../../Plugins/Runtime/HairStrands/Content/Materials/HairGroupColors.uasset" 3260
"/HairStrands/Materials/HairDefaultMaterial" 3261
"../../Plugins/Runtime/HairStrands/Content/Materials/HairDefaultMaterial.uasset" 3262
"/HairStrands/Materials/HairCardsDefaultMaterial" 3263
"../../Plugins/Runtime/HairStrands/Content/Materials/HairCardsDefaultMaterial.uasset" 3264
"/HairStrands/Materials/HairMeshesDefaultMaterial" 3265
"../../Plugins/Runtime/HairStrands/Content/Materials/HairMeshesDefaultMaterial.uasset" 3266
"/Engine/BasicShapes/Cube" 3267
"../../../Engine/Content/BasicShapes/Cube.uasset" 3268
"/CameraCalibrationCore/Materials/M_DefaultOddSquare" 3269
"../../Plugins/VirtualProduction/CameraCalibrationCore/Content/Materials/M_DefaultOddSquare.uasset" 3270
"/CameraCalibrationCore/Materials/M_DefaultEvenSquare" 3271
"../../Plugins/VirtualProduction/CameraCalibrationCore/Content/Materials/M_DefaultEvenSquare.uasset" 3272
"/Engine/EngineMaterials/Widget3DPassThrough_Translucent" 3273
"../../../Engine/Content/EngineMaterials/Widget3DPassThrough_Translucent.uasset" 3274
"../../../Engine/Content/EngineMaterials/Widget3DPassThrough.uasset" 3275
"/Engine/EngineMaterials/Widget3DPassThrough_Translucent_OneSided" 3276
"../../../Engine/Content/EngineMaterials/Widget3DPassThrough_Translucent_OneSided.uasset" 3277
"/Engine/EngineMaterials/Widget3DPassThrough_Opaque" 3278
"../../../Engine/Content/EngineMaterials/Widget3DPassThrough_Opaque.uasset" 3279
"/Engine/EngineMaterials/Widget3DPassThrough_Opaque_OneSided" 3280
"../../../Engine/Content/EngineMaterials/Widget3DPassThrough_Opaque_OneSided.uasset" 3281
"/Engine/EngineMaterials/Widget3DPassThrough_Masked" 3282
"../../../Engine/Content/EngineMaterials/Widget3DPassThrough_Masked.uasset" 3283
"/Engine/EngineMaterials/Widget3DPassThrough_Masked_OneSided" 3284
"../../../Engine/Content/EngineMaterials/Widget3DPassThrough_Masked_OneSided.uasset" 3285
"/Engine/VREditor/ViewportInteractionAssetContainerData" 3286
"../../../Engine/Content/VREditor/ViewportInteractionAssetContainerData.uasset" 3287
"../../../Engine/Content/VREditor/SnapGrid/SnapGridMaterial.uasset" 3288
"../../../Engine/Content/VREditor/TransformGizmo/TransformGizmoMaterial_Inst.uasset" 3289
"../../../Engine/Content/VREditor/TransformGizmo/TranslucentTransformGizmoMaterial_Inst.uasset" 3290
"../../../Engine/Content/VREditor/SnapGrid/SnapGridPlaneMesh.uasset" 3291
"../../../Engine/Content/VREditor/Sounds/UI/Drop_Item_From_ContentBrowser.uasset" 3292
"../../../Engine/Content/VREditor/Sounds/UI/Gizmo_Handle_Clicked.uasset" 3293
"../../../Engine/Content/VREditor/Sounds/UI/Object_PickUp.uasset" 3294
"../../../Engine/Content/VREditor/Sounds/UI/Object_Snaps_To_Another_Actor.uasset" 3295
"../../../Engine/Content/VREditor/Sounds/UI/Object_Snaps_To_Grid.uasset" 3296
"../../../Engine/Content/VREditor/Sounds/UI/Scaling_Down.uasset" 3297
"../../../Engine/Content/VREditor/Sounds/UI/Scaling_Up.uasset" 3298
"../../../Engine/Content/VREditor/Sounds/UI/Selection_Changes.uasset" 3299
"../../../Engine/Content/VREditor/TransformGizmo/PlaneTranslationHandle.uasset" 3300
"../../../Engine/Content/VREditor/TransformGizmo/RotationHandleFull.uasset" 3301
"../../../Engine/Content/VREditor/TransformGizmo/RotationHandleIndicator.uasset" 3302
"../../../Engine/Content/VREditor/TransformGizmo/RotationHandleQuarter.uasset" 3303
"../../../Engine/Content/VREditor/TransformGizmo/StartRotationHandleIndicator.uasset" 3304
"../../../Engine/Content/VREditor/TransformGizmo/TransformGizmoFreeRotation.uasset" 3305
"../../../Engine/Content/VREditor/TransformGizmo/TranslateArrowHandle.uasset" 3306
"../../../Engine/Content/VREditor/TransformGizmo/UniformScaleHandle.uasset" 3307
"../../../Engine/Content/Functions/Engine_MaterialFunctions02/Math/Transform3x3Matrix.uasset" 3308
"../../../Engine/Content/Functions/Engine_MaterialFunctions02/SplitComponents.uasset" 3309
"../../../Engine/Content/VREditor/TransformGizmo/TransformGizmoMaterial.uasset" 3310
"../../../Engine/Content/VREditor/TransformGizmo/TranslucentTransformGizmoMaterial.uasset" 3311
"../../../Engine/Content/Functions/Engine_MaterialFunctions02/Utility/BreakOutFloat3Components.uasset" 3312
"../../../Engine/Content/VREditor/LaserPointer/VR_LaserPower_01.uasset" 3313
"/Engine/VREditor/TransformGizmo/BoundingBoxCorner" 3314
"../../../Engine/Content/VREditor/TransformGizmo/BoundingBoxCorner.uasset" 3315
"/Engine/VREditor/TransformGizmo/BoundingBoxEdge" 3316
"../../../Engine/Content/VREditor/TransformGizmo/BoundingBoxEdge.uasset" 3317
"/Engine/ArtTools/RenderToTexture/Meshes/S_1_Unit_Plane" 3318
"../../../Engine/Content/ArtTools/RenderToTexture/Meshes/S_1_Unit_Plane.uasset" 3319
"/Engine/EngineDebugMaterials/M_SimpleUnlitTranslucent" 3320
"../../../Engine/Content/EngineDebugMaterials/M_SimpleUnlitTranslucent.uasset" 3321
"/Engine/EngineFonts/Roboto" 3322
"../../../Engine/Content/EngineFonts/Roboto.uasset" 3323
"../../../Engine/Content/EngineFonts/Faces/DroidSansFallback.uasset" 3324
"../../../Engine/Content/EngineFonts/Faces/RobotoBold.uasset" 3325
"../../../Engine/Content/EngineFonts/Faces/RobotoBoldItalic.uasset" 3326
"../../../Engine/Content/EngineFonts/Faces/RobotoItalic.uasset" 3327
"../../../Engine/Content/EngineFonts/Faces/RobotoLight.uasset" 3328
"../../../Engine/Content/EngineFonts/Faces/RobotoRegular.uasset" 3329
"/Engine/EditorMaterials/ParticleSystems/PSysThumbnail_NoImage" 3330
"../../../Engine/Content/EditorMaterials/ParticleSystems/PSysThumbnail_NoImage.uasset" 3331
"/Engine/EditorMaterials/ParticleSystems/PSysThumbnail_OOD" 3332
"../../../Engine/Content/EditorMaterials/ParticleSystems/PSysThumbnail_OOD.uasset" 3333
"/Engine/EngineResources/LandscapeVisibilityLayerInfo" 3334
"../../../Engine/Content/EngineResources/LandscapeVisibilityLayerInfo.uasset" 3335
"/ACLPlugin/ACLAnimBoneCompressionSettings" 3336
"../../Plugins/Animation/ACLPlugin/Content/ACLAnimBoneCompressionSettings.uasset" 3337
"/Engine/Animation/DefaultRecorderBoneCompression" 3338
"../../../Engine/Content/Animation/DefaultRecorderBoneCompression.uasset" 3339
"/ACLPlugin/ACLAnimCurveCompressionSettings" 3340
"../../Plugins/Animation/ACLPlugin/Content/ACLAnimCurveCompressionSettings.uasset" 3341
"/Engine/Animation/DefaultVariableFrameStrippingSettings" 3342
"../../../Engine/Content/Animation/DefaultVariableFrameStrippingSettings.uasset" 3343
"/ControlRig/Controls/ControlRigXRayMaterial" 3344
"../../Plugins/Animation/ControlRig/Content/Controls/ControlRigXRayMaterial.uasset" 3345
"/ControlRig/Controls/DefaultGizmoLibraryNormalized" 3346
"../../Plugins/Animation/ControlRig/Content/Controls/DefaultGizmoLibraryNormalized.uasset" 3347
"/AudioWidgets/Resources/ScrubHandleDown_Clamped" 3348
"../../Plugins/Runtime/AudioWidgets/Content/Resources/ScrubHandleDown_Clamped.uasset" 3349
"/Paper2D/MaskedUnlitSpriteMaterial" 3350
"../../Plugins/2D/Paper2D/Content/MaskedUnlitSpriteMaterial.uasset" 3351
"../../Plugins/2D/Paper2D/Content/DefaultSpriteMaterial.uasset" 3352
"../../Plugins/2D/Paper2D/Content/PlaceholderTextures/DummySpriteTexture.uasset" 3353
"/Paper2D/OpaqueUnlitSpriteMaterial" 3354
"../../Plugins/2D/Paper2D/Content/OpaqueUnlitSpriteMaterial.uasset" 3355
"/Paper2D/DefaultPaperTerrainMaterial" 3356
"../../Plugins/2D/Paper2D/Content/DefaultPaperTerrainMaterial.uasset" 3357
"../../Plugins/2D/Paper2D/Content/DummySprite.uasset" 3358
"/ControlRig/M_Manip" 3359
"../../Plugins/Animation/ControlRig/Content/M_Manip.uasset" 3360
"../../../Engine/Content/Functions/Engine_MaterialFunctions02/WorldPositionOffset/CameraOffset.uasset" 3361
"/MediaPlate/SM_MediaPlateScreen" 3362
"../../Plugins/Media/MediaPlate/Content/SM_MediaPlateScreen.uasset" 3363
"/SpeedTreeImporter/SpeedTree9/SpeedTreeMaster" 3364
"../../Plugins/Editor/SpeedTreeImporter/Content/SpeedTree9/SpeedTreeMaster.uasset" 3365
"../../../Engine/Content/Functions/Engine_MaterialFunctions02/ObjectLocalBounds.uasset" 3366
"../../../Engine/Content/Functions/Engine_MaterialFunctions02/SafeNormalize.uasset" 3367
"../../../Engine/Content/Functions/Engine_MaterialFunctions02/Utility/VectorLength.uasset" 3368
"../../../Engine/Content/Functions/Engine_MaterialFunctions02/UVs/BoundingBoxBased_0-1_UVW.uasset" 3369
"../../../Engine/Content/Functions/Engine_MaterialFunctions02/WorldPositionOffset/ObjectScale.uasset" 3370
"../../Plugins/Editor/SpeedTreeImporter/Content/SpeedTree9/SpeedTreeBranchMotion.uasset" 3371
"../../Plugins/Editor/SpeedTreeImporter/Content/SpeedTree9/SpeedTreeCameraFacing.uasset" 3372
"../../Plugins/Editor/SpeedTreeImporter/Content/SpeedTree9/SpeedTreeWind.uasset" 3373
"../../Plugins/Editor/SpeedTreeImporter/Content/SpeedTree9/SpeedTreeWindMotion.uasset" 3374
"../../Plugins/Editor/SpeedTreeImporter/Content/SpeedTree9/UnpackDirection.uasset" 3375
"../../Plugins/Editor/SpeedTreeImporter/Content/SpeedTree9/UnpackInteger3.uasset" 3376
"../../Plugins/Editor/SpeedTreeImporter/Content/SpeedTree9/Empty.uasset" 3377
"../../Plugins/Editor/SpeedTreeImporter/Content/SpeedTree9/EmptyNormal.uasset" 3378
"../../Plugins/Editor/SpeedTreeImporter/Content/SpeedTree9/game_wind_noise.uasset" 3379
"/SpeedTreeImporter/SpeedTree9/SpeedTreeBillboardMaster" 3380
"../../Plugins/Editor/SpeedTreeImporter/Content/SpeedTree9/SpeedTreeBillboardMaster.uasset" 3381
"../../Plugins/Editor/SpeedTreeImporter/Content/SpeedTree9/SpeedTreeBillboard.uasset" 3382
"/Engine/BasicShapes/BasicShapeMaterial" 3383
"../../../Engine/Content/BasicShapes/BasicShapeMaterial.uasset" 3384
"/Engine/EditorMaterials/Dataflow/DataflowVertexMaterial" 3385
"../../../Engine/Content/EditorMaterials/Dataflow/DataflowVertexMaterial.uasset" 3386
"/Engine/EditorMaterials/Dataflow/DataflowTwoSidedVertexMaterial" 3387
"../../../Engine/Content/EditorMaterials/Dataflow/DataflowTwoSidedVertexMaterial.uasset" 3388
"/Engine/EditorLandscapeResources/LayerVisMaterial" 3389
"../../../Engine/Content/EditorLandscapeResources/LayerVisMaterial.uasset" 3390
"../../../Engine/Content/EditorLandscapeResources/WhiteSquareTexture.uasset" 3391
"/Engine/EditorLandscapeResources/SelectBrushMaterial_Selected" 3392
"../../../Engine/Content/EditorLandscapeResources/SelectBrushMaterial_Selected.uasset" 3393
"../../../Engine/Content/EditorLandscapeResources/SelectBrushMaterial.uasset" 3394
"../../../Engine/Content/Functions/Engine_MaterialFunctions03/Math/WithinRangeFloat2.uasset" 3395
"../../../Engine/Content/EditorLandscapeResources/DefaultAlphaTexture.uasset" 3396
"/Engine/EditorLandscapeResources/SelectBrushMaterial_SelectedRegion" 3397
"../../../Engine/Content/EditorLandscapeResources/SelectBrushMaterial_SelectedRegion.uasset" 3398
"/Engine/EditorLandscapeResources/MaskBrushMaterial_MaskedRegion" 3399
"../../../Engine/Content/EditorLandscapeResources/MaskBrushMaterial_MaskedRegion.uasset" 3400
"../../../Engine/Content/EditorLandscapeResources/MaskBrushMaterial.uasset" 3401
"/Engine/EditorLandscapeResources/ColorMaskBrushMaterial_MaskedRegion" 3402
"../../../Engine/Content/EditorLandscapeResources/ColorMaskBrushMaterial_MaskedRegion.uasset" 3403
"../../../Engine/Content/EditorLandscapeResources/ColorMaskBrushMaterial.uasset" 3404
"/Engine/EditorLandscapeResources/LandscapeDirtyMaterial" 3405
"../../../Engine/Content/EditorLandscapeResources/LandscapeDirtyMaterial.uasset" 3406
"/Engine/EditorLandscapeResources/LandscapeLayerUsageMaterial" 3407
"../../../Engine/Content/EditorLandscapeResources/LandscapeLayerUsageMaterial.uasset" 3408
"../../../Engine/Content/Functions/Engine_MaterialFunctions01/Debug/DebugIntValues.uasset" 3409
"../../../Engine/Content/Functions/Engine_MaterialFunctions01/Texturing/ScaleUVsByCenter.uasset" 3410
"../../../Engine/Content/Functions/Engine_MaterialFunctions02/WorldPositionOffset/LocalPosition.uasset" 3411
"../../../Engine/Content/Functions/Engine_MaterialFunctions01/Texturing/TextureCropping.uasset" 3412
"../../../Engine/Content/Functions/Engine_MaterialFunctions02/ExampleContent/DebugNumberStrip.uasset" 3413
"C:/Users/tazmi/AppData/Local/UnrealEngine/Editor/UInteractiveToolsPresetCollectionAsset_DefaultCollection.json" 3414
"/Engine/EngineMaterials/NaniteHiddenSectionMaterial" 3415
"../../../Engine/Content/EngineMaterials/NaniteHiddenSectionMaterial.uasset" 3416
"/Engine/EngineMaterials/RemoveSurfaceMaterial" 3417
"../../../Engine/Content/EngineMaterials/RemoveSurfaceMaterial.uasset" 3418
"/Engine/EngineDebugMaterials/DebugMeshMaterial" 3419
"../../../Engine/Content/EngineDebugMaterials/DebugMeshMaterial.uasset" 3420
"/Engine/EngineMaterials/EmissiveMeshMaterial" 3421
"../../../Engine/Content/EngineMaterials/EmissiveMeshMaterial.uasset" 3422
"../../../Engine/Content/EngineMaterials/DefaultWhiteGrid_Low.uasset" 3423
"/Engine/EngineMaterials/M_InvalidLightmapSettings" 3424
"../../../Engine/Content/EngineMaterials/M_InvalidLightmapSettings.uasset" 3425
"../../../Engine/Content/EngineMaterials/InvalidLightmapSettings.uasset" 3426
"/Engine/EngineMaterials/GizmoMaterial" 3427
"../../../Engine/Content/EngineMaterials/GizmoMaterial.uasset" 3428
"/Engine/EngineMaterials/PhAT_JointLimitMaterial" 3429
"../../../Engine/Content/EngineMaterials/PhAT_JointLimitMaterial.uasset" 3430
"/Engine/EngineMaterials/FlattenMaterial" 3431
"../../../Engine/Content/EngineMaterials/FlattenMaterial.uasset" 3432
"../../../Engine/Content/EngineMaterials/BaseFlattenDiffuseMap.uasset" 3433
"../../../Engine/Content/EngineMaterials/BaseFlattenEmissiveMap.uasset" 3434
"../../../Engine/Content/EngineMaterials/BaseFlattenGrayscaleMap.uasset" 3435
"../../../Engine/Content/EngineMaterials/BaseFlattenLinearColor.uasset" 3436
"../../../Engine/Content/EngineMaterials/BaseFlattenNormalMap.uasset" 3437
"../../../Engine/Content/Functions/Engine_MaterialFunctions02/PivotPainter2/Black_1x1_EXR_Texture.uasset" 3438
"/Engine/EngineMaterials/FlattenMaterial_VT" 3439
"../../../Engine/Content/EngineMaterials/FlattenMaterial_VT.uasset" 3440
"../../../Engine/Content/EngineMaterials/BaseFlattenDiffuseMap_VT.uasset" 3441
"../../../Engine/Content/EngineMaterials/BaseFlattenEmissiveMap_VT.uasset" 3442
"../../../Engine/Content/EngineMaterials/BaseFlattenGrayscaleMap_VT.uasset" 3443
"../../../Engine/Content/EngineMaterials/BaseFlattenLinearColor_VT.uasset" 3444
"../../../Engine/Content/EngineMaterials/BaseFlattenNormalMap_VT.uasset" 3445
"../../../Engine/Content/EngineMaterials/Black_1x1_EXR_Texture_VT.uasset" 3446
"/Engine/EngineMaterials/FlattenMaterial_WS_Normal_VT" 3447
"../../../Engine/Content/EngineMaterials/FlattenMaterial_WS_Normal_VT.uasset" 3448
"/Engine/EngineMaterials/Good64x64TilingNoiseHighFreq" 3449
"../../../Engine/Content/EngineMaterials/Good64x64TilingNoiseHighFreq.uasset" 3450
"/Engine/EngineMaterials/DefaultBokeh" 3451
"../../../Engine/Content/EngineMaterials/DefaultBokeh.uasset" 3452
"/Engine/EngineMaterials/MiniFont" 3453
"../../../Engine/Content/EngineMaterials/MiniFont.uasset" 3454
"/Engine/EngineMaterials/WeightMapPlaceholderTexture" 3455
"../../../Engine/Content/EngineMaterials/WeightMapPlaceholderTexture.uasset" 3456
"/Engine/EngineMaterials/WeightMapArrayPlaceholderTexture" 3457
"../../../Engine/Content/EngineMaterials/WeightMapArrayPlaceholderTexture.uasset" 3458
"/Engine/EngineMaterials/DefaultWhiteGrid" 3459
"../../../Engine/Content/EngineMaterials/DefaultWhiteGrid.uasset" 3460
"/Engine/EngineMaterials/PreintegratedSkinBRDF" 3461
"../../../Engine/Content/EngineMaterials/PreintegratedSkinBRDF.uasset" 3462
"/Engine/EngineMaterials/LTC/GGX_LTCAmp" 3463
"../../../Engine/Content/EngineMaterials/LTC/GGX_LTCAmp.uasset" 3464
"/Engine/EngineMaterials/LTC/GGX_LTCMat" 3465
"../../../Engine/Content/EngineMaterials/LTC/GGX_LTCMat.uasset" 3466
"/Engine/EngineMaterials/EnergyConservation/GGX_ReflectionEnergy" 3467
"../../../Engine/Content/EngineMaterials/EnergyConservation/GGX_ReflectionEnergy.uasset" 3468
"/Engine/EngineMaterials/EnergyConservation/GGX_TransmissionEnergyArray" 3469
"../../../Engine/Content/EngineMaterials/EnergyConservation/GGX_TransmissionEnergyArray.uasset" 3470
"/Engine/EngineMaterials/EnergyConservation/SheenLegacy_Energy" 3471
"../../../Engine/Content/EngineMaterials/EnergyConservation/SheenLegacy_Energy.uasset" 3472
"/Engine/EngineMaterials/DefaultPhysicalMaterial" 3473
"../../../Engine/Content/EngineMaterials/DefaultPhysicalMaterial.uasset" 3474
"/Engine/EngineMaterials/DefaultDestructiblePhysicalMaterial" 3475
"../../../Engine/Content/EngineMaterials/DefaultDestructiblePhysicalMaterial.uasset" 3476
"C:/Users/tazmi/AppData/Local/UnrealEngine/Editor/ProjectEditorRecords.json" 3477
"/Niagara/ParameterDefinitions/SpriteRenderer" 3478
"../../Plugins/FX/Niagara/Content/ParameterDefinitions/SpriteRenderer.uasset" 3479
"/Niagara/ParameterDefinitions/RibbonRenderer" 3480
"../../Plugins/FX/Niagara/Content/ParameterDefinitions/RibbonRenderer.uasset" 3481
"/Niagara/ParameterDefinitions/MeshRenderer" 3482
"../../Plugins/FX/Niagara/Content/ParameterDefinitions/MeshRenderer.uasset" 3483
"/Niagara/ParameterDefinitions/LightRenderer" 3484
"../../Plugins/FX/Niagara/Content/ParameterDefinitions/LightRenderer.uasset" 3485
"/Niagara/ParameterDefinitions/DecalRenderer" 3486
"../../Plugins/FX/Niagara/Content/ParameterDefinitions/DecalRenderer.uasset" 3487
"/Niagara/ParameterDefinitions/CoreParameters" 3488
"../../Plugins/FX/Niagara/Content/ParameterDefinitions/CoreParameters.uasset" 3489
"/DeformerGraph/Deformers/DG_LinearBlendSkin_Morph_Cloth" 3490
"../../Plugins/Animation/DeformerGraph/Content/Deformers/DG_LinearBlendSkin_Morph_Cloth.uasset" 3491
"../../Plugins/Animation/DeformerGraph/Content/DeformerFunctions/DG_Function_LinearBlendSkin_Morph_Cloth.uasset" 3492
"/DeformerGraph/Deformers/DG_LinearBlendSkin_Morph_Cloth_RecomputeNormals" 3493
"../../Plugins/Animation/DeformerGraph/Content/Deformers/DG_LinearBlendSkin_Morph_Cloth_RecomputeNormals.uasset" 3494
"../../Plugins/Animation/DeformerGraph/Content/DeformerFunctions/DG_Function_ComputeNormalsTangents.uasset" 3495
"../../Plugins/Animation/DeformerGraph/Content/DeformerFunctions/DG_Function_LinearBlendSkin_Morph_Cloth_PositionOnly.uasset" 3496
"/Engine/EditorResources/SequenceRecorder/Countdown" 3497
"../../../Engine/Content/EditorResources/SequenceRecorder/Countdown.uasset" 3498
"/Engine/EditorResources/SequenceRecorder/RecordingIndicator" 3499
"../../../Engine/Content/EditorResources/SequenceRecorder/RecordingIndicator.uasset" 3500
"/Engine/EditorMaterials/PhAT_UnselectedMaterial" 3501
"../../../Engine/Content/EditorMaterials/PhAT_UnselectedMaterial.uasset" 3502
"/Engine/EditorMaterials/PhAT_NoCollisionMaterial" 3503
"../../../Engine/Content/EditorMaterials/PhAT_NoCollisionMaterial.uasset" 3504
"/Engine/BasicShapes/Sphere" 3505
"../../../Engine/Content/BasicShapes/Sphere.uasset" 3506
"../../../Engine/Content/EngineMaterials/DefaultMaterial.uasset" 3507
"/Engine/BasicShapes/Cylinder" 3508
"../../../Engine/Content/BasicShapes/Cylinder.uasset" 3509
"/Engine/BasicShapes/Cone" 3510
"../../../Engine/Content/BasicShapes/Cone.uasset" 3511
"/Engine/BasicShapes/Plane" 3512
"../../../Engine/Content/BasicShapes/Plane.uasset" 3513
"../../../Engine/Documentation/Source/Shared/Types/ABrush/ABrush.INT.udn" 3514
"../../../Engine/Content/Internationalization/icudt64l/brkitr/en_US.res" 3515
"../../../Engine/Content/Internationalization/icudt64l/brkitr/en.res" 3516
"../../../Engine/Content/Internationalization/icudt64l/brkitr/root.res" 3517
"../../../Engine/Content/Internationalization/icudt64l/brkitr/char.brk" 3518
"../../../Engine/Content/Internationalization/icudt64l/brkitr/word.brk" 3519
"/Engine/EngineFonts/DroidSansMono" 3520
"../../../Engine/Content/EngineFonts/DroidSansMono.uasset" 3521
"../../../Engine/Content/EngineFonts/Faces/DroidSansMono.uasset" 3522
"/Engine/EditorResources/S_Terrain" 3523
"../../../Engine/Content/EditorResources/S_Terrain.uasset" 3524
"../../../Engine/Plugins/FX/Niagara/Shaders/Private/NiagaraDataInterfaceTexture2DArrayTemplate.ush" 3525
"../../../Engine/Plugins/FX/Niagara/Shaders/Private/NiagaraDataInterfaceActorComponentTemplate.ush" 3526
"../../../Engine/Plugins/FX/Niagara/Shaders/Private/NiagaraDataInterfaceArrayTemplate.ush" 3527
"../../../Engine/Plugins/FX/Niagara/Shaders/Private/NiagaraDataInterfaceArrayRWTemplate.ush" 3528
"../../../Engine/Plugins/FX/Niagara/Shaders/Private/NiagaraDataInterfaceAsyncGpuTrace.ush" 3529
"../../../Engine/Plugins/FX/Niagara/Shaders/Private/NiagaraDataInterfaceAsyncGpuTraceTemplate.ush" 3530
"../../../Engine/Plugins/FX/Niagara/Shaders/Private/NiagaraDataInterfaceCamera.ush" 3531
"../../../Engine/Plugins/Experimental/ChaosNiagara/Shaders/NiagaraDataInterfaceChaosDestruction.ush" 3532
"../../../Engine/Plugins/FX/Niagara/Shaders/Private/NiagaraDataInterfaceCollisionQuery.ush" 3533
"C:/Users/tazmi/Documents/Unreal Projects/Tandalfs-Tumultuous-Time-Trials/TandalfsTumultuousTT/Intermediate/ShaderAutogen/PCD3D_SM5/AutogenShaderHeaders.ush" 3534
"../../../Engine/Plugins/FX/Niagara/Shaders/Private/NiagaraDataInterfaceCollisionQueryTemplate.ush" 3535
"../../../Engine/Plugins/FX/Niagara/Shaders/Private/NiagaraDataInterfaceCurveTemplate.ush" 3536
"../../../Engine/Plugins/FX/Niagara/Shaders/Private/NiagaraDataInterfaceCubeTextureTemplate.ush" 3537
"../../../Engine/Plugins/FX/Niagara/Shaders/Private/DataChannel/NiagaraDataInterfaceDataChannelCommon.ush" 3538
"../../../Engine/Plugins/FX/Niagara/Shaders/Private/DataChannel/NiagaraDataInterfaceDataChannelTemplateCommon.ush" 3539
"../../../Engine/Plugins/FX/Niagara/Shaders/Private/DataChannel/NiagaraDataInterfaceDataChannelTemplateReadCommon.ush" 3540
"../../../Engine/Plugins/FX/Niagara/Shaders/Private/DataChannel/NiagaraDataInterfaceDataChannelTemplate_Read.ush" 3541
"../../../Engine/Plugins/FX/Niagara/Shaders/Private/DataChannel/NiagaraDataInterfaceDataChannelTemplate_Consume.ush" 3542
"../../../Engine/Plugins/FX/Niagara/Shaders/Private/DataChannel/NiagaraDataInterfaceDataChannelTemplateWriteCommon.ush" 3543
"../../../Engine/Plugins/FX/Niagara/Shaders/Private/DataChannel/NiagaraDataInterfaceDataChannelTemplate_Append.ush" 3544
"../../../Engine/Plugins/FX/Niagara/Shaders/Private/NiagaraDataInterfaceDataTableTemplate.ush" 3545
"../../../Engine/Plugins/FX/Niagara/Shaders/Private/NiagaraDataInterfaceDebugDraw.ush" 3546
"../../../Engine/Plugins/FX/Niagara/Shaders/Private/NiagaraDataInterfaceDebugDrawTemplate.ush" 3547
"../../../Engine/Plugins/FX/Niagara/Shaders/Private/NiagaraDataInterfaceDynamicMeshTemplate.ush" 3548
"../../../Engine/Plugins/FX/Niagara/Shaders/Private/NiagaraDataInterfaceEmitterPropertiesTemplate.ush" 3549
"../../../Engine/Plugins/FX/Niagara/Shaders/Private/NiagaraDataInterfaceExportTemplate.ush" 3550
"../../../Engine/Plugins/FX/Niagara/Shaders/Private/NiagaraDataInterfaceGBufferTemplate.ush" 3551
"../../../Engine/Plugins/Experimental/ChaosNiagara/Shaders/NiagaraDataInterfaceGeometryCollection.ush" 3552
"../../../Engine/Plugins/FX/Niagara/Shaders/Private/NiagaraTransformUtils.ush" 3553
"../../../Engine/Plugins/Runtime/HairStrands/Shaders/Private/NiagaraStrandsExternalForce.ush" 3554
"../../../Engine/Plugins/Runtime/HairStrands/Shaders/Private/NiagaraHookeSpringMaterial.ush" 3555
"../../../Engine/Plugins/Runtime/HairStrands/Shaders/Private/NiagaraAngularSpringMaterial.ush" 3556
"../../../Engine/Plugins/Runtime/HairStrands/Shaders/Private/NiagaraConstantVolumeMaterial.ush" 3557
"../../../Engine/Plugins/Runtime/HairStrands/Shaders/Private/NiagaraCosseratRodMaterial.ush" 3558
"../../../Engine/Plugins/Runtime/HairStrands/Shaders/Private/NiagaraStaticCollisionConstraint.ush" 3559
"../../../Engine/Plugins/Runtime/HairStrands/Shaders/Private/NiagaraDataInterfaceHairStrands.ush" 3560
"../../../Engine/Plugins/Runtime/HairStrands/Shaders/Private/NiagaraDataInterfaceHairStrandsTemplate.ush" 3561
"../../../Engine/Plugins/FX/Niagara/Shaders/Private/NiagaraDataInterfaceIntRenderTarget2D.ush" 3562
"../../../Engine/Plugins/FX/Niagara/Shaders/Private/NiagaraDataInterfaceLandscape.ush" 3563
"../../../Engine/Plugins/FX/Niagara/Shaders/Private/NiagaraDataInterfaceMemoryBufferTemplate.ush" 3564
"../../../Engine/Plugins/FX/Niagara/Shaders/Private/NiagaraDataInterfaceMeshRendererInfoTemplate.ush" 3565
"../../../Engine/Plugins/FX/Niagara/Shaders/Private/NiagaraDataInterfaceOcclusion.ush" 3566
"../../../Engine/Plugins/FX/Niagara/Shaders/Private/NiagaraDataInterfacePhysicsAsset.ush" 3567
"../../../Engine/Plugins/Experimental/ChaosNiagara/Shaders/NiagaraDataInterfacePhysicsField.ush" 3568
"../../../Engine/Plugins/FX/Niagara/Shaders/Private/NiagaraDataInterfacePlatformSetTemplate.ush" 3569
"../../../Engine/Plugins/Runtime/HairStrands/Shaders/Private/NiagaraDataInterfaceVelocityGrid.ush" 3570
"../../../Engine/Plugins/Runtime/HairStrands/Shaders/Private/NiagaraDataInterfaceVelocityGridTemplate.ush" 3571
"../../../Engine/Plugins/Runtime/HairStrands/Shaders/Private/NiagaraDataInterfacePressureGrid.ush" 3572
"../../../Engine/Plugins/Runtime/HairStrands/Shaders/Private/NiagaraDataInterfacePressureGridTemplate.ush" 3573
"../../../Engine/Plugins/FX/Niagara/Shaders/Private/NiagaraDataInterfaceRenderTarget2DTemplate.ush" 3574
"../../../Engine/Plugins/FX/Niagara/Shaders/Private/NiagaraDataInterfaceRenderTarget2DArrayTemplate.ush" 3575
"../../../Engine/Plugins/FX/Niagara/Shaders/Private/NiagaraDataInterfaceRenderTargetCubeTemplate.ush" 3576
"../../../Engine/Plugins/FX/Niagara/Shaders/Private/NiagaraDataInterfaceRenderTargetVolumeTemplate.ush" 3577
"../../../Engine/Plugins/FX/Niagara/Shaders/Private/NiagaraDataInterfaceRigidMeshCollisionQuery.ush" 3578
"../../../Engine/Plugins/FX/Niagara/Shaders/Private/NiagaraDistanceFieldQueries.ush" 3579
"../../../Engine/Plugins/FX/Niagara/Shaders/Private/NiagaraDataInterfaceSceneCapture2DTemplate.ush" 3580
"../../../Engine/Plugins/FX/Niagara/Shaders/Private/NiagaraDataInterfaceSimCacheReaderTemplate.ush" 3581
"../../../Engine/Plugins/FX/Niagara/Shaders/Private/NiagaraDataInterfaceSimpleCounterTemplate.ush" 3582
"../../../Engine/Plugins/FX/Niagara/Shaders/Private/NiagaraDataInterfaceSkeletalMesh.ush" 3583
"../../../Engine/Plugins/FX/Niagara/Shaders/Private/NiagaraBaryCentricUtils.ush" 3584
"../../../Engine/Plugins/FX/Niagara/Shaders/Private/NiagaraDataInterfaceSkeletalMeshTemplate.ush" 3585
"../../../Engine/Plugins/FX/Niagara/Shaders/Private/NiagaraDataInterfaceSocketReaderTemplate.ush" 3586
"../../../Engine/Plugins/FX/Niagara/Shaders/Private/NiagaraDataInterfaceSparseVolumeTextureTemplate.ush" 3587
"../../../Engine/Plugins/FX/Niagara/Shaders/Private/NiagaraDataInterfaceSplineTemplate.ush" 3588
"../../../Engine/Plugins/FX/Niagara/Shaders/Private/NiagaraDataInterfaceSpriteRendererInfoTemplate.ush" 3589
"../../../Engine/Plugins/FX/Niagara/Shaders/Private/NiagaraDataInterfaceStaticMeshTemplate.ush" 3590
"../../../Engine/Plugins/FX/Niagara/Shaders/Private/NiagaraDataInterfaceTextureTemplate.ush" 3591
"../../../Engine/Plugins/FX/Niagara/Shaders/Private/NiagaraDataInterfaceVirtualTexture.ush" 3592
"../../../Engine/Plugins/FX/Niagara/Shaders/Private/NiagaraDataInterfaceVirtualTextureTemplate.ush" 3593
"../../../Engine/Plugins/FX/Niagara/Shaders/Private/NiagaraDataInterfaceVolumeCache.ush" 3594
"../../../Engine/Plugins/FX/Niagara/Shaders/Private/NiagaraDataInterfaceVolumeTextureTemplate.ush" 3595
"../../../../../../Users/tazmi/Documents/Unreal Projects/Tandalfs-Tumultuous-Time-Trials/TandalfsTumultuousTT/Intermediate/ShaderAutogen/PCD3D_SM5/AutogenShaderHeaders.ush" 3596
"C:/Users/tazmi/Documents/Unreal Projects/Tandalfs-Tumultuous-Time-Trials/TandalfsTumultuousTT/Content/DevLevels/_GENERATED/emanu/Boolean_3675B0E5.uasset" 3597
"../../../Engine/Plugins/FX/Niagara/Content/Modules/Spawn/Location/RotateAroundPoint.uasset" 3598
"/Game/DevLevels/_GENERATED/emanu/Boolean_3675B0E5" 3599
"../../../Engine/Plugins/FX/Niagara/Content/Enums/Wind/ENiagaraWindCombingMode.uasset" 3600
"../../../Engine/Plugins/FX/Niagara/Content/Modules/Update/Size/ScaleSpriteSizeBySpeed.uasset" 3601
"../../../Engine/Plugins/FX/Niagara/Content/Modules/Arrays/FillPositionArray.uasset" 3602
"C:/Users/tazmi/Documents/Unreal Projects/Tandalfs-Tumultuous-Time-Trials/TandalfsTumultuousTT/Content/DevLevels/FX/MagicDust.uasset" 3603
"../../../Engine/Plugins/FX/Niagara/Content/Modules/Update/Forces/AerodynamicDrag.uasset" 3604
"C:/Users/tazmi/Documents/Unreal Projects/Tandalfs-Tumultuous-Time-Trials/TandalfsTumultuousTT/Content/DevLevels/FX/TimeParticle.uasset" 3605
"../../../Engine/Plugins/FX/Niagara/Content/Modules/Update/Forces/WindForce.uasset" 3606
"C:/Users/tazmi/Documents/Unreal Projects/Tandalfs-Tumultuous-Time-Trials/TandalfsTumultuousTT/Content/DevLevels/FX/FX_MagicParticlesPurple.uasset" 3607
"../../../Engine/Plugins/FX/Niagara/Content/Enums/ENiagaraDragCoefficientShapeMode.uasset" 3608
"../../../Engine/Plugins/FX/Niagara/Content/Functions/RandomUnitVector.uasset" 3609
"../../../Engine/Plugins/FX/Niagara/Content/Functions/RandomVector.uasset" 3610
"../../../Engine/Plugins/FX/Niagara/Content/Enums/Wind/ENiagaraWindFrictionDistanceMode.uasset" 3611
"../../../Engine/Plugins/FX/Niagara/Content/Enums/Wind/ENiagaraWindGroundMaskMode.uasset" 3612
"../../../Engine/Plugins/FX/Niagara/Content/Modules/Update/Forces/GravityForce.uasset" 3613
"../../../Engine/Plugins/FX/Niagara/Content/Enums/Wind/ENiagaraWindOffsetMode.uasset" 3614
"../../../Engine/Plugins/FX/Niagara/Content/Enums/Wind/ENiagaraWindTurbulenceContributionMode.uasset" 3615
"../../../../../../Users/tazmi/Documents/Unreal Projects/Tandalfs-Tumultuous-Time-Trials/TandalfsTumultuousTT/Content/Materials/MM_Limestone.uasset" 3616
"../../../Engine/Plugins/FX/Niagara/Content/DynamicInputs/UniformRange/V2/RandomRangeVector.uasset" 3617
"../../../Engine/Plugins/FX/Niagara/Content/DynamicInputs/TypeConversions/Vector2DFromFloat.uasset" 3618
"../../../Engine/Plugins/FX/Niagara/Content/Functions/DeriveThirdOrthogonalVector.uasset" 3619
"C:/Users/tazmi/Documents/Unreal Projects/Tandalfs-Tumultuous-Time-Trials/TandalfsTumultuousTT/Content/DevLevels/_GENERATED/emanu/Box_12E67C55.uasset" 3620
"C:/Users/tazmi/Documents/Unreal Projects/Tandalfs-Tumultuous-Time-Trials/TandalfsTumultuousTT/Content/DevLevels/FX/FX_Ring.uasset" 3621
"../../../Engine/Plugins/FX/Niagara/Content/Enums/Wind/ENiagaraWindTurbulenceMode.uasset" 3622
"C:/Users/tazmi/Documents/Unreal Projects/Tandalfs-Tumultuous-Time-Trials/TandalfsTumultuousTT/Content/DevLevels/_GENERATED/emanu/Box_B7B82C0C.uasset" 3623
"C:/Users/tazmi/Documents/Unreal Projects/Tandalfs-Tumultuous-Time-Trials/TandalfsTumultuousTT/Content/DevLevels/FX/FX_RingBlue.uasset" 3624
"../../../../../../Users/tazmi/Documents/Unreal Projects/Tandalfs-Tumultuous-Time-Trials/TandalfsTumultuousTT/Content/Textures/T_Limestone/T_C_Limestone.uasset" 3625
"../../../Engine/Plugins/FX/Niagara/Content/Enums/Wind/ENiagaraWindFrictionMode.uasset" 3626
"../../../Engine/Plugins/FX/Niagara/Content/Enums/Wind/ENiagaraWindTurbulenceFrequencyMode.uasset" 3627
"C:/Users/tazmi/Documents/Unreal Projects/Tandalfs-Tumultuous-Time-Trials/TandalfsTumultuousTT/Content/DevLevels/FX/FX_MagicParticles.uasset" 3628
"../../../Engine/Plugins/FX/Niagara/Content/Functions/DirectionAndLength.uasset" 3629
"../../../Engine/Plugins/FX/Niagara/Content/Modules/Update/Forces/VectorNoiseForce.uasset" 3630
"../../../../../../Users/tazmi/Documents/Unreal Projects/Tandalfs-Tumultuous-Time-Trials/TandalfsTumultuousTT/Content/Textures/T_Limestone/T_N_Limestone.uasset" 3631
"../../../Engine/Plugins/FX/Niagara/Content/Enums/ENiagaraAerodynamicDragPivotMode.uasset" 3632
"../../../../../../Users/tazmi/Documents/Unreal Projects/Tandalfs-Tumultuous-Time-Trials/TandalfsTumultuousTT/Content/Textures/T_Limestone/T_ORM_Limestone.uasset" 3633
"/Game/DevLevels/FX/TimeParticle" 3634
"C:/Users/tazmi/Documents/Unreal Projects/Tandalfs-Tumultuous-Time-Trials/TandalfsTumultuousTT/Content/DevLevels/_GENERATED/emanu/Box_A0381B4F.uasset" 3635
"../../Plugins/FX/Niagara/Content/DynamicInputs/UniformRange/V2/RandomRangeFloat.uasset" 3636
"../../Plugins/FX/Niagara/Content/DynamicInputs/ValueFromCurve/FloatFromCurve.uasset" 3637
"../../Plugins/FX/Niagara/Content/Modules/Emitter/EmitterState.uasset" 3638
"../../Plugins/FX/Niagara/Content/Modules/Emitter/SpawnRate.uasset" 3639
"../../Plugins/FX/Niagara/Content/Modules/Solvers/SolveForcesAndVelocity.uasset" 3640
"../../Plugins/FX/Niagara/Content/Modules/Spawn/Initialization/V2/InitializeParticle.uasset" 3641
"../../Plugins/FX/Niagara/Content/Modules/Spawn/Location/V2/ShapeLocation.uasset" 3642
"../../Plugins/FX/Niagara/Content/Modules/System/SystemState.uasset" 3643
"../../Plugins/FX/Niagara/Content/Modules/Update/Color/ScaleColor.uasset" 3644
"../../Plugins/FX/Niagara/Content/Modules/Update/Lifetime/ParticleState.uasset" 3645
"../../Plugins/FX/Niagara/Content/Modules/Update/Size/ScaleSpriteSize.uasset" 3646
"../../Plugins/FX/Niagara/Content/Enums/Angles/ENiagara_AngleInput.uasset" 3647
"../../Plugins/FX/Niagara/Content/Enums/ENiagara_AttributeSamplingApplyOutput.uasset" 3648
"../../Plugins/FX/Niagara/Content/Enums/ENiagara_ColorInitializationMode.uasset" 3649
"../../Plugins/FX/Niagara/Content/Enums/ENiagara_EmitterStateOptions.uasset" 3650
"../../Plugins/FX/Niagara/Content/Enums/ENiagara_InfiniteLoopDuration.uasset" 3651
"../../Plugins/FX/Niagara/Content/Enums/ENiagara_LifetimeMode.uasset" 3652
"../../Plugins/FX/Niagara/Content/Enums/ENiagara_MassInitializationMode.uasset" 3653
"../../Plugins/FX/Niagara/Content/Enums/ENiagara_PositionInitializationMode.uasset" 3654
"../../Plugins/FX/Niagara/Content/Enums/ENiagara_SizeScaleMode.uasset" 3655
"../../Plugins/FX/Niagara/Content/Enums/ENiagara_SpriteRotationMode.uasset" 3656
"../../Plugins/FX/Niagara/Content/Enums/ENiagara_UVFlippingMode.uasset" 3657
"../../Plugins/FX/Niagara/Content/Enums/ENiagaraChannelCorrelation.uasset" 3658
"../../Plugins/FX/Niagara/Content/Enums/ENiagaraCurlNoiseQuality.uasset" 3659
"../../Plugins/FX/Niagara/Content/Enums/ENiagaraEmitterLifeCycleMode.uasset" 3660
"../../Plugins/FX/Niagara/Content/Enums/ENiagaraEmitterScalabilityMode_Limited.uasset" 3661
"../../Plugins/FX/Niagara/Content/Enums/ENiagaraInactiveMode.uasset" 3662
"../../Plugins/FX/Niagara/Content/Enums/ENiagaraRandomnessEvaluation.uasset" 3663
"../../Plugins/FX/Niagara/Content/Enums/ENiagaraRandomnessMode.uasset" 3664
"../../Plugins/FX/Niagara/Content/Enums/ENiagaraScaleColorMode.uasset" 3665
"../../Plugins/FX/Niagara/Content/Enums/ENiagaraShapeTorusMode.uasset" 3666
"../../Plugins/FX/Niagara/Content/Enums/ENiagaraSphereDistributionMode.uasset" 3667
"../../Plugins/FX/Niagara/Content/Enums/ENiagaraSystemInactiveMode.uasset" 3668
"../../Plugins/FX/Niagara/Content/Enums/ENiagaraTorusDistributionMode.uasset" 3669
"../../Plugins/FX/Niagara/Content/Enums/Location/ENiagara_BoxPlaneMode.uasset" 3670
"../../Plugins/FX/Niagara/Content/Enums/Location/ENiagara_ConeMode.uasset" 3671
"../../Plugins/FX/Niagara/Content/Enums/Location/ENiagara_CylinderMode.uasset" 3672
"../../Plugins/FX/Niagara/Content/Enums/Location/ENiagara_LocationShapes.uasset" 3673
"../../Plugins/FX/Niagara/Content/Enums/Location/ENiagaraRingDiscMode.uasset" 3674
"../../Plugins/FX/Niagara/Content/Enums/Ribbons/ENiagara_UnsetDirectSet.uasset" 3675
"../../Plugins/FX/Niagara/Content/Enums/Ribbons/ENiagara_UnsetDirectSetRandom.uasset" 3676
"../../Plugins/FX/Niagara/Content/Enums/Transforms/ENiagara_OffsetMode.uasset" 3677
"../../Plugins/FX/Niagara/Content/Enums/Transforms/ENiagara_RotationMode.uasset" 3678
"../../Plugins/FX/Niagara/Content/Enums/Transforms/ENiagara_ScaleMode.uasset" 3679
"../../Plugins/FX/Niagara/Content/Enums/Transforms/ENiagara_TransformOrder.uasset" 3680
"../../Plugins/FX/Niagara/Content/Enums/Transforms/ENiagara_TransformType.uasset" 3681
"../../Plugins/FX/Niagara/Content/VectorFields/Assets/TilingCurl32.uasset" 3682
"../../Plugins/FX/Niagara/Content/Functions/V2/CalculateRandomRangeFloat.uasset" 3683
"../../Plugins/FX/Niagara/Content/Functions/V2/CalculateRandomRange.uasset" 3684
"../../Plugins/FX/Niagara/Content/Functions/Emitter/EmitterChangeState.uasset" 3685
"../../Plugins/FX/Niagara/Content/Icons/Modules/T_Icon_Scalability_Emitter.uasset" 3686
"../../Plugins/FX/Niagara/Content/Icons/Modules/T_Icon_Scalability_System.uasset" 3687
"../../Plugins/FX/Niagara/Content/Functions/RandomRangeFloat.uasset" 3688
"../../Plugins/FX/Niagara/Content/Functions/DirectionAndLengthSafe.uasset" 3689
"../../Plugins/FX/Niagara/Content/Functions/Drag/DragVelocity.uasset" 3690
"../../Plugins/FX/Niagara/Content/Functions/Math/CentimeterMeterConversion.uasset" 3691
"../../Plugins/FX/Niagara/Content/Functions/Rotation/MultiplyVectorWithQuaternion.uasset" 3692
"../../Plugins/FX/Niagara/Content/Modules/Solvers/ApplyRotationVector.uasset" 3693
"../../Plugins/FX/Niagara/Content/Icons/Modules/T_Icon_Solver_LimitAccel.uasset" 3694
"../../Plugins/FX/Niagara/Content/Icons/Modules/T_Icon_Solver_LimitSpeed.uasset" 3695
"../../Plugins/FX/Niagara/Content/Icons/Modules/T_Icon_Solver_RotationalSolve.uasset" 3696
"../../Plugins/FX/Niagara/Content/Functions/LinearColor/HueShiftLinearColor.uasset" 3697
"../../Plugins/FX/Niagara/Content/Functions/Localspace/SimulationPosition.uasset" 3698
"../../Plugins/FX/Niagara/Content/Functions/Localspace/TransformVector.uasset" 3699
"../../Plugins/FX/Niagara/Content/Functions/V2/CalculateRandomBool.uasset" 3700
"../../Plugins/FX/Niagara/Content/Functions/V2/CalculateRandomRangeInteger.uasset" 3701
"../../Plugins/FX/Niagara/Content/Functions/Localspace/TransformPosition.uasset" 3702
"../../Plugins/FX/Niagara/Content/Functions/Math/CalculateRandomPointInConeSphereIntersection.uasset" 3703
"../../Plugins/FX/Niagara/Content/Functions/Math/SaturateFloat.uasset" 3704
"../../Plugins/FX/Niagara/Content/Functions/NormalizedExecutionIndex.uasset" 3705
"../../Plugins/FX/Niagara/Content/Functions/ParametricTorus.uasset" 3706
"../../Plugins/FX/Niagara/Content/Functions/ParametricTorusKnot.uasset" 3707
"../../Plugins/FX/Niagara/Content/Functions/PolarToCartesianCoordinates.uasset" 3708
"../../Plugins/FX/Niagara/Content/Functions/RandomPointInBox.uasset" 3709
"../../Plugins/FX/Niagara/Content/Functions/Rotation/AngleUnitConverter.uasset" 3710
"../../Plugins/FX/Niagara/Content/Functions/Rotation/RotateVector2D.uasset" 3711
"../../Plugins/FX/Niagara/Content/Functions/Rotation/TransformStack/TransformStack_Rotation.uasset" 3712
"../../Plugins/FX/Niagara/Content/Functions/SphericalToCartesianCoordinates.uasset" 3713
"../../Plugins/FX/Niagara/Content/Functions/V2/RemapRange.uasset" 3714
"../../Plugins/FX/Niagara/Content/Enums/ENiagaraExpansionMode.uasset" 3715
"../../Plugins/FX/Niagara/Content/Functions/System/SystemChangeState.uasset" 3716
"../../Plugins/FX/Niagara/Content/Functions/Localspace/PositionToVector.uasset" 3717
"../../Plugins/FX/Niagara/Content/VectorFields/Assets/TilingCurl16.uasset" 3718
"../../Plugins/FX/Niagara/Content/VectorFields/Assets/TilingCurl64.uasset" 3719
"../../Plugins/FX/Niagara/Content/Icons/Modules/T_Icon_Particle_InfiniteLife.uasset" 3720
"../../Plugins/FX/Niagara/Content/Enums/SpriteRenderer/ENiagara_ScaleSpriteSize.uasset" 3721
"../../Plugins/FX/Niagara/Content/Functions/GetRandomInfo.uasset" 3722
"../../Plugins/FX/Niagara/Content/Functions/Rotation/AxisAngleToQuaternion.uasset" 3723
"../../Plugins/FX/Niagara/Content/Functions/Rotation/MultiplyQuaternion.uasset" 3724
"../../Plugins/FX/Niagara/Content/Functions/Localspace/TransformBase.uasset" 3725
"../../Plugins/FX/Niagara/Content/Functions/Rotation/FindQuatBetween.uasset" 3726
"../../Plugins/FX/Niagara/Content/Functions/IsolateLongestVectorComponent.uasset" 3727
"../../Plugins/FX/Niagara/Content/Functions/Rotation/InvertQuaternion.uasset" 3728
"../../Plugins/FX/Niagara/Content/Functions/Rotation/MakeQuaternionFrom3BasisVectors.uasset" 3729
"../../Plugins/FX/Niagara/Content/Functions/Rotation/XYZRotationToQuaternion.uasset" 3730
"../../Plugins/FX/Niagara/Content/Functions/ChannelMasks/SelectV4Channel.uasset" 3731
"../../Plugins/FX/Niagara/Content/Enums/ENiagaraVector4_Channels.uasset" 3732
"../../Plugins/FX/Niagara/Content/Functions/Rotation/MatrixToQuaternion.uasset" 3733
"/Game/DevLevels/FX/FX_RingBlue" 3734
"../../Plugins/FX/Niagara/Content/Modules/Spawn/Velocity/AddVelocity.uasset" 3735
"../../Plugins/FX/Niagara/Content/Modules/Update/Forces/Drag.uasset" 3736
"../../Plugins/FX/Niagara/Content/Modules/Update/Forces/V2/CurlNoiseForce.uasset" 3737
"../../Plugins/FX/Niagara/Content/Enums/Utility/ENiagara_VelocityMode.uasset" 3738
"../../Plugins/FX/Niagara/Content/Functions/V2/CalculateRandomUnitVector.uasset" 3739
"../../Plugins/FX/Niagara/Content/Functions/V2/DistanceBasedFalloff.uasset" 3740
"../../Plugins/FX/Niagara/Content/Functions/V2/ConeMask.uasset" 3741
"../../Plugins/FX/Niagara/Content/Functions/NormalizeDistanceRange.uasset" 3742
"../../Plugins/FX/Niagara/Content/Functions/FindAngleBetweenVectors.uasset" 3743
"/Game/DevLevels/FX/FX_Ring" 3744
"/Game/DevLevels/FX/FX_MagicParticlesPurple" 3745
"/Game/DevLevels/FX/FX_MagicParticles" 3746
"/Game/DevLevels/_GENERATED/emanu/Box_12E67C55" 3747
"/Game/DevLevels/_GENERATED/emanu/Box_B7B82C0C" 3748
"C:/Users/tazmi/Documents/Unreal Projects/Tandalfs-Tumultuous-Time-Trials/TandalfsTumultuousTT/Content/Textures/T_Fountain/t_n_fountain.uasset" 3749
"C:/Users/tazmi/Documents/Unreal Projects/Tandalfs-Tumultuous-Time-Trials/TandalfsTumultuousTT/Content/DevLevels/FX/WaterMap/T_Water_Normal.uasset" 3750
"/Game/DevLevels/_GENERATED/emanu/Box_A0381B4F" 3751
"../../../Engine/Content/Functions/Engine_MaterialFunctions02/Utility/BlendAngleCorrectedNormals.uasset" 3752
"C:/Users/tazmi/Documents/Unreal Projects/Tandalfs-Tumultuous-Time-Trials/TandalfsTumultuousTT/Content/Textures/T_Fountain/t_c_waterfall.uasset" 3753
"../../../Engine/Content/VREditor/BasicMeshes/MI_Cube_03.uasset" 3754
"/Game/DevLevels/FX/WaterMap/T_Water_Normal" 3755
"/Game/Textures/T_Fountain/t_n_fountain" 3756
"C:/Users/tazmi/Documents/Unreal Projects/Tandalfs-Tumultuous-Time-Trials/TandalfsTumultuousTT/Content/DevLevels/_GENERATED/emanu/Fbx_Default_Material.uasset" 3757
"C:/Users/tazmi/Documents/Unreal Projects/Tandalfs-Tumultuous-Time-Trials/TandalfsTumultuousTT/Content/Audio/rumble1.uasset" 3758
"/Engine/Functions/Engine_MaterialFunctions02/Utility/BlendAngleCorrectedNormals" 3759
"C:/Users/tazmi/Documents/Unreal Projects/Tandalfs-Tumultuous-Time-Trials/TandalfsTumultuousTT/Content/Textures/T_Fountain/t_c_fountain.uasset" 3760
"C:/Users/tazmi/Documents/Unreal Projects/Tandalfs-Tumultuous-Time-Trials/TandalfsTumultuousTT/Content/UI/WB_WinScreen.uasset" 3761
"/Game/Textures/T_Fountain/t_c_waterfall" 3762
"C:/Users/tazmi/Documents/Unreal Projects/Tandalfs-Tumultuous-Time-Trials/TandalfsTumultuousTT/Content/DevLevels/_GENERATED/emanu/Revolve_37744D33.uasset" 3763
"/Game/DevLevels/_GENERATED/emanu/Fbx_Default_Material" 3764
"C:/Users/tazmi/Documents/Unreal Projects/Tandalfs-Tumultuous-Time-Trials/TandalfsTumultuousTT/Content/DevLevels/_GENERATED/emanu/TowerWall_95C5AEF1.uasset" 3765
"/Game/Audio/rumble1" 3766
"/Game/Textures/T_Fountain/t_c_fountain" 3767
"C:/Users/tazmi/Documents/Unreal Projects/Tandalfs-Tumultuous-Time-Trials/TandalfsTumultuousTT/Content/Models/Gen_Modulars/hedge.uasset" 3768
"/Game/DevLevels/_GENERATED/emanu/TowerWall_95C5AEF1" 3769
"C:/Users/tazmi/Documents/Unreal Projects/Tandalfs-Tumultuous-Time-Trials/TandalfsTumultuousTT/Content/DevLevels/_GENERATED/emanu/TowerStairs_C240FBAA.uasset" 3770
"/Game/DevLevels/_GENERATED/emanu/Revolve_37744D33" 3771
"C:/Users/tazmi/Documents/Unreal Projects/Tandalfs-Tumultuous-Time-Trials/TandalfsTumultuousTT/Content/Models/LVL0_HubModels/TowerModulars/TowerRing_D2.uasset" 3772
"/Game/Models/LVL0_HubModels/TowerModulars/TowerRing_D2" 3773
"C:/Users/tazmi/Documents/Unreal Projects/Tandalfs-Tumultuous-Time-Trials/TandalfsTumultuousTT/Content/Models/LVL0_HubModels/TowerModulars/TowerFloor.uasset" 3774
"/Game/Models/Gen_Modulars/hedge" 3775
"C:/Users/tazmi/Documents/Unreal Projects/Tandalfs-Tumultuous-Time-Trials/TandalfsTumultuousTT/Content/Textures/T_Fountain/t_orm_waterfall.uasset" 3776
"/Game/DevLevels/_GENERATED/emanu/TowerStairs_C240FBAA" 3777
"C:/Users/tazmi/Documents/Unreal Projects/Tandalfs-Tumultuous-Time-Trials/TandalfsTumultuousTT/Content/Materials/FountainMaterials/MM_Fountain_WaterMoving.uasset" 3778
"../../../Engine/Content/VREditor/BasicMeshes/M_Floor_01.uasset" 3779
"/Game/Models/LVL0_HubModels/TowerModulars/TowerFloor" 3780
"../../../Engine/Content/VREditor/BasicMeshes/T_CleanFloorGrunge_01_D.uasset" 3781
"C:/Users/tazmi/Documents/Unreal Projects/Tandalfs-Tumultuous-Time-Trials/TandalfsTumultuousTT/Content/Materials/MM_Hedge.uasset" 3782
"/Game/Textures/T_Fountain/t_orm_waterfall" 3783
"/Engine/VREditor/BasicMeshes/MI_Cube_03" 3784
"C:/Users/tazmi/Documents/Unreal Projects/Tandalfs-Tumultuous-Time-Trials/TandalfsTumultuousTT/Content/Prefabs/Obstacles/FallPlatformflatTut.uasset" 3785
"C:/Users/tazmi/Documents/Unreal Projects/Tandalfs-Tumultuous-Time-Trials/TandalfsTumultuousTT/Content/Textures/T_Fountain/t_c_fountain_water.uasset" 3786
"C:/Users/tazmi/Documents/Unreal Projects/Tandalfs-Tumultuous-Time-Trials/TandalfsTumultuousTT/Content/Textures/T_Fountain/t_orm_fountain.uasset" 3787
"/Game/Textures/T_Fountain/t_c_fountain_water" 3788
"/Game/Textures/T_Fountain/t_orm_fountain" 3789
"C:/Users/tazmi/Documents/Unreal Projects/Tandalfs-Tumultuous-Time-Trials/TandalfsTumultuousTT/Content/Prefabs/EndLogic/FinalConclusion.uasset" 3790
"C:/Users/tazmi/Documents/Unreal Projects/Tandalfs-Tumultuous-Time-Trials/TandalfsTumultuousTT/Content/Textures/T_LightHouse_Ceiling/t_c_lighthouse_ceiling.uasset" 3791
"/Game/Textures/T_LightHouse_Ceiling/t_c_lighthouse_ceiling" 3792
"C:/Users/tazmi/Documents/Unreal Projects/Tandalfs-Tumultuous-Time-Trials/TandalfsTumultuousTT/Content/Models/LVL0_HubModels/TowerModulars/LightHouseCeiling.uasset" 3793
"/Game/Models/LVL0_HubModels/TowerModulars/LightHouseCeiling" 3794
"C:/Users/tazmi/Documents/Unreal Projects/Tandalfs-Tumultuous-Time-Trials/TandalfsTumultuousTT/Content/Models/LVL0_HubModels/TowerModulars/TowerRing_D1.uasset" 3795
"C:/Users/tazmi/Documents/Unreal Projects/Tandalfs-Tumultuous-Time-Trials/TandalfsTumultuousTT/Content/BP/BP_TextTrigger.uasset" 3796
"/Game/Models/LVL0_HubModels/TowerModulars/TowerRing_D1" 3797
"C:/Users/tazmi/Documents/Unreal Projects/Tandalfs-Tumultuous-Time-Trials/TandalfsTumultuousTT/Content/Textures/T_Hedge/t_orm_hedge.uasset" 3798
"/Game/Textures/T_Hedge/t_orm_hedge" 3799
"C:/Users/tazmi/Documents/Unreal Projects/Tandalfs-Tumultuous-Time-Trials/TandalfsTumultuousTT/Content/Models/Gen_Modulars/WaterFountain.uasset" 3800
"/Game/Models/Gen_Modulars/WaterFountain" 3801
"C:/Users/tazmi/Documents/Unreal Projects/Tandalfs-Tumultuous-Time-Trials/TandalfsTumultuousTT/Content/DevLevels/_GENERATED/emanu/Sphere_7C1DEAC0.uasset" 3802
"C:/Users/tazmi/Documents/Unreal Projects/Tandalfs-Tumultuous-Time-Trials/TandalfsTumultuousTT/Content/Materials/FountainMaterials/MM_Fountain.uasset" 3803
"C:/Users/tazmi/Documents/Unreal Projects/Tandalfs-Tumultuous-Time-Trials/TandalfsTumultuousTT/Content/Textures/T_Hedge/t_c_hedge.uasset" 3804
"/Game/Materials/FountainMaterials/MM_Fountain" 3805
"C:/Users/tazmi/Documents/Unreal Projects/Tandalfs-Tumultuous-Time-Trials/TandalfsTumultuousTT/Content/Textures/T_Fountain/t_orm_fountain_water.uasset" 3806
"/Game/DevLevels/_GENERATED/emanu/Sphere_7C1DEAC0" 3807
"C:/Users/tazmi/Documents/Unreal Projects/Tandalfs-Tumultuous-Time-Trials/TandalfsTumultuousTT/Content/Audio/crumble.uasset" 3808
"C:/Users/tazmi/Documents/Unreal Projects/Tandalfs-Tumultuous-Time-Trials/TandalfsTumultuousTT/Content/DevLevels/_GENERATED/emanu/Target.uasset" 3809
"/Game/Audio/crumble" 3810
"/Game/Textures/T_Hedge/t_c_hedge" 3811
"C:/Users/tazmi/Documents/Unreal Projects/Tandalfs-Tumultuous-Time-Trials/TandalfsTumultuousTT/Content/Materials/MM_LightHouse_Ceiling.uasset" 3812
"/Game/Materials/FountainMaterials/MM_Fountain_WaterMoving" 3813
"C:/Users/tazmi/Documents/Unreal Projects/Tandalfs-Tumultuous-Time-Trials/TandalfsTumultuousTT/Content/Audio/Tandalf_Credits__C_Maj__140_BPM.uasset" 3814
"C:/Users/tazmi/Documents/Unreal Projects/Tandalfs-Tumultuous-Time-Trials/TandalfsTumultuousTT/Content/Materials/MM_LightHouse_CeilingGreen.uasset" 3815
"/Game/Prefabs/Obstacles/FallPlatformflatTut" 3816
"C:/Users/tazmi/Documents/Unreal Projects/Tandalfs-Tumultuous-Time-Trials/TandalfsTumultuousTT/Content/Materials/MM_LightHouse_CeilingNoGlow.uasset" 3817
"C:/Users/tazmi/Documents/Unreal Projects/Tandalfs-Tumultuous-Time-Trials/TandalfsTumultuousTT/Content/Materials/MM_LightHouse_CeilingGold.uasset" 3818
"C:/Users/tazmi/Documents/Unreal Projects/Tandalfs-Tumultuous-Time-Trials/TandalfsTumultuousTT/Content/Textures/T_LightHouse_Ceiling/t_orm_lighthouse_ceiling.uasset" 3819
"C:/Users/tazmi/Documents/Unreal Projects/Tandalfs-Tumultuous-Time-Trials/TandalfsTumultuousTT/Content/DevLevels/_GENERATED/emanu/Cylinder_792722A2.uasset" 3820
"C:/Users/tazmi/Documents/Unreal Projects/Tandalfs-Tumultuous-Time-Trials/TandalfsTumultuousTT/Content/Materials/MM_LightHouse_CeilingRed.uasset" 3821
"C:/Users/tazmi/Documents/Unreal Projects/Tandalfs-Tumultuous-Time-Trials/TandalfsTumultuousTT/Content/BP/Hub.uasset" 3822
"C:/Users/tazmi/Documents/Unreal Projects/Tandalfs-Tumultuous-Time-Trials/TandalfsTumultuousTT/Content/Textures/T_Hedge/t_n_hedge.uasset" 3823
"C:/Users/tazmi/Documents/Unreal Projects/Tandalfs-Tumultuous-Time-Trials/TandalfsTumultuousTT/Content/Textures/T_Marble/Substance_graph_height.uasset" 3824
"C:/Users/tazmi/Documents/Unreal Projects/Tandalfs-Tumultuous-Time-Trials/TandalfsTumultuousTT/Content/Textures/T_Marble/Substance_graph_metallic.uasset" 3825
"C:/Users/tazmi/Documents/Unreal Projects/Tandalfs-Tumultuous-Time-Trials/TandalfsTumultuousTT/Content/Textures/T_Marble/Substance_graph_normal.uasset" 3826
"C:/Users/tazmi/Documents/Unreal Projects/Tandalfs-Tumultuous-Time-Trials/TandalfsTumultuousTT/Content/Textures/T_LightHouse_Ceiling/t_norm_lighthouse_ceiling.uasset" 3827
"../../../../../../Users/tazmi/Documents/Unreal Projects/Tandalfs-Tumultuous-Time-Trials/TandalfsTumultuousTT/Content/ThirdPerson/Blueprints/BP_ThirdPersonCharacter.uasset" 3828
"C:/Users/tazmi/Documents/Unreal Projects/Tandalfs-Tumultuous-Time-Trials/TandalfsTumultuousTT/Content/Textures/T_Marble/Substance_graph_ambientocclusion.uasset" 3829
"C:/Users/tazmi/Documents/Unreal Projects/Tandalfs-Tumultuous-Time-Trials/TandalfsTumultuousTT/Content/UI/WinScreen.uasset" 3830
"C:/Users/tazmi/Documents/Unreal Projects/Tandalfs-Tumultuous-Time-Trials/TandalfsTumultuousTT/Content/Textures/T_Marble/Substance_graph_roughness.uasset" 3831
"C:/Users/tazmi/Documents/Unreal Projects/Tandalfs-Tumultuous-Time-Trials/TandalfsTumultuousTT/Content/Models/LVL0_HubModels/TowerModulars/TowerRing_C.uasset" 3832
"C:/Users/tazmi/Documents/Unreal Projects/Tandalfs-Tumultuous-Time-Trials/TandalfsTumultuousTT/Content/BP/UI/PompeiiText/TypeWriterUI.uasset" 3833
"C:/Users/tazmi/Documents/Unreal Projects/Tandalfs-Tumultuous-Time-Trials/TandalfsTumultuousTT/Content/Materials/MM_LightHouse_CeilingBlue.uasset" 3834
"C:/Users/tazmi/Documents/Unreal Projects/Tandalfs-Tumultuous-Time-Trials/TandalfsTumultuousTT/Content/Materials/FountainMaterials/MM_WaterFallMoving.uasset" 3835
"../../../../../../Users/tazmi/Documents/Unreal Projects/Tandalfs-Tumultuous-Time-Trials/TandalfsTumultuousTT/Content/DevLevels/_GENERATED/emanu/PlatormTut.uasset" 3836
"C:/Users/tazmi/Documents/Unreal Projects/Tandalfs-Tumultuous-Time-Trials/TandalfsTumultuousTT/Content/Textures/T_Marble/Substance_graph_basecolor.uasset" 3837
"../../../../../../Users/tazmi/Documents/Unreal Projects/Tandalfs-Tumultuous-Time-Trials/TandalfsTumultuousTT/Content/ThirdPerson/Blueprints/TandalfAnims/ABP_Unarmed1.uasset" 3838
"../../../../../../Users/tazmi/Documents/Unreal Projects/Tandalfs-Tumultuous-Time-Trials/TandalfsTumultuousTT/Content/ThirdPerson/Blueprints/TandalfAnims/SpellCast_Montage.uasset" 3839
"../../../Engine/Content/EditorBlueprintResources/StandardMacros.uasset" 3840
"../../../../../../Users/tazmi/Documents/Unreal Projects/Tandalfs-Tumultuous-Time-Trials/TandalfsTumultuousTT/Content/Input/Interact/BPI_Interact.uasset" 3841
"../../../../../../Users/tazmi/Documents/Unreal Projects/Tandalfs-Tumultuous-Time-Trials/TandalfsTumultuousTT/Content/Input/Touch/BPI_TouchInterface.uasset" 3842
"../../../../../../Users/tazmi/Documents/Unreal Projects/Tandalfs-Tumultuous-Time-Trials/TandalfsTumultuousTT/Content/Prefabs/Fireball.uasset" 3843
"../../../../../../Users/tazmi/Documents/Unreal Projects/Tandalfs-Tumultuous-Time-Trials/TandalfsTumultuousTT/Content/Prefabs/Obstacles/Platform.uasset" 3844
"../../../../../../Users/tazmi/Documents/Unreal Projects/Tandalfs-Tumultuous-Time-Trials/TandalfsTumultuousTT/Content/Prefabs/Obstacles/Platform2.uasset" 3845
"../../../../../../Users/tazmi/Documents/Unreal Projects/Tandalfs-Tumultuous-Time-Trials/TandalfsTumultuousTT/Content/Prefabs/Obstacles/SavePylon.uasset" 3846
"../../../../../../Users/tazmi/Documents/Unreal Projects/Tandalfs-Tumultuous-Time-Trials/TandalfsTumultuousTT/Content/ThirdPerson/Blueprints/BP_ThirdPersonGameMode.uasset" 3847
"../../../../../../Users/tazmi/Documents/Unreal Projects/Tandalfs-Tumultuous-Time-Trials/TandalfsTumultuousTT/Content/Input/Actions/IA_Aim.uasset" 3848
"../../../../../../Users/tazmi/Documents/Unreal Projects/Tandalfs-Tumultuous-Time-Trials/TandalfsTumultuousTT/Content/Input/Actions/IA_Fireball.uasset" 3849
"../../../../../../Users/tazmi/Documents/Unreal Projects/Tandalfs-Tumultuous-Time-Trials/TandalfsTumultuousTT/Content/Input/Actions/IA_Freeze.uasset" 3850
"../../../../../../Users/tazmi/Documents/Unreal Projects/Tandalfs-Tumultuous-Time-Trials/TandalfsTumultuousTT/Content/Input/Actions/IA_Interact.uasset" 3851
"../../../../../../Users/tazmi/Documents/Unreal Projects/Tandalfs-Tumultuous-Time-Trials/TandalfsTumultuousTT/Content/Input/Actions/IA_Jump.uasset" 3852
"../../../../../../Users/tazmi/Documents/Unreal Projects/Tandalfs-Tumultuous-Time-Trials/TandalfsTumultuousTT/Content/Input/Actions/IA_Look.uasset" 3853
"../../../../../../Users/tazmi/Documents/Unreal Projects/Tandalfs-Tumultuous-Time-Trials/TandalfsTumultuousTT/Content/Input/Actions/IA_MouseLook.uasset" 3854
"../../../../../../Users/tazmi/Documents/Unreal Projects/Tandalfs-Tumultuous-Time-Trials/TandalfsTumultuousTT/Content/Input/Actions/IA_Move.uasset" 3855
"../../../../../../Users/tazmi/Documents/Unreal Projects/Tandalfs-Tumultuous-Time-Trials/TandalfsTumultuousTT/Content/Input/Actions/IA_Pause.uasset" 3856
"../../../../../../Users/tazmi/Documents/Unreal Projects/Tandalfs-Tumultuous-Time-Trials/TandalfsTumultuousTT/Content/Input/Actions/IA_Return.uasset" 3857
"../../../../../../Users/tazmi/Documents/Unreal Projects/Tandalfs-Tumultuous-Time-Trials/TandalfsTumultuousTT/Content/Input/Actions/IA_Save.uasset" 3858
"../../../../../../Users/tazmi/Documents/Unreal Projects/Tandalfs-Tumultuous-Time-Trials/TandalfsTumultuousTT/Content/Materials/StaffMaterials/MM_Staff_Glass.uasset" 3859
"../../../../../../Users/tazmi/Documents/Unreal Projects/Tandalfs-Tumultuous-Time-Trials/TandalfsTumultuousTT/Content/Materials/StaffMaterials/MM_Staff_Handle.uasset" 3860
"../../../../../../Users/tazmi/Documents/Unreal Projects/Tandalfs-Tumultuous-Time-Trials/TandalfsTumultuousTT/Content/Materials/StaffMaterials/MM_Staff_Hourglass.uasset" 3861
"../../../../../../Users/tazmi/Documents/Unreal Projects/Tandalfs-Tumultuous-Time-Trials/TandalfsTumultuousTT/Content/Prefabs/Anim/TimeBeam.uasset" 3862
"../../../../../../Users/tazmi/Documents/Unreal Projects/Tandalfs-Tumultuous-Time-Trials/TandalfsTumultuousTT/Content/Audio/Chime.uasset" 3863
"../../../../../../Users/tazmi/Documents/Unreal Projects/Tandalfs-Tumultuous-Time-Trials/TandalfsTumultuousTT/Content/Characters/tandalfNew.uasset" 3864
"../../../../../../Users/tazmi/Documents/Unreal Projects/Tandalfs-Tumultuous-Time-Trials/TandalfsTumultuousTT/Content/Models/Gen_Modulars/staff_handle.uasset" 3865
"../../../../../../Users/tazmi/Documents/Unreal Projects/Tandalfs-Tumultuous-Time-Trials/TandalfsTumultuousTT/Content/Models/Gen_Modulars/staff_hourglass.uasset" 3866
"../../../../../../Users/tazmi/Documents/Unreal Projects/Tandalfs-Tumultuous-Time-Trials/TandalfsTumultuousTT/Content/UI/WB_Crosshair.uasset" 3867
"../../../../../../Users/tazmi/Documents/Unreal Projects/Tandalfs-Tumultuous-Time-Trials/TandalfsTumultuousTT/Content/UI/WB_PauseMenu.uasset" 3868
"../../../../../../Users/tazmi/Documents/Unreal Projects/Tandalfs-Tumultuous-Time-Trials/TandalfsTumultuousTT/Content/ThirdPerson/Blueprints/TandalfAnims/MM_Fall_Loop.uasset" 3869
"../../../../../../Users/tazmi/Documents/Unreal Projects/Tandalfs-Tumultuous-Time-Trials/TandalfsTumultuousTT/Content/ThirdPerson/Blueprints/TandalfAnims/MM_Idle.uasset" 3870
"../../../../../../Users/tazmi/Documents/Unreal Projects/Tandalfs-Tumultuous-Time-Trials/TandalfsTumultuousTT/Content/ThirdPerson/Blueprints/TandalfAnims/MM_Jump.uasset" 3871
"../../../../../../Users/tazmi/Documents/Unreal Projects/Tandalfs-Tumultuous-Time-Trials/TandalfsTumultuousTT/Content/ThirdPerson/Blueprints/TandalfAnims/MM_Land.uasset" 3872
"../../../../../../Users/tazmi/Documents/Unreal Projects/Tandalfs-Tumultuous-Time-Trials/TandalfsTumultuousTT/Content/ThirdPerson/Blueprints/TandalfAnims/BS_Idle_Walk_Run.uasset" 3873
"../../../../../../Users/tazmi/Documents/Unreal Projects/Tandalfs-Tumultuous-Time-Trials/TandalfsTumultuousTT/Content/Characters/Mannequins/Rigs/CR_Mannequin_FootIK.uasset" 3874
"../../../../../../Users/tazmi/Documents/Unreal Projects/Tandalfs-Tumultuous-Time-Trials/TandalfsTumultuousTT/Content/Characters/tandalfNew_Skeleton.uasset" 3875
"../../../../../../Users/tazmi/Documents/Unreal Projects/Tandalfs-Tumultuous-Time-Trials/TandalfsTumultuousTT/Content/ThirdPerson/Blueprints/TandalfAnims/SpellCast.uasset" 3876
"../../../../../../Users/tazmi/Documents/Unreal Projects/Tandalfs-Tumultuous-Time-Trials/TandalfsTumultuousTT/Content/Prefabs/Archer.uasset" 3877
"../../../../../../Users/tazmi/Documents/Unreal Projects/Tandalfs-Tumultuous-Time-Trials/TandalfsTumultuousTT/Content/Prefabs/FootSoldier.uasset" 3878
"../../../../../../Users/tazmi/Documents/Unreal Projects/Tandalfs-Tumultuous-Time-Trials/TandalfsTumultuousTT/Content/Materials/MM_lava.uasset" 3879
"../../../../../../Users/tazmi/Documents/Unreal Projects/Tandalfs-Tumultuous-Time-Trials/TandalfsTumultuousTT/Content/ParticleSystems/Fire.uasset" 3880
"../../../../../../Users/tazmi/Documents/Unreal Projects/Tandalfs-Tumultuous-Time-Trials/TandalfsTumultuousTT/Content/Audio/betterFire.uasset" 3881
"../../../../../../Users/tazmi/Documents/Unreal Projects/Tandalfs-Tumultuous-Time-Trials/TandalfsTumultuousTT/Content/Audio/Fireball.uasset" 3882
"../../../../../../Users/tazmi/Documents/Unreal Projects/Tandalfs-Tumultuous-Time-Trials/TandalfsTumultuousTT/Content/Audio/Freeze.uasset" 3883
"../../../../../../Users/tazmi/Documents/Unreal Projects/Tandalfs-Tumultuous-Time-Trials/TandalfsTumultuousTT/Content/Audio/Unfreeze.uasset" 3884
"../../../../../../Users/tazmi/Documents/Unreal Projects/Tandalfs-Tumultuous-Time-Trials/TandalfsTumultuousTT/Content/Materials/PylonMaterials/MM_Pylon_Disk.uasset" 3885
"../../../../../../Users/tazmi/Documents/Unreal Projects/Tandalfs-Tumultuous-Time-Trials/TandalfsTumultuousTT/Content/Materials/PylonMaterials/MM_Pylon_Gem.uasset" 3886
"../../../../../../Users/tazmi/Documents/Unreal Projects/Tandalfs-Tumultuous-Time-Trials/TandalfsTumultuousTT/Content/Materials/PylonMaterials/MM_Pylon_Stone.uasset" 3887
"../../../../../../Users/tazmi/Documents/Unreal Projects/Tandalfs-Tumultuous-Time-Trials/TandalfsTumultuousTT/Content/Audio/PlacePylon.uasset" 3888
"../../../../../../Users/tazmi/Documents/Unreal Projects/Tandalfs-Tumultuous-Time-Trials/TandalfsTumultuousTT/Content/Models/Gen_Characters/pylon.uasset" 3889
"../../../../../../Users/tazmi/Documents/Unreal Projects/Tandalfs-Tumultuous-Time-Trials/TandalfsTumultuousTT/Content/BP/UI/BP_HUD.uasset" 3890
"../../../../../../Users/tazmi/Documents/Unreal Projects/Tandalfs-Tumultuous-Time-Trials/TandalfsTumultuousTT/Content/Prefabs/CheckPoint.uasset" 3891
"../../../../../../Users/tazmi/Documents/Unreal Projects/Tandalfs-Tumultuous-Time-Trials/TandalfsTumultuousTT/Content/ThirdPerson/Blueprints/BP_ThirdPersonPlayerController.uasset" 3892
"../../../../../../Users/tazmi/Documents/Unreal Projects/Tandalfs-Tumultuous-Time-Trials/TandalfsTumultuousTT/Content/Textures/T_Staff/t_c_staff_glass.uasset" 3893
"../../../../../../Users/tazmi/Documents/Unreal Projects/Tandalfs-Tumultuous-Time-Trials/TandalfsTumultuousTT/Content/Textures/T_Staff/t_n_staff_glass.uasset" 3894
"../../../../../../Users/tazmi/Documents/Unreal Projects/Tandalfs-Tumultuous-Time-Trials/TandalfsTumultuousTT/Content/Textures/T_Staff/t_orm_staff_glass.uasset" 3895
"../../../../../../Users/tazmi/Documents/Unreal Projects/Tandalfs-Tumultuous-Time-Trials/TandalfsTumultuousTT/Content/Textures/T_Staff/t_c_staff_handle.uasset" 3896
"../../../../../../Users/tazmi/Documents/Unreal Projects/Tandalfs-Tumultuous-Time-Trials/TandalfsTumultuousTT/Content/Textures/T_Staff/t_n_staff_handle.uasset" 3897
"../../../../../../Users/tazmi/Documents/Unreal Projects/Tandalfs-Tumultuous-Time-Trials/TandalfsTumultuousTT/Content/Textures/T_Staff/t_orm_staff_handle.uasset" 3898
"../../../../../../Users/tazmi/Documents/Unreal Projects/Tandalfs-Tumultuous-Time-Trials/TandalfsTumultuousTT/Content/Textures/T_Staff/t_c_staff_hourglass.uasset" 3899
"../../../../../../Users/tazmi/Documents/Unreal Projects/Tandalfs-Tumultuous-Time-Trials/TandalfsTumultuousTT/Content/Textures/T_Staff/t_n_staff_hourglass.uasset" 3900
"../../../../../../Users/tazmi/Documents/Unreal Projects/Tandalfs-Tumultuous-Time-Trials/TandalfsTumultuousTT/Content/Textures/T_Staff/t_orm_staff_hourglass.uasset" 3901
"../../Plugins/FX/Niagara/Content/DefaultAssets/DefaultRIbbonMaterial.uasset" 3902
"../../Plugins/FX/Niagara/Content/DynamicInputs/Multiply/Multiply_VectorByFloat.uasset" 3903
"../../Plugins/FX/Niagara/Content/Modules/Beams/BeamEmitterSetup.uasset" 3904
"../../Plugins/FX/Niagara/Content/Modules/Beams/BeamWidth.uasset" 3905
"../../Plugins/FX/Niagara/Content/Modules/Beams/SpawnBeam.uasset" 3906
"../../Plugins/FX/Niagara/Content/Modules/Beams/UpdateBeam.uasset" 3907
"../../Plugins/FX/Niagara/Content/Modules/Emitter/SpawnBurst_Instantaneous.uasset" 3908
"../../Plugins/FX/Niagara/Content/Modules/Update/Color/Color.uasset" 3909
"../../../../../../Users/tazmi/Documents/Unreal Projects/Tandalfs-Tumultuous-Time-Trials/TandalfsTumultuousTT/Content/Characters/MAT_eyes.uasset" 3910
"../../../../../../Users/tazmi/Documents/Unreal Projects/Tandalfs-Tumultuous-Time-Trials/TandalfsTumultuousTT/Content/Characters/MAT_face.uasset" 3911
"../../../../../../Users/tazmi/Documents/Unreal Projects/Tandalfs-Tumultuous-Time-Trials/TandalfsTumultuousTT/Content/Characters/MAT_glasses.uasset" 3912
"../../../../../../Users/tazmi/Documents/Unreal Projects/Tandalfs-Tumultuous-Time-Trials/TandalfsTumultuousTT/Content/Characters/MAT_hair.uasset" 3913
"../../../../../../Users/tazmi/Documents/Unreal Projects/Tandalfs-Tumultuous-Time-Trials/TandalfsTumultuousTT/Content/Characters/MAT_hat.uasset" 3914
"../../../../../../Users/tazmi/Documents/Unreal Projects/Tandalfs-Tumultuous-Time-Trials/TandalfsTumultuousTT/Content/Characters/MAT_robe.uasset" 3915
"../../../../../../Users/tazmi/Documents/Unreal Projects/Tandalfs-Tumultuous-Time-Trials/TandalfsTumultuousTT/Content/Characters/MAT_skin.uasset" 3916
"../../../../../../Users/tazmi/Documents/Unreal Projects/Tandalfs-Tumultuous-Time-Trials/TandalfsTumultuousTT/Content/Characters/tandalfNew_PhysicsAsset.uasset" 3917
"../../../../../../Users/tazmi/Documents/Unreal Projects/Tandalfs-Tumultuous-Time-Trials/TandalfsTumultuousTT/Content/UI/Pause_Menu.uasset" 3918
"../../../Engine/Content/Animation/DefaultAnimBoneCompressionSettings.uasset" 3919
"../../../Engine/Content/Animation/DefaultAnimCurveCompressionSettings.uasset" 3920
"../../../../../../Users/tazmi/Documents/Unreal Projects/Tandalfs-Tumultuous-Time-Trials/TandalfsTumultuousTT/Content/ThirdPerson/Blueprints/TandalfAnims/MF_Unarmed_Jog_Bwd.uasset" 3921
"../../../../../../Users/tazmi/Documents/Unreal Projects/Tandalfs-Tumultuous-Time-Trials/TandalfsTumultuousTT/Content/ThirdPerson/Blueprints/TandalfAnims/MF_Unarmed_Jog_Bwd_Left.uasset" 3922
"../../../../../../Users/tazmi/Documents/Unreal Projects/Tandalfs-Tumultuous-Time-Trials/TandalfsTumultuousTT/Content/ThirdPerson/Blueprints/TandalfAnims/MF_Unarmed_Jog_Bwd_Right.uasset" 3923
"../../../../../../Users/tazmi/Documents/Unreal Projects/Tandalfs-Tumultuous-Time-Trials/TandalfsTumultuousTT/Content/ThirdPerson/Blueprints/TandalfAnims/MF_Unarmed_Jog_Fwd.uasset" 3924
"../../../../../../Users/tazmi/Documents/Unreal Projects/Tandalfs-Tumultuous-Time-Trials/TandalfsTumultuousTT/Content/ThirdPerson/Blueprints/TandalfAnims/MF_Unarmed_Jog_Fwd_Left.uasset" 3925
"../../../../../../Users/tazmi/Documents/Unreal Projects/Tandalfs-Tumultuous-Time-Trials/TandalfsTumultuousTT/Content/ThirdPerson/Blueprints/TandalfAnims/MF_Unarmed_Jog_Fwd_Right.uasset" 3926
"../../../../../../Users/tazmi/Documents/Unreal Projects/Tandalfs-Tumultuous-Time-Trials/TandalfsTumultuousTT/Content/ThirdPerson/Blueprints/TandalfAnims/MF_Unarmed_Jog_Left.uasset" 3927
"../../../../../../Users/tazmi/Documents/Unreal Projects/Tandalfs-Tumultuous-Time-Trials/TandalfsTumultuousTT/Content/ThirdPerson/Blueprints/TandalfAnims/MF_Unarmed_Jog_Right.uasset" 3928
"../../../../../../Users/tazmi/Documents/Unreal Projects/Tandalfs-Tumultuous-Time-Trials/TandalfsTumultuousTT/Content/ThirdPerson/Blueprints/TandalfAnims/MF_Unarmed_Walk_Bwd.uasset" 3929
"../../../../../../Users/tazmi/Documents/Unreal Projects/Tandalfs-Tumultuous-Time-Trials/TandalfsTumultuousTT/Content/ThirdPerson/Blueprints/TandalfAnims/MF_Unarmed_Walk_Bwd_Left.uasset" 3930
"../../../../../../Users/tazmi/Documents/Unreal Projects/Tandalfs-Tumultuous-Time-Trials/TandalfsTumultuousTT/Content/ThirdPerson/Blueprints/TandalfAnims/MF_Unarmed_Walk_Bwd_Right.uasset" 3931
"../../../../../../Users/tazmi/Documents/Unreal Projects/Tandalfs-Tumultuous-Time-Trials/TandalfsTumultuousTT/Content/ThirdPerson/Blueprints/TandalfAnims/MF_Unarmed_Walk_Fwd.uasset" 3932
"../../../../../../Users/tazmi/Documents/Unreal Projects/Tandalfs-Tumultuous-Time-Trials/TandalfsTumultuousTT/Content/ThirdPerson/Blueprints/TandalfAnims/MF_Unarmed_Walk_Fwd_Left.uasset" 3933
"../../../../../../Users/tazmi/Documents/Unreal Projects/Tandalfs-Tumultuous-Time-Trials/TandalfsTumultuousTT/Content/ThirdPerson/Blueprints/TandalfAnims/MF_Unarmed_Walk_Fwd_Right.uasset" 3934
"../../../../../../Users/tazmi/Documents/Unreal Projects/Tandalfs-Tumultuous-Time-Trials/TandalfsTumultuousTT/Content/ThirdPerson/Blueprints/TandalfAnims/MF_Unarmed_Walk_Left.uasset" 3935
"../../../../../../Users/tazmi/Documents/Unreal Projects/Tandalfs-Tumultuous-Time-Trials/TandalfsTumultuousTT/Content/ThirdPerson/Blueprints/TandalfAnims/MF_Unarmed_Walk_Right.uasset" 3936
"../../../../../../Users/tazmi/Documents/Unreal Projects/Tandalfs-Tumultuous-Time-Trials/TandalfsTumultuousTT/Content/Prefabs/Anim/ABP_Guard1.uasset" 3937
"../../../../../../Users/tazmi/Documents/Unreal Projects/Tandalfs-Tumultuous-Time-Trials/TandalfsTumultuousTT/Content/Prefabs/Fireball1.uasset" 3938
"../../../../../../Users/tazmi/Documents/Unreal Projects/Tandalfs-Tumultuous-Time-Trials/TandalfsTumultuousTT/Content/Models/JoseModels/finalguardrigskintest.uasset" 3939
"../../../../../../Users/tazmi/Documents/Unreal Projects/Tandalfs-Tumultuous-Time-Trials/TandalfsTumultuousTT/Content/ThirdPerson/Blueprints/GuardAnims/GuardChase.uasset" 3940
"../../../../../../Users/tazmi/Documents/Unreal Projects/Tandalfs-Tumultuous-Time-Trials/TandalfsTumultuousTT/Content/ThirdPerson/Blueprints/GuardAnims/MF_Unarmed_Jog_Bwd.uasset" 3941
"../../../../../../Users/tazmi/Documents/Unreal Projects/Tandalfs-Tumultuous-Time-Trials/TandalfsTumultuousTT/Content/UI/WB_Gameover.uasset" 3942
"../../../../../../Users/tazmi/Documents/Unreal Projects/Tandalfs-Tumultuous-Time-Trials/TandalfsTumultuousTT/Content/StarterContent/Textures/T_Perlin_Noise_M.uasset" 3943
"../../../../../../Users/tazmi/Documents/Unreal Projects/Tandalfs-Tumultuous-Time-Trials/TandalfsTumultuousTT/Content/StarterContent/Particles/Materials/M_Fire_SubUV.uasset" 3944
"../../../../../../Users/tazmi/Documents/Unreal Projects/Tandalfs-Tumultuous-Time-Trials/TandalfsTumultuousTT/Content/StarterContent/Particles/Materials/M_smoke_subUV.uasset" 3945
"../../Plugins/FX/Niagara/Content/DefaultAssets/DefaultSpriteMaterial.uasset" 3946
"../../Plugins/FX/Niagara/Content/DynamicInputs/ValueFromCurve/ColorFromCurve.uasset" 3947
"../../Plugins/FX/Niagara/Content/Modules/Update/SubUV/V2/SubUVAnimation.uasset" 3948
"../../Plugins/FX/Niagara/Content/Enums/ENiagara_SubUVLookupModeV2.uasset" 3949
"../../Plugins/FX/Niagara/Content/Enums/ENiagara_WrapClamp.uasset" 3950
"../../Plugins/FX/Niagara/Content/Enums/ENiagaraMeshOrSprite.uasset" 3951
"../../Plugins/FX/Niagara/Content/Enums/SpriteRenderer/ENiagara_AutomaticManual.uasset" 3952
"../../Plugins/FX/Niagara/Content/Enums/SpriteRenderer/ENiagara_FPSPlayrate.uasset" 3953
"../../../../../../Users/tazmi/Documents/Unreal Projects/Tandalfs-Tumultuous-Time-Trials/TandalfsTumultuousTT/Content/Textures/T_Pylon/t_c_pylon_disk.uasset" 3954
"../../../../../../Users/tazmi/Documents/Unreal Projects/Tandalfs-Tumultuous-Time-Trials/TandalfsTumultuousTT/Content/Textures/T_Pylon/t_emis_pylon_disk.uasset" 3955
"../../../../../../Users/tazmi/Documents/Unreal Projects/Tandalfs-Tumultuous-Time-Trials/TandalfsTumultuousTT/Content/Textures/T_Pylon/t_norm_pylon_disk.uasset" 3956
"../../../../../../Users/tazmi/Documents/Unreal Projects/Tandalfs-Tumultuous-Time-Trials/TandalfsTumultuousTT/Content/Textures/T_Pylon/t_orm_pylon_disk.uasset" 3957
"../../../../../../Users/tazmi/Documents/Unreal Projects/Tandalfs-Tumultuous-Time-Trials/TandalfsTumultuousTT/Content/Textures/T_Pylon/t_c_pylon_gem.uasset" 3958
"../../../../../../Users/tazmi/Documents/Unreal Projects/Tandalfs-Tumultuous-Time-Trials/TandalfsTumultuousTT/Content/Textures/T_Pylon/t_norm_pylon_gem.uasset" 3959
"../../../../../../Users/tazmi/Documents/Unreal Projects/Tandalfs-Tumultuous-Time-Trials/TandalfsTumultuousTT/Content/Textures/T_Pylon/t_orm_pylon_gem.uasset" 3960
"../../../../../../Users/tazmi/Documents/Unreal Projects/Tandalfs-Tumultuous-Time-Trials/TandalfsTumultuousTT/Content/Textures/T_Pylon/t_c_pylon_stone.uasset" 3961
"../../../../../../Users/tazmi/Documents/Unreal Projects/Tandalfs-Tumultuous-Time-Trials/TandalfsTumultuousTT/Content/Textures/T_Pylon/t_emis_pylon_stone.uasset" 3962
"../../../../../../Users/tazmi/Documents/Unreal Projects/Tandalfs-Tumultuous-Time-Trials/TandalfsTumultuousTT/Content/Textures/T_Pylon/t_norm_pylon_stone.uasset" 3963
"../../../../../../Users/tazmi/Documents/Unreal Projects/Tandalfs-Tumultuous-Time-Trials/TandalfsTumultuousTT/Content/Textures/T_Pylon/t_orm_pylon_stone.uasset" 3964
"../../../../../../Users/tazmi/Documents/Unreal Projects/Tandalfs-Tumultuous-Time-Trials/TandalfsTumultuousTT/Content/Characters/RIG_tandalf.uasset" 3965
"../../../../../../Users/tazmi/Documents/Unreal Projects/Tandalfs-Tumultuous-Time-Trials/TandalfsTumultuousTT/Content/Input/IMC_Default.uasset" 3966
"../../../../../../Users/tazmi/Documents/Unreal Projects/Tandalfs-Tumultuous-Time-Trials/TandalfsTumultuousTT/Content/Input/IMC_MouseLook.uasset" 3967
"../../../../../../Users/tazmi/Documents/Unreal Projects/Tandalfs-Tumultuous-Time-Trials/TandalfsTumultuousTT/Content/Input/Touch/UI_TouchSimple.uasset" 3968
"../../Plugins/FX/Niagara/Content/DynamicInputs/Helpers/SimulationPosition.uasset" 3969
"../../Plugins/FX/Niagara/Content/Functions/Spline/FindPositionOnBezierSpline.uasset" 3970
"../../../../../../Users/tazmi/Documents/Unreal Projects/Tandalfs-Tumultuous-Time-Trials/TandalfsTumultuousTT/Content/Textures/T_Tandalf/eyes-Color.uasset" 3971
"../../../../../../Users/tazmi/Documents/Unreal Projects/Tandalfs-Tumultuous-Time-Trials/TandalfsTumultuousTT/Content/Textures/T_Tandalf/face-Color.uasset" 3972
"../../../../../../Users/tazmi/Documents/Unreal Projects/Tandalfs-Tumultuous-Time-Trials/TandalfsTumultuousTT/Content/Textures/T_Tandalf/skin-Color.uasset" 3973
"../../../../../../Users/tazmi/Documents/Unreal Projects/Tandalfs-Tumultuous-Time-Trials/TandalfsTumultuousTT/Content/Audio/footstep.uasset" 3974
"../../../../../../Users/tazmi/Documents/Unreal Projects/Tandalfs-Tumultuous-Time-Trials/TandalfsTumultuousTT/Content/Audio/footstep_Cue.uasset" 3975
"../../../../../../Users/tazmi/Documents/Unreal Projects/Tandalfs-Tumultuous-Time-Trials/TandalfsTumultuousTT/Content/ThirdPerson/Blueprints/GuardAnims/MM_Idle.uasset" 3976
"../../../../../../Users/tazmi/Documents/Unreal Projects/Tandalfs-Tumultuous-Time-Trials/TandalfsTumultuousTT/Content/Characters/Mannequins/Anims/Unarmed/BS_Idle_Walk_Run2.uasset" 3977
"../../../../../../Users/tazmi/Documents/Unreal Projects/Tandalfs-Tumultuous-Time-Trials/TandalfsTumultuousTT/Content/Models/JoseModels/finalguardrigskintest_Skeleton.uasset" 3978
"../../../../../../Users/tazmi/Documents/Unreal Projects/Tandalfs-Tumultuous-Time-Trials/TandalfsTumultuousTT/Content/Characters/eyes.uasset" 3979
"../../../../../../Users/tazmi/Documents/Unreal Projects/Tandalfs-Tumultuous-Time-Trials/TandalfsTumultuousTT/Content/Characters/lambert3.uasset" 3980
"../../../../../../Users/tazmi/Documents/Unreal Projects/Tandalfs-Tumultuous-Time-Trials/TandalfsTumultuousTT/Content/Characters/lambert4.uasset" 3981
"../../../../../../Users/tazmi/Documents/Unreal Projects/Tandalfs-Tumultuous-Time-Trials/TandalfsTumultuousTT/Content/Characters/lambert6.uasset" 3982
"../../../../../../Users/tazmi/Documents/Unreal Projects/Tandalfs-Tumultuous-Time-Trials/TandalfsTumultuousTT/Content/Models/JoseModels/lambert2.uasset" 3983
"../../../../../../Users/tazmi/Documents/Unreal Projects/Tandalfs-Tumultuous-Time-Trials/TandalfsTumultuousTT/Content/Models/JoseModels/lambert3.uasset" 3984
"../../../../../../Users/tazmi/Documents/Unreal Projects/Tandalfs-Tumultuous-Time-Trials/TandalfsTumultuousTT/Content/Models/JoseModels/lambert4.uasset" 3985
"../../../../../../Users/tazmi/Documents/Unreal Projects/Tandalfs-Tumultuous-Time-Trials/TandalfsTumultuousTT/Content/ThirdPerson/Blueprints/GuardAnims/MF_Unarmed_Jog_Fwd.uasset" 3986
"../../../../../../Users/tazmi/Documents/Unreal Projects/Tandalfs-Tumultuous-Time-Trials/TandalfsTumultuousTT/Content/UI/WB_Mainmenu.uasset" 3987
"../../../../../../Users/tazmi/Documents/Unreal Projects/Tandalfs-Tumultuous-Time-Trials/TandalfsTumultuousTT/Content/UI/YouLose.uasset" 3988
"../../../../../../Users/tazmi/Documents/Unreal Projects/Tandalfs-Tumultuous-Time-Trials/TandalfsTumultuousTT/Content/StarterContent/Textures/T_Fire_SubUV.uasset" 3989
"../../../../../../Users/tazmi/Documents/Unreal Projects/Tandalfs-Tumultuous-Time-Trials/TandalfsTumultuousTT/Content/StarterContent/Textures/T_Fire_Tiled_D.uasset" 3990
"../../../../../../Users/tazmi/Documents/Unreal Projects/Tandalfs-Tumultuous-Time-Trials/TandalfsTumultuousTT/Content/StarterContent/Textures/T_Smoke_SubUV.uasset" 3991
"../../../../../../Users/tazmi/Documents/Unreal Projects/Tandalfs-Tumultuous-Time-Trials/TandalfsTumultuousTT/Content/StarterContent/Textures/T_Smoke_Tiled_D.uasset" 3992
"../../Plugins/FX/Niagara/Content/Functions/Helpers/SetBoolByTimer.uasset" 3993
"../../Plugins/FX/Niagara/Content/Functions/RandomRangeInteger.uasset" 3994
"../../Plugins/FX/Niagara/Content/Enums/ENiagara_SubUVLookupMode.uasset" 3995
"../../../../../../Users/tazmi/Documents/Unreal Projects/Tandalfs-Tumultuous-Time-Trials/TandalfsTumultuousTT/Content/Characters/RIG_tandalf_PhysicsAsset.uasset" 3996
"../../../../../../Users/tazmi/Documents/Unreal Projects/Tandalfs-Tumultuous-Time-Trials/TandalfsTumultuousTT/Content/Characters/RIG_tandalf_Skeleton.uasset" 3997
"../../../../../../Users/tazmi/Documents/Unreal Projects/Tandalfs-Tumultuous-Time-Trials/TandalfsTumultuousTT/Content/Input/Actions/IA_delete.uasset" 3998
"../../../Engine/Content/MobileResources/HUD/VirtualJoystick_Thumb.uasset" 3999
"../../../../../../Users/tazmi/Documents/Unreal Projects/Tandalfs-Tumultuous-Time-Trials/TandalfsTumultuousTT/Content/Input/Touch/UI_Thumbstick.uasset" 4000
"../../../../../../Users/tazmi/Documents/Unreal Projects/Tandalfs-Tumultuous-Time-Trials/TandalfsTumultuousTT/Content/Characters/Mannequins/Anims/Unarmed/Jog/MF_Unarmed_Jog_Bwd1.uasset" 4001
"../../../../../../Users/tazmi/Documents/Unreal Projects/Tandalfs-Tumultuous-Time-Trials/TandalfsTumultuousTT/Content/Characters/Mannequins/Anims/Unarmed/Jog/MF_Unarmed_Jog_Bwd_Left1.uasset" 4002
"../../../../../../Users/tazmi/Documents/Unreal Projects/Tandalfs-Tumultuous-Time-Trials/TandalfsTumultuousTT/Content/Characters/Mannequins/Anims/Unarmed/Jog/MF_Unarmed_Jog_Bwd_Right1.uasset" 4003
"../../../../../../Users/tazmi/Documents/Unreal Projects/Tandalfs-Tumultuous-Time-Trials/TandalfsTumultuousTT/Content/Characters/Mannequins/Anims/Unarmed/Jog/MF_Unarmed_Jog_Fwd1.uasset" 4004
"../../../../../../Users/tazmi/Documents/Unreal Projects/Tandalfs-Tumultuous-Time-Trials/TandalfsTumultuousTT/Content/Characters/Mannequins/Anims/Unarmed/Jog/MF_Unarmed_Jog_Fwd_Left1.uasset" 4005
"../../../../../../Users/tazmi/Documents/Unreal Projects/Tandalfs-Tumultuous-Time-Trials/TandalfsTumultuousTT/Content/Characters/Mannequins/Anims/Unarmed/Jog/MF_Unarmed_Jog_Fwd_Right1.uasset" 4006
"../../../../../../Users/tazmi/Documents/Unreal Projects/Tandalfs-Tumultuous-Time-Trials/TandalfsTumultuousTT/Content/Characters/Mannequins/Anims/Unarmed/Jog/MF_Unarmed_Jog_Left1.uasset" 4007
"../../../../../../Users/tazmi/Documents/Unreal Projects/Tandalfs-Tumultuous-Time-Trials/TandalfsTumultuousTT/Content/Characters/Mannequins/Anims/Unarmed/Jog/MF_Unarmed_Jog_Right1.uasset" 4008
"../../../../../../Users/tazmi/Documents/Unreal Projects/Tandalfs-Tumultuous-Time-Trials/TandalfsTumultuousTT/Content/Characters/Mannequins/Anims/Unarmed/MM_Idle1.uasset" 4009
"../../../../../../Users/tazmi/Documents/Unreal Projects/Tandalfs-Tumultuous-Time-Trials/TandalfsTumultuousTT/Content/Characters/Mannequins/Anims/Unarmed/Walk/MF_Unarmed_Walk_Bwd1.uasset" 4010
"../../../../../../Users/tazmi/Documents/Unreal Projects/Tandalfs-Tumultuous-Time-Trials/TandalfsTumultuousTT/Content/Characters/Mannequins/Anims/Unarmed/Walk/MF_Unarmed_Walk_Bwd_Left1.uasset" 4011
"../../../../../../Users/tazmi/Documents/Unreal Projects/Tandalfs-Tumultuous-Time-Trials/TandalfsTumultuousTT/Content/Characters/Mannequins/Anims/Unarmed/Walk/MF_Unarmed_Walk_Bwd_Right1.uasset" 4012
"../../../../../../Users/tazmi/Documents/Unreal Projects/Tandalfs-Tumultuous-Time-Trials/TandalfsTumultuousTT/Content/Characters/Mannequins/Anims/Unarmed/Walk/MF_Unarmed_Walk_Fwd1.uasset" 4013
"../../../../../../Users/tazmi/Documents/Unreal Projects/Tandalfs-Tumultuous-Time-Trials/TandalfsTumultuousTT/Content/Characters/Mannequins/Anims/Unarmed/Walk/MF_Unarmed_Walk_Fwd_Left1.uasset" 4014
"../../../../../../Users/tazmi/Documents/Unreal Projects/Tandalfs-Tumultuous-Time-Trials/TandalfsTumultuousTT/Content/Characters/Mannequins/Anims/Unarmed/Walk/MF_Unarmed_Walk_Fwd_Right1.uasset" 4015
"../../../../../../Users/tazmi/Documents/Unreal Projects/Tandalfs-Tumultuous-Time-Trials/TandalfsTumultuousTT/Content/Characters/Mannequins/Anims/Unarmed/Walk/MF_Unarmed_Walk_Left1.uasset" 4016
"../../../../../../Users/tazmi/Documents/Unreal Projects/Tandalfs-Tumultuous-Time-Trials/TandalfsTumultuousTT/Content/Characters/Mannequins/Anims/Unarmed/Walk/MF_Unarmed_Walk_Right1.uasset" 4017
"../../Plugins/Interchange/Assets/Content/Functions/MF_PhongToMetalRoughness.uasset" 4018
"../../../../../../Users/tazmi/Documents/Unreal Projects/Tandalfs-Tumultuous-Time-Trials/TandalfsTumultuousTT/Content/ThirdPerson/Blueprints/BP_GameInstance.uasset" 4019
"../../../../../../Users/tazmi/Documents/Unreal Projects/Tandalfs-Tumultuous-Time-Trials/TandalfsTumultuousTT/Content/UI/IMG_0572.uasset" 4020
"../../../../../../Users/tazmi/Documents/Unreal Projects/Tandalfs-Tumultuous-Time-Trials/TandalfsTumultuousTT/Content/UI/WB_Settings.uasset" 4021
"../../../Engine/Content/MobileResources/HUD/VirtualJoystick_Background.uasset" 4022
"../../../../../../Users/tazmi/Documents/Unreal Projects/Tandalfs-Tumultuous-Time-Trials/TandalfsTumultuousTT/Content/UI/Main_Menu.uasset" 4023
"../../../../../../Users/tazmi/Documents/Unreal Projects/Tandalfs-Tumultuous-Time-Trials/TandalfsTumultuousTT/Content/UI/Screenshot_2026-04-21_195618.uasset" 4024
"/Game/Materials/MM_LightHouse_CeilingRed" 4025
"C:/Users/tazmi/Documents/Unreal Projects/Tandalfs-Tumultuous-Time-Trials/TandalfsTumultuousTT/Content/Textures/T_Target/t_orm_target.uasset" 4026
"C:/Users/tazmi/Documents/Unreal Projects/Tandalfs-Tumultuous-Time-Trials/TandalfsTumultuousTT/Content/Materials/MM_Marble.uasset" 4027
"/Game/UI/WB_WinScreen" 4028
"C:/Users/tazmi/Documents/Unreal Projects/Tandalfs-Tumultuous-Time-Trials/TandalfsTumultuousTT/Content/Textures/T_Target/t_c_target.uasset" 4029
"C:/Users/tazmi/Documents/Unreal Projects/Tandalfs-Tumultuous-Time-Trials/TandalfsTumultuousTT/Content/Textures/T_Target/t_norm_target.uasset" 4030
"C:/Users/tazmi/Documents/Unreal Projects/Tandalfs-Tumultuous-Time-Trials/TandalfsTumultuousTT/Content/Materials/MM_Target.uasset" 4031
"/Game/Materials/MM_LightHouse_CeilingNoGlow" 4032
"/Game/Materials/MM_LightHouse_CeilingGreen" 4033
"/Game/Textures/T_Marble/Substance_graph_height" 4034
"/Game/Materials/MM_Hedge" 4035
"/Game/Textures/T_Marble/Substance_graph_basecolor" 4036
"/Game/Models/LVL0_HubModels/TowerModulars/TowerRing_C" 4037
"/Game/Materials/MM_LightHouse_CeilingBlue" 4038
"/Game/Textures/T_Marble/Substance_graph_ambientocclusion" 4039
"/Game/Textures/T_Marble/Substance_graph_metallic" 4040
"/Game/Materials/FountainMaterials/MM_WaterFallMoving" 4041
"/Game/Prefabs/EndLogic/FinalConclusion" 4042
"../../../../../../Users/tazmi/Documents/Unreal Projects/Tandalfs-Tumultuous-Time-Trials/TandalfsTumultuousTT/Content/StarterContent/Props/SM_Door.uasset" 4043
"../../../../../../Users/tazmi/Documents/Unreal Projects/Tandalfs-Tumultuous-Time-Trials/TandalfsTumultuousTT/Content/StarterContent/Materials/M_Glass.uasset" 4044
"../../../../../../Users/tazmi/Documents/Unreal Projects/Tandalfs-Tumultuous-Time-Trials/TandalfsTumultuousTT/Content/StarterContent/Props/Materials/M_Door.uasset" 4045
"../../../../../../Users/tazmi/Documents/Unreal Projects/Tandalfs-Tumultuous-Time-Trials/TandalfsTumultuousTT/Content/StarterContent/Textures/T_Door_M.uasset" 4046
"../../../../../../Users/tazmi/Documents/Unreal Projects/Tandalfs-Tumultuous-Time-Trials/TandalfsTumultuousTT/Content/StarterContent/Textures/T_Door_N.uasset" 4047
"/Game/Materials/MM_LightHouse_Ceiling" 4048
"/Game/Textures/T_Marble/Substance_graph_roughness" 4049
"/Game/BP/Hub" 4050
"/Game/DevLevels/_GENERATED/emanu/Target" 4051
"/Game/Textures/T_Marble/Substance_graph_normal" 4052
"/Game/DevLevels/_GENERATED/emanu/Cylinder_792722A2" 4053
"/Game/Materials/MM_Target" 4054
"C:/Users/tazmi/Documents/Unreal Projects/Tandalfs-Tumultuous-Time-Trials/TandalfsTumultuousTT/Content/Prefabs/Obstacles/Target.uasset" 4055
"C:/Users/tazmi/Documents/Unreal Projects/Tandalfs-Tumultuous-Time-Trials/TandalfsTumultuousTT/Content/Textures/T_TowerWall/T_ORM_TowerWall.uasset" 4056
"/Game/Materials/MM_Marble" 4057
"../../../Engine/Content/Functions/Engine_MaterialFunctions02/Texturing/CustomRotator.uasset" 4058
"C:/Users/tazmi/Documents/Unreal Projects/Tandalfs-Tumultuous-Time-Trials/TandalfsTumultuousTT/Content/Audio/Tandalf_Theme__C_Maj__140_BPM_2_.uasset" 4059
"../../../Engine/Content/EngineSky/M_Sky_Panning_Clouds2.uasset" 4060
"../../../Engine/Content/Functions/Engine_MaterialFunctions02/Utility/BreakOutFloat4Components.uasset" 4061
"C:/Users/tazmi/Documents/Unreal Projects/Tandalfs-Tumultuous-Time-Trials/TandalfsTumultuousTT/Content/Prefabs/EndLogic/Teleport.uasset" 4062
"../../../Engine/Content/EngineSky/VolumetricClouds/T_Profile_08.uasset" 4063
"../../../Engine/Content/EngineSky/VolumetricClouds/T_CloudPattern.uasset" 4064
"C:/Users/tazmi/Documents/Unreal Projects/Tandalfs-Tumultuous-Time-Trials/TandalfsTumultuousTT/Content/Materials/MM_TowerWall.uasset" 4065
"../../../Engine/Plugins/Enterprise/DatasmithContent/Content/Materials/C4DReferenceUV.uasset" 4066
"../../../Engine/Plugins/Enterprise/DatasmithContent/Content/Materials/UVEdit.uasset" 4067
"../../../Engine/Content/EngineSky/T_Sky_Stars.uasset" 4068
"../../../Engine/Content/EngineSky/SM_SkySphere.uasset" 4069
"../../../Engine/Content/EngineSky/VolumetricClouds/m_SimpleVolumetricCloud.uasset" 4070
"C:/Users/tazmi/Documents/Unreal Projects/Tandalfs-Tumultuous-Time-Trials/TandalfsTumultuousTT/Content/Textures/T_TowerWall/T_N_TowerWall.uasset" 4071
"../../../Engine/Content/EngineMaterials/T_Default_Normal.uasset" 4072
"C:/Users/tazmi/Documents/Unreal Projects/Tandalfs-Tumultuous-Time-Trials/TandalfsTumultuousTT/Content/Textures/T_TowerWall/T_C_TowerWall.uasset" 4073
"../../../Engine/Content/EngineSky/VolumetricClouds/T_CloudMask.uasset" 4074
"../../../Engine/Content/EngineSky/VolumetricClouds/m_SimpleVolumetricCloud_Inst.uasset" 4075
"../../../Engine/Plugins/Enterprise/DatasmithContent/Content/Materials/TileMirrorAxis.uasset" 4076
"../../../Engine/Content/EngineSky/T_Sky_Blue.uasset" 4077
"../../../Engine/Content/Functions/Engine_MaterialFunctions02/Utility/MakeFloat4.uasset" 4078
"../../../Engine/Content/EngineSky/VolumetricClouds/VT_Lightning.uasset" 4079
"../../../Engine/Content/EngineSky/VolumetricClouds/VT_PerlinWorley_Balanced.uasset" 4080
"../../../Engine/Content/EngineSky/T_Sky_Clouds_M.uasset" 4081
"../../../Engine/Content/Functions/Engine_MaterialFunctions01/Units/Km-to-Cm.uasset" 4082
"/Game/Prefabs/Obstacles/Target" 4083
"../../../Engine/Plugins/Enterprise/DatasmithContent/Content/Materials/C4DReference.uasset" 4084
"../../../Engine/Content/Functions/Engine_MaterialFunctions01/Texturing/FlattenNormal.uasset" 4085
"../../../Engine/Content/ArtTools/RenderToTexture/Textures/127grey.uasset" 4086
"../../../Engine/Content/Functions/Engine_MaterialFunctions02/HueShift.uasset" 4087
"/Game/Materials/MM_TowerWall" 4088
"/Game/Prefabs/EndLogic/Teleport" 4089
"/Game/Audio/Tandalf_Theme__C_Maj__140_BPM_2_" 4090
"/Engine/Functions/Engine_MaterialFunctions01/Units/Km-to-Cm" 4091
"/Engine/EngineSky/VolumetricClouds/VT_Lightning" 4092
"/Engine/Functions/Engine_MaterialFunctions02/Utility/MakeFloat4" 4093
"/Engine/Functions/Engine_MaterialFunctions02/Utility/BreakOutFloat4Components" 4094
"/Engine/EngineSky/VolumetricClouds/m_SimpleVolumetricCloud" 4095
"/Engine/EngineSky/VolumetricClouds/T_CloudMask" 4096
"/Engine/EngineSky/VolumetricClouds/T_CloudPattern" 4097
"/Engine/EngineSky/VolumetricClouds/T_Profile_08" 4098
"/Engine/EngineSky/VolumetricClouds/VT_PerlinWorley_Balanced" 4099
"/Engine/EngineSky/VolumetricClouds/m_SimpleVolumetricCloud_Inst" 4100
"/Engine/EngineSky/T_Sky_Blue" 4101
"/Engine/EngineSky/T_Sky_Clouds_M" 4102
"/Engine/EngineSky/T_Sky_Stars" 4103
"/Engine/EngineSky/M_Sky_Panning_Clouds2" 4104
"/Engine/EngineSky/SM_SkySphere" 4105
"/Engine/EngineMaterials/T_Default_Normal" 4106
"/DatasmithContent/Materials/C4DReferenceUV" 4107
"/DatasmithContent/Materials/TileMirrorAxis" 4108
"/DatasmithContent/Materials/UVEdit" 4109
"/Game/DevLevels/LightHouseHub" 4110
"C:/Users/tazmi/Documents/Unreal Projects/Tandalfs-Tumultuous-Time-Trials/TandalfsTumultuousTT/Content/DevLevels/_GENERATED/emanu/Box_81286A26.uasset" 4111
"C:/Users/tazmi/Documents/Unreal Projects/Tandalfs-Tumultuous-Time-Trials/TandalfsTumultuousTT/Content/DevLevels/FX/M_Water.uasset" 4112
"../../../Engine/Plugins/FX/Niagara/Content/Modules/Collision/SceneDepthTest.uasset" 4113
"../../../Engine/Plugins/FX/Niagara/Content/Functions/Collision/RandomizeCollisionNormals.uasset" 4114
"C:/Users/tazmi/Documents/Unreal Projects/Tandalfs-Tumultuous-Time-Trials/TandalfsTumultuousTT/Content/DevLevels/_GENERATED/emanu/Boolean4_1FAEFEE3.uasset" 4115
"../../../Engine/Plugins/FX/Niagara/Content/Functions/Collision/PlaneSphereCollisionDetection.uasset" 4116
"../../../Engine/Plugins/FX/Niagara/Content/Functions/Textures/CalculateA_VolumeTexturesDistanceFieldGradient.uasset" 4117
"../../../Engine/Plugins/FX/Niagara/Content/Modules/Collision/CollisionQueryAndResponse.uasset" 4118
"../../../Engine/Plugins/FX/Niagara/Content/Functions/CalculateRadiusFromSpriteSize.uasset" 4119
"../../../Engine/Plugins/FX/Niagara/Content/Enums/ENiagara_Float4Channel.uasset" 4120
"C:/Users/tazmi/Documents/Unreal Projects/Tandalfs-Tumultuous-Time-Trials/TandalfsTumultuousTT/Content/DevLevels/_GENERATED/emanu/Box_4456488D.uasset" 4121
"../../../Engine/Plugins/FX/Niagara/Content/Enums/Collision/SceneDepthCollisionQueryMethod.uasset" 4122
"C:/Users/tazmi/Documents/Unreal Projects/Tandalfs-Tumultuous-Time-Trials/TandalfsTumultuousTT/Content/DevLevels/_GENERATED/emanu/Cylinder3_833354D5.uasset" 4123
"../../../Engine/Plugins/FX/Niagara/Content/Enums/ENiagaraCollisionRadiusOptions.uasset" 4124
"../../../Engine/Plugins/FX/Niagara/Content/Enums/ENiagaraCalculateRadiusOptions.uasset" 4125
"../../../Engine/Plugins/FX/Niagara/Content/Functions/Helpers/DoOnce_fn.uasset" 4126
"C:/Users/tazmi/Documents/Unreal Projects/Tandalfs-Tumultuous-Time-Trials/TandalfsTumultuousTT/Content/DevLevels/FX/M_Water_Instance.uasset" 4127
"../../../Engine/Plugins/FX/Niagara/Content/Functions/ReflectVector.uasset" 4128
"../../../Engine/Plugins/FX/Niagara/Content/Modules/Collision/Collision.uasset" 4129
"../../../Engine/Plugins/FX/Niagara/Content/Modules/Collision/NiagaraDistanceFieldCollisions.uasset" 4130
"../../../Engine/Plugins/FX/Niagara/Content/Enums/ENiagaraRestitutionMergeType.uasset" 4131
"../../../Engine/Plugins/FX/Niagara/Content/Enums/ENiagara_CPUCollisionType.uasset" 4132
"../../../Engine/Plugins/FX/Niagara/Content/Functions/CalculateMeshRadius.uasset" 4133
"../../../Engine/Plugins/FX/Niagara/Content/Enums/ENiagaraFrictionMergeType.uasset" 4134
"../../../Engine/Plugins/FX/Niagara/Content/Enums/ENiagara_GPUCollisionType.uasset" 4135
"../../../Engine/Plugins/FX/Niagara/Content/Functions/ProjectVectorOnPlane.uasset" 4136
"C:/Users/tazmi/Documents/Unreal Projects/Tandalfs-Tumultuous-Time-Trials/TandalfsTumultuousTT/Content/DevLevels/FX/FX_Rain.uasset" 4137
"../../../../../../Users/tazmi/Documents/Unreal Projects/Tandalfs-Tumultuous-Time-Trials/TandalfsTumultuousTT/Content/DevLevels/LightHouseHub.umap" 4138
"/Game/DevLevels/_GENERATED/emanu/Cylinder3_833354D5" 4139
"/Game/DevLevels/FX/FX_Rain" 4140
"C:/Users/tazmi/Documents/Unreal Projects/Tandalfs-Tumultuous-Time-Trials/TandalfsTumultuousTT/Content/DevLevels/_GENERATED/emanu/Box_9550BD27.uasset" 4141
"C:/Users/tazmi/Documents/Unreal Projects/Tandalfs-Tumultuous-Time-Trials/TandalfsTumultuousTT/Content/DevLevels/_GENERATED/emanu/Box_456C0AFB.uasset" 4142
"C:/Users/tazmi/Documents/Unreal Projects/Tandalfs-Tumultuous-Time-Trials/TandalfsTumultuousTT/Content/DevLevels/_GENERATED/emanu/Box_FCD36137.uasset" 4143
"C:/Users/tazmi/Documents/Unreal Projects/Tandalfs-Tumultuous-Time-Trials/TandalfsTumultuousTT/Content/DevLevels/_GENERATED/emanu/Box_F24A5BE1.uasset" 4144
"C:/Users/tazmi/Documents/Unreal Projects/Tandalfs-Tumultuous-Time-Trials/TandalfsTumultuousTT/Content/DevLevels/_GENERATED/emanu/Cylinder2_5972FBF7.uasset" 4145
"/Game/DevLevels/FX/M_Water_Instance" 4146
"/Game/DevLevels/_GENERATED/emanu/Boolean4_1FAEFEE3" 4147
"/Game/DevLevels/_GENERATED/emanu/Box_81286A26" 4148
"/Game/DevLevels/_GENERATED/emanu/Box_4456488D" 4149
"/Game/DevLevels/_GENERATED/emanu/Box_FCD36137" 4150
"/Game/DevLevels/_GENERATED/emanu/Cylinder2_5972FBF7" 4151
"/Game/DevLevels/_GENERATED/emanu/Box_456C0AFB" 4152
"/Game/DevLevels/_GENERATED/emanu/Box_9550BD27" 4153
"/Game/DevLevels/_GENERATED/emanu/Box_F24A5BE1" 4154
"C:/Users/tazmi/Documents/Unreal Projects/Tandalfs-Tumultuous-Time-Trials/TandalfsTumultuousTT/Content/DevLevels/_GENERATED/emanu/Box_F4A297C2.uasset" 4155
"C:/Users/tazmi/Documents/Unreal Projects/Tandalfs-Tumultuous-Time-Trials/TandalfsTumultuousTT/Content/DevLevels/_GENERATED/emanu/Box_ECF546B1.uasset" 4156
"C:/Users/tazmi/Documents/Unreal Projects/Tandalfs-Tumultuous-Time-Trials/TandalfsTumultuousTT/Content/DevLevels/_GENERATED/emanu/Box_EF549F67.uasset" 4157
"C:/Users/tazmi/Documents/Unreal Projects/Tandalfs-Tumultuous-Time-Trials/TandalfsTumultuousTT/Content/DevLevels/_GENERATED/emanu/Box_C04A9195.uasset" 4158
"C:/Users/tazmi/Documents/Unreal Projects/Tandalfs-Tumultuous-Time-Trials/TandalfsTumultuousTT/Content/DevLevels/_GENERATED/emanu/Box_85E650F1.uasset" 4159
"C:/Users/tazmi/Documents/Unreal Projects/Tandalfs-Tumultuous-Time-Trials/TandalfsTumultuousTT/Content/DevLevels/_GENERATED/emanu/Box_C80F82C4.uasset" 4160
"C:/Users/tazmi/Documents/Unreal Projects/Tandalfs-Tumultuous-Time-Trials/TandalfsTumultuousTT/Content/DevLevels/_GENERATED/emanu/Box_AB09B5E9.uasset" 4161
"C:/Users/tazmi/Documents/Unreal Projects/Tandalfs-Tumultuous-Time-Trials/TandalfsTumultuousTT/Content/DevLevels/_GENERATED/emanu/Box_6CF94CF9.uasset" 4162
"C:/Users/tazmi/Documents/Unreal Projects/Tandalfs-Tumultuous-Time-Trials/TandalfsTumultuousTT/Content/DevLevels/_GENERATED/emanu/Box_02BD3968.uasset" 4163
"C:/Users/tazmi/Documents/Unreal Projects/Tandalfs-Tumultuous-Time-Trials/TandalfsTumultuousTT/Content/DevLevels/_GENERATED/emanu/Cylinder_0456CD32.uasset" 4164
"C:/Users/tazmi/Documents/Unreal Projects/Tandalfs-Tumultuous-Time-Trials/TandalfsTumultuousTT/Content/DevLevels/_GENERATED/emanu/Boolean_8637A94A.uasset" 4165
"C:/Users/tazmi/Documents/Unreal Projects/Tandalfs-Tumultuous-Time-Trials/TandalfsTumultuousTT/Content/DevLevels/_GENERATED/emanu/Box_2E87A6A3.uasset" 4166
"C:/Users/tazmi/Documents/Unreal Projects/Tandalfs-Tumultuous-Time-Trials/TandalfsTumultuousTT/Content/DevLevels/_GENERATED/emanu/Boolean_32B28769.uasset" 4167
"C:/Users/tazmi/Documents/Unreal Projects/Tandalfs-Tumultuous-Time-Trials/TandalfsTumultuousTT/Content/DevLevels/_GENERATED/emanu/Boolean_8618E79D.uasset" 4168
"C:/Users/tazmi/Documents/Unreal Projects/Tandalfs-Tumultuous-Time-Trials/TandalfsTumultuousTT/Content/DevLevels/_GENERATED/emanu/Boolean_6F5030E1.uasset" 4169
"C:/Users/tazmi/Documents/Unreal Projects/Tandalfs-Tumultuous-Time-Trials/TandalfsTumultuousTT/Content/DevLevels/_GENERATED/emanu/Box_AA1C4D0B.uasset" 4170
"C:/Users/tazmi/Documents/Unreal Projects/Tandalfs-Tumultuous-Time-Trials/TandalfsTumultuousTT/Content/DevLevels/_GENERATED/emanu/Box_FA30F8DA.uasset" 4171
"C:/Users/tazmi/Documents/Unreal Projects/Tandalfs-Tumultuous-Time-Trials/TandalfsTumultuousTT/Content/DevLevels/_GENERATED/emanu/Box_6DB7FD2F.uasset" 4172
"C:/Users/tazmi/Documents/Unreal Projects/Tandalfs-Tumultuous-Time-Trials/TandalfsTumultuousTT/Content/DevLevels/_GENERATED/emanu/Box_3C366955.uasset" 4173
"C:/Users/tazmi/Documents/Unreal Projects/Tandalfs-Tumultuous-Time-Trials/TandalfsTumultuousTT/Content/DevLevels/_GENERATED/emanu/Box_F95CE0D8.uasset" 4174
"C:/Users/tazmi/Documents/Unreal Projects/Tandalfs-Tumultuous-Time-Trials/TandalfsTumultuousTT/Content/DevLevels/_GENERATED/emanu/Box_3B6D5836.uasset" 4175
"C:/Users/tazmi/Documents/Unreal Projects/Tandalfs-Tumultuous-Time-Trials/TandalfsTumultuousTT/Content/DevLevels/_GENERATED/emanu/Box_D672FDFB.uasset" 4176
"C:/Users/tazmi/Documents/Unreal Projects/Tandalfs-Tumultuous-Time-Trials/TandalfsTumultuousTT/Content/DevLevels/_GENERATED/emanu/Box_90F460D3.uasset" 4177
"C:/Users/tazmi/Documents/Unreal Projects/Tandalfs-Tumultuous-Time-Trials/TandalfsTumultuousTT/Content/DevLevels/_GENERATED/emanu/Box_B7791EF7.uasset" 4178
"C:/Users/tazmi/Documents/Unreal Projects/Tandalfs-Tumultuous-Time-Trials/TandalfsTumultuousTT/Content/DevLevels/_GENERATED/emanu/Box_039EF34F.uasset" 4179
"C:/Users/tazmi/Documents/Unreal Projects/Tandalfs-Tumultuous-Time-Trials/TandalfsTumultuousTT/Content/DevLevels/_GENERATED/emanu/Box_6DCCBC4E.uasset" 4180
"C:/Users/tazmi/Documents/Unreal Projects/Tandalfs-Tumultuous-Time-Trials/TandalfsTumultuousTT/Content/DevLevels/_GENERATED/emanu/Boolean_F80C4796.uasset" 4181
"C:/Users/tazmi/Documents/Unreal Projects/Tandalfs-Tumultuous-Time-Trials/TandalfsTumultuousTT/Content/DevLevels/_GENERATED/emanu/Box_EE5E51F5.uasset" 4182
"C:/Users/tazmi/Documents/Unreal Projects/Tandalfs-Tumultuous-Time-Trials/TandalfsTumultuousTT/Content/DevLevels/_GENERATED/emanu/Box_CADA2814.uasset" 4183
"C:/Users/tazmi/Documents/Unreal Projects/Tandalfs-Tumultuous-Time-Trials/TandalfsTumultuousTT/Content/DevLevels/_GENERATED/emanu/Box_A26BE76D.uasset" 4184
"C:/Users/tazmi/Documents/Unreal Projects/Tandalfs-Tumultuous-Time-Trials/TandalfsTumultuousTT/Content/DevLevels/_GENERATED/emanu/Boolean_74D2AD2A.uasset" 4185
"C:/Users/tazmi/Documents/Unreal Projects/Tandalfs-Tumultuous-Time-Trials/TandalfsTumultuousTT/Content/DevLevels/_GENERATED/emanu/Box_79EA079D.uasset" 4186
"/Engine/EditorResources/EmptyActor" 4187
"../../../Engine/Content/EditorResources/EmptyActor.uasset" 4188
"/Engine/EditorResources/LightIcons/S_LightError" 4189
"../../../Engine/Content/EditorResources/LightIcons/S_LightError.uasset" 4190
"/Engine/EditorResources/AudioIcons/S_AudioComponent_AutoActivate" 4191
"../../../Engine/Content/EditorResources/AudioIcons/S_AudioComponent_AutoActivate.uasset" 4192
"/Game/DevLevels/_GENERATED/emanu/Box_79EA079D" 4193
"/Game/DevLevels/_GENERATED/emanu/Box_90F460D3" 4194
"/Game/DevLevels/_GENERATED/emanu/Box_AA1C4D0B" 4195
"/Game/DevLevels/_GENERATED/emanu/Box_B7791EF7" 4196
"/Game/DevLevels/_GENERATED/emanu/Box_CADA2814" 4197
"/Game/DevLevels/_GENERATED/emanu/Box_D672FDFB" 4198
"/Game/DevLevels/_GENERATED/emanu/Box_EE5E51F5" 4199
"/Game/DevLevels/_GENERATED/emanu/Box_F95CE0D8" 4200
"/Game/DevLevels/_GENERATED/emanu/Box_FA30F8DA" 4201
"/Game/DevLevels/_GENERATED/emanu/Cylinder_0456CD32" 4202
"/Game/DevLevels/_GENERATED/emanu/Boolean_32B28769" 4203
"/Game/DevLevels/_GENERATED/emanu/Boolean_6F5030E1" 4204
"/Game/DevLevels/_GENERATED/emanu/Boolean_74D2AD2A" 4205
"/Game/DevLevels/_GENERATED/emanu/Boolean_8618E79D" 4206
"/Game/DevLevels/_GENERATED/emanu/Boolean_8637A94A" 4207
"/Game/DevLevels/_GENERATED/emanu/Boolean_F80C4796" 4208
"/Game/DevLevels/_GENERATED/emanu/Box_02BD3968" 4209
"/Game/DevLevels/_GENERATED/emanu/Box_039EF34F" 4210
"/Game/DevLevels/_GENERATED/emanu/Box_2E87A6A3" 4211
"/Game/DevLevels/_GENERATED/emanu/Box_3B6D5836" 4212
"/Game/DevLevels/_GENERATED/emanu/Box_3C366955" 4213
"/Game/DevLevels/_GENERATED/emanu/Box_6CF94CF9" 4214
"/Game/DevLevels/_GENERATED/emanu/Box_6DB7FD2F" 4215
"/Game/DevLevels/_GENERATED/emanu/Box_6DCCBC4E" 4216
"/Game/DevLevels/_GENERATED/emanu/Box_85E650F1" 4217
"/Game/DevLevels/_GENERATED/emanu/Box_A26BE76D" 4218
"/Game/DevLevels/_GENERATED/emanu/Box_AB09B5E9" 4219
"/Game/DevLevels/_GENERATED/emanu/Box_C04A9195" 4220
"/Game/DevLevels/_GENERATED/emanu/Box_C80F82C4" 4221
"/Game/DevLevels/_GENERATED/emanu/Box_ECF546B1" 4222
"/Game/DevLevels/_GENERATED/emanu/Box_EF549F67" 4223
"/Game/DevLevels/_GENERATED/emanu/Box_F4A297C2" 4224
"C:/Users/tazmi/Documents/Unreal Projects/Tandalfs-Tumultuous-Time-Trials/TandalfsTumultuousTT/Content/DevLevels/_GENERATED/emanu/Box3_E626C9E7.uasset" 4225
"C:/Users/tazmi/Documents/Unreal Projects/Tandalfs-Tumultuous-Time-Trials/TandalfsTumultuousTT/Content/DevLevels/_GENERATED/emanu/Box_5CCEC011.uasset" 4226
"C:/Users/tazmi/Documents/Unreal Projects/Tandalfs-Tumultuous-Time-Trials/TandalfsTumultuousTT/Content/DevLevels/_GENERATED/emanu/Box_5D71C07E.uasset" 4227
"../../../Engine/Content/Functions/Engine_MaterialFunctions01/Gradient/LinearGradient.uasset" 4228
"C:/Users/tazmi/Documents/Unreal Projects/Tandalfs-Tumultuous-Time-Trials/TandalfsTumultuousTT/Content/Textures/T_Tiles2M/T_ORM_Tiles2M.uasset" 4229
"../../../Engine/Content/Functions/Engine_MaterialFunctions02/Math/CreateThirdOrthogonalVector.uasset" 4230
"C:/Users/tazmi/Documents/Unreal Projects/Tandalfs-Tumultuous-Time-Trials/TandalfsTumultuousTT/Content/Materials/Mats_WorldAligned/MM_WAlign_TowerWall.uasset" 4231
"C:/Users/tazmi/Documents/Unreal Projects/Tandalfs-Tumultuous-Time-Trials/TandalfsTumultuousTT/Content/DevLevels/_GENERATED/emanu/Boolean_801DDD59.uasset" 4232
"C:/Users/tazmi/Documents/Unreal Projects/Tandalfs-Tumultuous-Time-Trials/TandalfsTumultuousTT/Content/Materials/Mats_WorldAligned/MM_WAlign_Limestone.uasset" 4233
"C:/Users/tazmi/Documents/Unreal Projects/Tandalfs-Tumultuous-Time-Trials/TandalfsTumultuousTT/Content/Textures/T_Tiles2M/T_C_Tiles2M.uasset" 4234
"C:/Users/tazmi/Documents/Unreal Projects/Tandalfs-Tumultuous-Time-Trials/TandalfsTumultuousTT/Content/DevLevels/_GENERATED/emanu/Mirror_A55D3D08.uasset" 4235
"../../../Engine/Content/Functions/Engine_MaterialFunctions01/ImageAdjustment/CheapContrast.uasset" 4236
"../../../Engine/Content/Functions/Engine_MaterialFunctions01/Texturing/WorldAlignedTexture.uasset" 4237
"C:/Users/tazmi/Documents/Unreal Projects/Tandalfs-Tumultuous-Time-Trials/TandalfsTumultuousTT/Content/DevLevels/_GENERATED/emanu/Mirror_7AD99ACD.uasset" 4238
"../../../Engine/Content/Functions/Engine_MaterialFunctions02/WorldAlignedNormals_HighQuality.uasset" 4239
"C:/Users/tazmi/Documents/Unreal Projects/Tandalfs-Tumultuous-Time-Trials/TandalfsTumultuousTT/Content/DevLevels/_GENERATED/emanu/Mirror_944D440C.uasset" 4240
"../../../Engine/Content/EngineMaterials/DefaultNormal_Uncompressed.uasset" 4241
"C:/Users/tazmi/Documents/Unreal Projects/Tandalfs-Tumultuous-Time-Trials/TandalfsTumultuousTT/Content/DevLevels/_GENERATED/emanu/Mirror_7A4B9F4B.uasset" 4242
"C:/Users/tazmi/Documents/Unreal Projects/Tandalfs-Tumultuous-Time-Trials/TandalfsTumultuousTT/Content/DevLevels/_GENERATED/emanu/Box2_C1ACB86F.uasset" 4243
"C:/Users/tazmi/Documents/Unreal Projects/Tandalfs-Tumultuous-Time-Trials/TandalfsTumultuousTT/Content/DevLevels/_GENERATED/emanu/Mirror_AFBB3D04.uasset" 4244
"C:/Users/tazmi/Documents/Unreal Projects/Tandalfs-Tumultuous-Time-Trials/TandalfsTumultuousTT/Content/DevLevels/_GENERATED/emanu/Boolean_CA05B986.uasset" 4245
"C:/Users/tazmi/Documents/Unreal Projects/Tandalfs-Tumultuous-Time-Trials/TandalfsTumultuousTT/Content/DevLevels/_GENERATED/emanu/Stairs_4A9941D0.uasset" 4246
"C:/Users/tazmi/Documents/Unreal Projects/Tandalfs-Tumultuous-Time-Trials/TandalfsTumultuousTT/Content/Textures/T_Tiles2M/T_N_Tiles2M.uasset" 4247
"C:/Users/tazmi/Documents/Unreal Projects/Tandalfs-Tumultuous-Time-Trials/TandalfsTumultuousTT/Content/DevLevels/_GENERATED/emanu/Mirror_20D09CED.uasset" 4248
"C:/Users/tazmi/Documents/Unreal Projects/Tandalfs-Tumultuous-Time-Trials/TandalfsTumultuousTT/Content/DevLevels/_GENERATED/emanu/Mirror_6E084E33.uasset" 4249
"C:/Users/tazmi/Documents/Unreal Projects/Tandalfs-Tumultuous-Time-Trials/TandalfsTumultuousTT/Content/DevLevels/_GENERATED/emanu/Stairs_94900EAD.uasset" 4250
"../../../Engine/Content/Functions/Engine_MaterialFunctions01/Texturing/WorldAlignedNormal.uasset" 4251
"C:/Users/tazmi/Documents/Unreal Projects/Tandalfs-Tumultuous-Time-Trials/TandalfsTumultuousTT/Content/DevLevels/_GENERATED/emanu/Boolean_228A2F46.uasset" 4252
"C:/Users/tazmi/Documents/Unreal Projects/Tandalfs-Tumultuous-Time-Trials/TandalfsTumultuousTT/Content/DevLevels/_GENERATED/emanu/Stairs4_ADF2B5F1.uasset" 4253
"C:/Users/tazmi/Documents/Unreal Projects/Tandalfs-Tumultuous-Time-Trials/TandalfsTumultuousTT/Content/DevLevels/_GENERATED/emanu/Mirror_F6F053D9.uasset" 4254
"C:/Users/tazmi/Documents/Unreal Projects/Tandalfs-Tumultuous-Time-Trials/TandalfsTumultuousTT/Content/DevLevels/_GENERATED/emanu/Mirror_A710A506.uasset" 4255
"C:/Users/tazmi/Documents/Unreal Projects/Tandalfs-Tumultuous-Time-Trials/TandalfsTumultuousTT/Content/DevLevels/_GENERATED/emanu/Mirror_CF32DBEB.uasset" 4256
"/Game/Textures/T_Tiles2M/T_ORM_Tiles2M" 4257
"/Game/Textures/T_Tiles2M/T_N_Tiles2M" 4258
"/Game/Textures/T_Tiles2M/T_C_Tiles2M" 4259
"/Game/Materials/Mats_WorldAligned/MM_WAlign_TowerWall" 4260
"/Game/Materials/Mats_WorldAligned/MM_WAlign_Limestone" 4261
"/Game/DevLevels/_GENERATED/emanu/Stairs_94900EAD" 4262
"/Game/DevLevels/_GENERATED/emanu/Stairs_4A9941D0" 4263
"/Game/DevLevels/_GENERATED/emanu/Stairs4_ADF2B5F1" 4264
"/Game/DevLevels/_GENERATED/emanu/Mirror_F6F053D9" 4265
"/Game/DevLevels/_GENERATED/emanu/Mirror_CF32DBEB" 4266
"/Game/DevLevels/_GENERATED/emanu/Mirror_AFBB3D04" 4267
"/Game/DevLevels/_GENERATED/emanu/Mirror_A710A506" 4268
"/Game/DevLevels/_GENERATED/emanu/Mirror_A55D3D08" 4269
"/Game/DevLevels/_GENERATED/emanu/Mirror_944D440C" 4270
"/Game/DevLevels/_GENERATED/emanu/Mirror_7AD99ACD" 4271
"/Game/DevLevels/_GENERATED/emanu/Mirror_7A4B9F4B" 4272
"/Game/DevLevels/_GENERATED/emanu/Mirror_6E084E33" 4273
"/Game/DevLevels/_GENERATED/emanu/Mirror_20D09CED" 4274
"/Game/DevLevels/_GENERATED/emanu/Boolean_228A2F46" 4275
"/Game/DevLevels/_GENERATED/emanu/Boolean_801DDD59" 4276
"/Game/DevLevels/_GENERATED/emanu/Boolean_CA05B986" 4277
"/Game/DevLevels/_GENERATED/emanu/Box2_C1ACB86F" 4278
"/Game/DevLevels/_GENERATED/emanu/Box3_E626C9E7" 4279
"/Game/DevLevels/_GENERATED/emanu/Box_5CCEC011" 4280
"/Game/DevLevels/_GENERATED/emanu/Box_5D71C07E" 4281
"C:/Users/tazmi/Documents/Unreal Projects/Tandalfs-Tumultuous-Time-Trials/TandalfsTumultuousTT/Content/StarterContent/Textures/T_Ground_Grass_D.uasset" 4282
"C:/Users/tazmi/Documents/Unreal Projects/Tandalfs-Tumultuous-Time-Trials/TandalfsTumultuousTT/Content/StarterContent/Materials/M_Ground_Grass.uasset" 4283
"C:/Users/tazmi/Documents/Unreal Projects/Tandalfs-Tumultuous-Time-Trials/TandalfsTumultuousTT/Content/Materials/RoofMaterials/MM_Tiles2M.uasset" 4284
"C:/Users/tazmi/Documents/Unreal Projects/Tandalfs-Tumultuous-Time-Trials/TandalfsTumultuousTT/Content/Textures/T_Pillar/t_n_pillar.uasset" 4285
"C:/Users/tazmi/Documents/Unreal Projects/Tandalfs-Tumultuous-Time-Trials/TandalfsTumultuousTT/Content/Prefabs/EndLogic/Manag3r.uasset" 4286
"C:/Users/tazmi/Documents/Unreal Projects/Tandalfs-Tumultuous-Time-Trials/TandalfsTumultuousTT/Content/Materials/MM_Pillar.uasset" 4287
"C:/Users/tazmi/Documents/Unreal Projects/Tandalfs-Tumultuous-Time-Trials/TandalfsTumultuousTT/Content/_GENERATED/emanu/Box_A2A682DD.uasset" 4288
"C:/Users/tazmi/Documents/Unreal Projects/Tandalfs-Tumultuous-Time-Trials/TandalfsTumultuousTT/Content/Models/Gen_Modulars/Tiles2M.uasset" 4289
"C:/Users/tazmi/Documents/Unreal Projects/Tandalfs-Tumultuous-Time-Trials/TandalfsTumultuousTT/Content/_GENERATED/emanu/EntranceFloor.uasset" 4290
"C:/Users/tazmi/Documents/Unreal Projects/Tandalfs-Tumultuous-Time-Trials/TandalfsTumultuousTT/Content/_GENERATED/emanu/Box_9B9EA562.uasset" 4291
"C:/Users/tazmi/Documents/Unreal Projects/Tandalfs-Tumultuous-Time-Trials/TandalfsTumultuousTT/Content/Textures/T_Bookcase/t_orm_bookcase.uasset" 4292
"C:/Users/tazmi/Documents/Unreal Projects/Tandalfs-Tumultuous-Time-Trials/TandalfsTumultuousTT/Content/Textures/T_Pillar/t_c_pillar.uasset" 4293
"C:/Users/tazmi/Documents/Unreal Projects/Tandalfs-Tumultuous-Time-Trials/TandalfsTumultuousTT/Content/Textures/T_Bookcase/t_n_bookcase.uasset" 4294
"C:/Users/tazmi/Documents/Unreal Projects/Tandalfs-Tumultuous-Time-Trials/TandalfsTumultuousTT/Content/_GENERATED/emanu/Box_5D6E542A.uasset" 4295
"C:/Users/tazmi/Documents/Unreal Projects/Tandalfs-Tumultuous-Time-Trials/TandalfsTumultuousTT/Content/_GENERATED/emanu/Box_FB617F34.uasset" 4296
"C:/Users/tazmi/Documents/Unreal Projects/Tandalfs-Tumultuous-Time-Trials/TandalfsTumultuousTT/Content/Prefabs/EndLogic/Resme.uasset" 4297
"C:/Users/tazmi/Documents/Unreal Projects/Tandalfs-Tumultuous-Time-Trials/TandalfsTumultuousTT/Content/_GENERATED/emanu/Stairs_6D52726F.uasset" 4298
"C:/Users/tazmi/Documents/Unreal Projects/Tandalfs-Tumultuous-Time-Trials/TandalfsTumultuousTT/Content/Prefabs/EndLogic/Alexandria.uasset" 4299
"C:/Users/tazmi/Documents/Unreal Projects/Tandalfs-Tumultuous-Time-Trials/TandalfsTumultuousTT/Content/Materials/MM_Scroll.uasset" 4300
"C:/Users/tazmi/Documents/Unreal Projects/Tandalfs-Tumultuous-Time-Trials/TandalfsTumultuousTT/Content/Textures/T_Scroll_Shelf/t_c_scroll_shelf.uasset" 4301
"C:/Users/tazmi/Documents/Unreal Projects/Tandalfs-Tumultuous-Time-Trials/TandalfsTumultuousTT/Content/Textures/T_Bookcase/t_c_bookcase.uasset" 4302
"C:/Users/tazmi/Documents/Unreal Projects/Tandalfs-Tumultuous-Time-Trials/TandalfsTumultuousTT/Content/StarterContent/Textures/T_Ground_Grass_N.uasset" 4303
"C:/Users/tazmi/Documents/Unreal Projects/Tandalfs-Tumultuous-Time-Trials/TandalfsTumultuousTT/Content/StarterContent/Textures/T_MacroVariation.uasset" 4304
"C:/Users/tazmi/Documents/Unreal Projects/Tandalfs-Tumultuous-Time-Trials/TandalfsTumultuousTT/Content/Materials/MM_Bookcase.uasset" 4305
"C:/Users/tazmi/Documents/Unreal Projects/Tandalfs-Tumultuous-Time-Trials/TandalfsTumultuousTT/Content/Textures/T_Pillar/t_orm_pillar.uasset" 4306
"C:/Users/tazmi/Documents/Unreal Projects/Tandalfs-Tumultuous-Time-Trials/TandalfsTumultuousTT/Content/Models/LVL1_LibraryModels/Scroll.uasset" 4307
"C:/Users/tazmi/Documents/Unreal Projects/Tandalfs-Tumultuous-Time-Trials/TandalfsTumultuousTT/Content/Prefabs/EndLogic/AlexandriaWin.uasset" 4308
"C:/Users/tazmi/Documents/Unreal Projects/Tandalfs-Tumultuous-Time-Trials/TandalfsTumultuousTT/Content/Textures/T_Scroll/t_c_scroll.uasset" 4309
"C:/Users/tazmi/Documents/Unreal Projects/Tandalfs-Tumultuous-Time-Trials/TandalfsTumultuousTT/Content/Textures/T_Scroll/t_n_scroll.uasset" 4310
"C:/Users/tazmi/Documents/Unreal Projects/Tandalfs-Tumultuous-Time-Trials/TandalfsTumultuousTT/Content/Models/LVL1_LibraryModels/Stair6M.uasset" 4311
"C:/Users/tazmi/Documents/Unreal Projects/Tandalfs-Tumultuous-Time-Trials/TandalfsTumultuousTT/Content/Prefabs/EndLogic/AlexandriaFire.uasset" 4312
"C:/Users/tazmi/Documents/Unreal Projects/Tandalfs-Tumultuous-Time-Trials/TandalfsTumultuousTT/Content/Textures/T_Scroll/t_orm_scroll.uasset" 4313
"/Game/Textures/T_Scroll_Shelf/t_c_scroll_shelf" 4314
"/Game/Materials/MM_Scroll" 4315
"/Game/Materials/MM_Pillar" 4316
"/Game/Materials/MM_Bookcase" 4317
"/Game/Prefabs/EndLogic/AlexandriaFire" 4318
"/Game/_GENERATED/emanu/Stairs_6D52726F" 4319
"/Game/_GENERATED/emanu/EntranceFloor" 4320
"/Game/_GENERATED/emanu/Box_FB617F34" 4321
"/Game/_GENERATED/emanu/Box_A2A682DD" 4322
"/Game/_GENERATED/emanu/Box_9B9EA562" 4323
"/Game/_GENERATED/emanu/Box_5D6E542A" 4324
"/Game/StarterContent/Materials/M_Ground_Grass" 4325
"/Game/Models/LVL1_LibraryModels/Stair6M" 4326
"/Game/Models/Gen_Modulars/Tiles2M" 4327
"/Game/Materials/RoofMaterials/MM_Tiles2M" 4328
"C:/Users/tazmi/Documents/Unreal Projects/Tandalfs-Tumultuous-Time-Trials/TandalfsTumultuousTT/Content/Textures/T_Scroll_Shelf/t_n_scroll_shelf.uasset" 4329
"C:/Users/tazmi/Documents/Unreal Projects/Tandalfs-Tumultuous-Time-Trials/TandalfsTumultuousTT/Content/Models/LVL1_LibraryModels/bookcase.uasset" 4330
"C:/Users/tazmi/Documents/Unreal Projects/Tandalfs-Tumultuous-Time-Trials/TandalfsTumultuousTT/Content/Audio/cutscene_sound.uasset" 4331
"C:/Users/tazmi/Documents/Unreal Projects/Tandalfs-Tumultuous-Time-Trials/TandalfsTumultuousTT/Content/Models/LVL1_LibraryModels/ScrollShelf.uasset" 4332
"C:/Users/tazmi/Documents/Unreal Projects/Tandalfs-Tumultuous-Time-Trials/TandalfsTumultuousTT/Content/Models/Gen_Modulars/ModularWall.uasset" 4333
"C:/Users/tazmi/Documents/Unreal Projects/Tandalfs-Tumultuous-Time-Trials/TandalfsTumultuousTT/Content/Materials/MM_Scroll_Shelf.uasset" 4334
"C:/Users/tazmi/Documents/Unreal Projects/Tandalfs-Tumultuous-Time-Trials/TandalfsTumultuousTT/Content/Audio/Alexandria__E_Maj__120_BPM.uasset" 4335
"C:/Users/tazmi/Documents/Unreal Projects/Tandalfs-Tumultuous-Time-Trials/TandalfsTumultuousTT/Content/Textures/T_Boulder/T_C_Boulder.uasset" 4336
"C:/Users/tazmi/Documents/Unreal Projects/Tandalfs-Tumultuous-Time-Trials/TandalfsTumultuousTT/Content/Textures/T_Boulder/T_ORM_Boulder.uasset" 4337
"C:/Users/tazmi/Documents/Unreal Projects/Tandalfs-Tumultuous-Time-Trials/TandalfsTumultuousTT/Content/Models/LVL3_PompeiiModels/Boulder_low.uasset" 4338
"C:/Users/tazmi/Documents/Unreal Projects/Tandalfs-Tumultuous-Time-Trials/TandalfsTumultuousTT/Content/Prefabs/Obstacles/BP_OutRubble.uasset" 4339
"C:/Users/tazmi/Documents/Unreal Projects/Tandalfs-Tumultuous-Time-Trials/TandalfsTumultuousTT/Content/StarterContent/Materials/M_Basic_Wall.uasset" 4340
"C:/Users/tazmi/Documents/Unreal Projects/Tandalfs-Tumultuous-Time-Trials/TandalfsTumultuousTT/Content/Textures/T_Scroll_Shelf/t_orm_scroll_shelf.uasset" 4341
"C:/Users/tazmi/Documents/Unreal Projects/Tandalfs-Tumultuous-Time-Trials/TandalfsTumultuousTT/Content/Prefabs/FallPlatform.uasset" 4342
"../../../Engine/Content/EngineSky/M_SimpleSkyDome.uasset" 4343
"C:/Users/tazmi/Documents/Unreal Projects/Tandalfs-Tumultuous-Time-Trials/TandalfsTumultuousTT/Content/Textures/T_Rock1/T_N_Rock1.uasset" 4344
"C:/Users/tazmi/Documents/Unreal Projects/Tandalfs-Tumultuous-Time-Trials/TandalfsTumultuousTT/Content/Textures/T_QuickRocks/T_C_QuickRocks.uasset" 4345
"C:/Users/tazmi/Documents/Unreal Projects/Tandalfs-Tumultuous-Time-Trials/TandalfsTumultuousTT/Content/Textures/T_QuickRocks/T_ORM_QuickRocks.uasset" 4346
"C:/Users/tazmi/Documents/Unreal Projects/Tandalfs-Tumultuous-Time-Trials/TandalfsTumultuousTT/Content/Textures/T_Rock1/T_C_Rock1.uasset" 4347
"C:/Users/tazmi/Documents/Unreal Projects/Tandalfs-Tumultuous-Time-Trials/TandalfsTumultuousTT/Content/Prefabs/Obstacles/BP_Boulder.uasset" 4348
"C:/Users/tazmi/Documents/Unreal Projects/Tandalfs-Tumultuous-Time-Trials/TandalfsTumultuousTT/Content/Models/Gen_Modulars/Pillar2.uasset" 4349
"C:/Users/tazmi/Documents/Unreal Projects/Tandalfs-Tumultuous-Time-Trials/TandalfsTumultuousTT/Content/Prefabs/EndLogic/BP_DeathBarrier.uasset" 4350
"C:/Users/tazmi/Documents/Unreal Projects/Tandalfs-Tumultuous-Time-Trials/TandalfsTumultuousTT/Content/Prefabs/Obstacles/BP_BoulderTrigger.uasset" 4351
"C:/Users/tazmi/Documents/Unreal Projects/Tandalfs-Tumultuous-Time-Trials/TandalfsTumultuousTT/Content/Textures/T_Rock1/T_ORM_Rock1.uasset" 4352
"C:/Users/tazmi/Documents/Unreal Projects/Tandalfs-Tumultuous-Time-Trials/TandalfsTumultuousTT/Content/StarterContent/Shapes/Shape_Cube.uasset" 4353
"C:/Users/tazmi/Documents/Unreal Projects/Tandalfs-Tumultuous-Time-Trials/TandalfsTumultuousTT/Content/Textures/T_QuickRocks/T_N_QuickRocks.uasset" 4354
"C:/Users/tazmi/Documents/Unreal Projects/Tandalfs-Tumultuous-Time-Trials/TandalfsTumultuousTT/Content/DevLevels/Manny_Alexandria.umap" 4355
"C:/Users/tazmi/Documents/Unreal Projects/Tandalfs-Tumultuous-Time-Trials/TandalfsTumultuousTT/Content/Materials/MM_Boulder.uasset" 4356
"C:/Users/tazmi/Documents/Unreal Projects/Tandalfs-Tumultuous-Time-Trials/TandalfsTumultuousTT/Content/Textures/T_Boulder/T_N_Boulder.uasset" 4357
"C:/Users/tazmi/Documents/Unreal Projects/Tandalfs-Tumultuous-Time-Trials/TandalfsTumultuousTT/Content/StarterContent/Shapes/Shape_Cylinder.uasset" 4358
"C:/Users/tazmi/Documents/Unreal Projects/Tandalfs-Tumultuous-Time-Trials/TandalfsTumultuousTT/Content/Prefabs/EndLogic/Teleport2Interior.uasset" 4359
"C:/Users/tazmi/Documents/Unreal Projects/Tandalfs-Tumultuous-Time-Trials/TandalfsTumultuousTT/Content/Materials/MM_QuickRocks.uasset" 4360
"/Game/Textures/T_Rock1/T_C_Rock1" 4361
"/Game/Textures/T_Rock1/T_N_Rock1" 4362
"/Game/Textures/T_Rock1/T_ORM_Rock1" 4363
"/Game/StarterContent/Shapes/Shape_Cube" 4364
"/Game/Prefabs/FallPlatform" 4365
"/Game/Prefabs/EndLogic/BP_DeathBarrier" 4366
"/Game/Prefabs/Obstacles/BP_OutRubble" 4367
"../../../../../../Users/tazmi/Documents/Unreal Projects/Tandalfs-Tumultuous-Time-Trials/TandalfsTumultuousTT/Content/Materials/MM_Rock1.uasset" 4368
"../../../../../../Users/tazmi/Documents/Unreal Projects/Tandalfs-Tumultuous-Time-Trials/TandalfsTumultuousTT/Content/Models/LVL3_PompeiiModels/Rock1.uasset" 4369
"/Game/Prefabs/Obstacles/BP_BoulderTrigger" 4370
"/Game/Prefabs/EndLogic/Teleport2Interior" 4371
"/Game/DevLevels/Manny_Alexandria" 4372
"../../../../../../Users/tazmi/Documents/Unreal Projects/Tandalfs-Tumultuous-Time-Trials/TandalfsTumultuousTT/Content/DevLevels/Manny_Alexandria.umap" 4373
"C:/Users/tazmi/Documents/Unreal Projects/Tandalfs-Tumultuous-Time-Trials/TandalfsTumultuousTT/Content/Prefabs/Obstacles/FallPlatformflat.uasset" 4374
"C:/Users/tazmi/Documents/Unreal Projects/Tandalfs-Tumultuous-Time-Trials/TandalfsTumultuousTT/Content/Audio/lava.uasset" 4375
"C:/Users/tazmi/Documents/Unreal Projects/Tandalfs-Tumultuous-Time-Trials/TandalfsTumultuousTT/Content/Audio/Pompeii__F_Min__162_BPM_2_.uasset" 4376
"C:/Users/tazmi/Documents/Unreal Projects/Tandalfs-Tumultuous-Time-Trials/TandalfsTumultuousTT/Content/Models/Gen_Modulars/Stalactite1.uasset" 4377
"C:/Users/tazmi/Documents/Unreal Projects/Tandalfs-Tumultuous-Time-Trials/TandalfsTumultuousTT/Content/Models/Gen_Modulars/Stalactites.uasset" 4378
"C:/Users/tazmi/Documents/Unreal Projects/Tandalfs-Tumultuous-Time-Trials/TandalfsTumultuousTT/Content/Textures/T_Bomb/t_c_bomb.uasset" 4379
"C:/Users/tazmi/Documents/Unreal Projects/Tandalfs-Tumultuous-Time-Trials/TandalfsTumultuousTT/Content/Materials/MM_Stalactite_Sing.uasset" 4380
"C:/Users/tazmi/Documents/Unreal Projects/Tandalfs-Tumultuous-Time-Trials/TandalfsTumultuousTT/Content/Textures/T_Stalactite_Multi/t_n_stalactite_multi.uasset" 4381
"C:/Users/tazmi/Documents/Unreal Projects/Tandalfs-Tumultuous-Time-Trials/TandalfsTumultuousTT/Content/Prefabs/EndLogic/PompeiiWin.uasset" 4382
"C:/Users/tazmi/Documents/Unreal Projects/Tandalfs-Tumultuous-Time-Trials/TandalfsTumultuousTT/Content/Textures/T_Bomb/t_c_bomb_Mat.uasset" 4383
"C:/Users/tazmi/Documents/Unreal Projects/Tandalfs-Tumultuous-Time-Trials/TandalfsTumultuousTT/Content/Textures/T_Stalactite_Sing/t_n_stalactite_sing.uasset" 4384
"C:/Users/tazmi/Documents/Unreal Projects/Tandalfs-Tumultuous-Time-Trials/TandalfsTumultuousTT/Content/Textures/T_Stalactite_Sing/t_orm_stalactite_sing.uasset" 4385
"C:/Users/tazmi/Documents/Unreal Projects/Tandalfs-Tumultuous-Time-Trials/TandalfsTumultuousTT/Content/Materials/FountainMaterials/MM_Fountain_Water.uasset" 4386
"C:/Users/tazmi/Documents/Unreal Projects/Tandalfs-Tumultuous-Time-Trials/TandalfsTumultuousTT/Content/Textures/T_Fountain/t_n_fountain_water.uasset" 4387
"C:/Users/tazmi/Documents/Unreal Projects/Tandalfs-Tumultuous-Time-Trials/TandalfsTumultuousTT/Content/DevLevels/_GENERATED/drewn/CubeGridToolOutput_18E66423.uasset" 4388
"C:/Users/tazmi/Documents/Unreal Projects/Tandalfs-Tumultuous-Time-Trials/TandalfsTumultuousTT/Content/DevLevels/_GENERATED/drewn/Stairs_B405EB04.uasset" 4389
"C:/Users/tazmi/Documents/Unreal Projects/Tandalfs-Tumultuous-Time-Trials/TandalfsTumultuousTT/Content/DevLevels/Dylan_Pompei.umap" 4390
"C:/Users/tazmi/Documents/Unreal Projects/Tandalfs-Tumultuous-Time-Trials/TandalfsTumultuousTT/Content/Textures/T_Stalactite_Sing/t_c_stalactite_sing.uasset" 4391
"C:/Users/tazmi/Documents/Unreal Projects/Tandalfs-Tumultuous-Time-Trials/TandalfsTumultuousTT/Content/Prefabs/EndLogic/BP_EndGame.uasset" 4392
"C:/Users/tazmi/Documents/Unreal Projects/Tandalfs-Tumultuous-Time-Trials/TandalfsTumultuousTT/Content/DevLevels/Dylan_Pompei_Interior.umap" 4393
"C:/Users/tazmi/Documents/Unreal Projects/Tandalfs-Tumultuous-Time-Trials/TandalfsTumultuousTT/Content/Prefabs/EndLogic/Pompeii.uasset" 4394
"C:/Users/tazmi/Documents/Unreal Projects/Tandalfs-Tumultuous-Time-Trials/TandalfsTumultuousTT/Content/Textures/T_Fountain/t_n_waterfall.uasset" 4395
"C:/Users/tazmi/Documents/Unreal Projects/Tandalfs-Tumultuous-Time-Trials/TandalfsTumultuousTT/Content/Materials/FountainMaterials/MM_WaterFall.uasset" 4396
"C:/Users/tazmi/Documents/Unreal Projects/Tandalfs-Tumultuous-Time-Trials/TandalfsTumultuousTT/Content/Textures/T_Stalactite_Multi/t_orm_stalactite_multi.uasset" 4397
"C:/Users/tazmi/Documents/Unreal Projects/Tandalfs-Tumultuous-Time-Trials/TandalfsTumultuousTT/Content/Prefabs/Obstacles/BP_Invis_Barrier.uasset" 4398
"C:/Users/tazmi/Documents/Unreal Projects/Tandalfs-Tumultuous-Time-Trials/TandalfsTumultuousTT/Content/Textures/T_Stalactite_Multi/t_c_stalactites_multi.uasset" 4399
"C:/Users/tazmi/Documents/Unreal Projects/Tandalfs-Tumultuous-Time-Trials/TandalfsTumultuousTT/Content/Models/Gen_Modulars/Stalactite3.uasset" 4400
"C:/Users/tazmi/Documents/Unreal Projects/Tandalfs-Tumultuous-Time-Trials/TandalfsTumultuousTT/Content/Prefabs/Obstacles/button.uasset" 4401
"C:/Users/tazmi/Documents/Unreal Projects/Tandalfs-Tumultuous-Time-Trials/TandalfsTumultuousTT/Content/DevLevels/_GENERATED/drewn/CubeGridToolOutput_071F5140.uasset" 4402
"C:/Users/tazmi/Documents/Unreal Projects/Tandalfs-Tumultuous-Time-Trials/TandalfsTumultuousTT/Content/Models/LVL3_PompeiiModels/bomb.uasset" 4403
"C:/Users/tazmi/Documents/Unreal Projects/Tandalfs-Tumultuous-Time-Trials/TandalfsTumultuousTT/Content/Prefabs/Obstacles/BP_rubble.uasset" 4404
"C:/Users/tazmi/Documents/Unreal Projects/Tandalfs-Tumultuous-Time-Trials/TandalfsTumultuousTT/Content/Materials/MM_Stalactite_Multi.uasset" 4405
"/Game/Materials/FountainMaterials/MM_Fountain_Water" 4406
"/Game/DevLevels/_GENERATED/drewn/CubeGridToolOutput_071F5140" 4407
"/Game/DevLevels/_GENERATED/drewn/CubeGridToolOutput_18E66423" 4408
"/Game/DevLevels/_GENERATED/drewn/Stairs_B405EB04" 4409
"/Game/Materials/FountainMaterials/MM_WaterFall" 4410
"/Game/DevLevels/Dylan_Pompei_Interior" 4411
"../../../../../../Users/tazmi/Documents/Unreal Projects/Tandalfs-Tumultuous-Time-Trials/TandalfsTumultuousTT/Content/DevLevels/Dylan_Pompei_Interior.umap" 4412
"/Game/DevLevels/Dylan_Pompei" 4413
"../../../../../../Users/tazmi/Documents/Unreal Projects/Tandalfs-Tumultuous-Time-Trials/TandalfsTumultuousTT/Content/DevLevels/Dylan_Pompei.umap" 4414
"C:/Users/tazmi/Documents/Unreal Projects/Tandalfs-Tumultuous-Time-Trials/TandalfsTumultuousTT/Content/Characters/lambert10.uasset" 4415
"C:/Users/tazmi/Documents/Unreal Projects/Tandalfs-Tumultuous-Time-Trials/TandalfsTumultuousTT/Content/Textures/T_Tiles1M/T_C_Tiles1M.uasset" 4416
"C:/Users/tazmi/Documents/Unreal Projects/Tandalfs-Tumultuous-Time-Trials/TandalfsTumultuousTT/Content/Models/LVL2_CaesarModels/CaesarStairs.uasset" 4417
"C:/Users/tazmi/Documents/Unreal Projects/Tandalfs-Tumultuous-Time-Trials/TandalfsTumultuousTT/Content/Textures/T_Tiles1M/T_ORM_Tiles1M.uasset" 4418
"C:/Users/tazmi/Documents/Unreal Projects/Tandalfs-Tumultuous-Time-Trials/TandalfsTumultuousTT/Content/Characters/lambert11.uasset" 4419
"C:/Users/tazmi/Documents/Unreal Projects/Tandalfs-Tumultuous-Time-Trials/TandalfsTumultuousTT/Content/Textures/T_Tiles1M/T_N_Tiles1M.uasset" 4420
"C:/Users/tazmi/Documents/Unreal Projects/Tandalfs-Tumultuous-Time-Trials/TandalfsTumultuousTT/Content/Prefabs/EndLogic/Ceaser.uasset" 4421
"C:/Users/tazmi/Documents/Unreal Projects/Tandalfs-Tumultuous-Time-Trials/TandalfsTumultuousTT/Content/Characters/lambert5.uasset" 4422
"C:/Users/tazmi/Documents/Unreal Projects/Tandalfs-Tumultuous-Time-Trials/TandalfsTumultuousTT/Content/Textures/T_StoneFloor/T_N_StoneFloor.uasset" 4423
"C:/Users/tazmi/Documents/Unreal Projects/Tandalfs-Tumultuous-Time-Trials/TandalfsTumultuousTT/Content/Characters/face1.uasset" 4424
"C:/Users/tazmi/Documents/Unreal Projects/Tandalfs-Tumultuous-Time-Trials/TandalfsTumultuousTT/Content/Textures/T_Tree/t_c_tree_leaves.uasset" 4425
"C:/Users/tazmi/Documents/Unreal Projects/Tandalfs-Tumultuous-Time-Trials/TandalfsTumultuousTT/Content/Textures/T_Tree/t_orm_tree_leaves.uasset" 4426
"C:/Users/tazmi/Documents/Unreal Projects/Tandalfs-Tumultuous-Time-Trials/TandalfsTumultuousTT/Content/Models/Gen_Modulars/ModularFloor.uasset" 4427
"C:/Users/tazmi/Documents/Unreal Projects/Tandalfs-Tumultuous-Time-Trials/TandalfsTumultuousTT/Content/Materials/MM_Tree_Trunk.uasset" 4428
"C:/Users/tazmi/Documents/Unreal Projects/Tandalfs-Tumultuous-Time-Trials/TandalfsTumultuousTT/Content/Textures/T_Tree/t_c_tree_trunk.uasset" 4429
"C:/Users/tazmi/Documents/Unreal Projects/Tandalfs-Tumultuous-Time-Trials/TandalfsTumultuousTT/Content/Textures/T_StoneFloor/T_ORM_StoneFloor.uasset" 4430
"C:/Users/tazmi/Documents/Unreal Projects/Tandalfs-Tumultuous-Time-Trials/TandalfsTumultuousTT/Content/Materials/MM_Tree_Leaves.uasset" 4431
"C:/Users/tazmi/Documents/Unreal Projects/Tandalfs-Tumultuous-Time-Trials/TandalfsTumultuousTT/Content/Prefabs/Barier.uasset" 4432
"C:/Users/tazmi/Documents/Unreal Projects/Tandalfs-Tumultuous-Time-Trials/TandalfsTumultuousTT/Content/Materials/RoofMaterials/MM_Tiles1M.uasset" 4433
"C:/Users/tazmi/Documents/Unreal Projects/Tandalfs-Tumultuous-Time-Trials/TandalfsTumultuousTT/Content/Textures/T_Tree/t_n_tree_leaves.uasset" 4434
"C:/Users/tazmi/Documents/Unreal Projects/Tandalfs-Tumultuous-Time-Trials/TandalfsTumultuousTT/Content/Prefabs/EndLogic/CeaserWin.uasset" 4435
"C:/Users/tazmi/Documents/Unreal Projects/Tandalfs-Tumultuous-Time-Trials/TandalfsTumultuousTT/Content/Models/Gen_Modulars/tree.uasset" 4436
"C:/Users/tazmi/Documents/Unreal Projects/Tandalfs-Tumultuous-Time-Trials/TandalfsTumultuousTT/Content/Materials/MM_StoneFloor.uasset" 4437
"C:/Users/tazmi/Documents/Unreal Projects/Tandalfs-Tumultuous-Time-Trials/TandalfsTumultuousTT/Content/Textures/T_Tree/t_n_tree_trunk.uasset" 4438
"C:/Users/tazmi/Documents/Unreal Projects/Tandalfs-Tumultuous-Time-Trials/TandalfsTumultuousTT/Content/Textures/T_StoneFloor/T_C_StoneFloor.uasset" 4439
"C:/Users/tazmi/Documents/Unreal Projects/Tandalfs-Tumultuous-Time-Trials/TandalfsTumultuousTT/Content/Characters/skin1.uasset" 4440
"C:/Users/tazmi/Documents/Unreal Projects/Tandalfs-Tumultuous-Time-Trials/TandalfsTumultuousTT/Content/Characters/lambert7.uasset" 4441
"C:/Users/tazmi/Documents/Unreal Projects/Tandalfs-Tumultuous-Time-Trials/TandalfsTumultuousTT/Content/Characters/SKM_caesarwithlaurels.uasset" 4442
"C:/Users/tazmi/Documents/Unreal Projects/Tandalfs-Tumultuous-Time-Trials/TandalfsTumultuousTT/Content/Characters/eyes1.uasset" 4443
"C:/Users/tazmi/Documents/Unreal Projects/Tandalfs-Tumultuous-Time-Trials/TandalfsTumultuousTT/Content/Models/Gen_Modulars/Tiles1M.uasset" 4444
"C:/Users/tazmi/Documents/Unreal Projects/Tandalfs-Tumultuous-Time-Trials/TandalfsTumultuousTT/Content/Prefabs/BPI_Elevator.uasset" 4445
"C:/Users/tazmi/Documents/Unreal Projects/Tandalfs-Tumultuous-Time-Trials/TandalfsTumultuousTT/Content/Prefabs/EndLogic/CeaserDeath.uasset" 4446
"/Game/Prefabs/BPI_Elevator" 4447
"../../../../../../Users/tazmi/Documents/Unreal Projects/Tandalfs-Tumultuous-Time-Trials/TandalfsTumultuousTT/Content/Models/Gen_Modulars/elevator.uasset" 4448
"../../../../../../Users/tazmi/Documents/Unreal Projects/Tandalfs-Tumultuous-Time-Trials/TandalfsTumultuousTT/Content/Models/Gen_Modulars/laver_handle.uasset" 4449
"../../../../../../Users/tazmi/Documents/Unreal Projects/Tandalfs-Tumultuous-Time-Trials/TandalfsTumultuousTT/Content/Models/Gen_Modulars/lever_rotator.uasset" 4450
"../../../../../../Users/tazmi/Documents/Unreal Projects/Tandalfs-Tumultuous-Time-Trials/TandalfsTumultuousTT/Content/Materials/MM_Elevator.uasset" 4451
"../../../../../../Users/tazmi/Documents/Unreal Projects/Tandalfs-Tumultuous-Time-Trials/TandalfsTumultuousTT/Content/Materials/MM_Lever_Handle.uasset" 4452
"../../../../../../Users/tazmi/Documents/Unreal Projects/Tandalfs-Tumultuous-Time-Trials/TandalfsTumultuousTT/Content/Materials/MM_Lever_Rotator.uasset" 4453
"../../../../../../Users/tazmi/Documents/Unreal Projects/Tandalfs-Tumultuous-Time-Trials/TandalfsTumultuousTT/Content/Textures/T_Elevator/t_c_elevator.uasset" 4454
"../../../../../../Users/tazmi/Documents/Unreal Projects/Tandalfs-Tumultuous-Time-Trials/TandalfsTumultuousTT/Content/Textures/T_Elevator/t_n_elevator.uasset" 4455
"../../../../../../Users/tazmi/Documents/Unreal Projects/Tandalfs-Tumultuous-Time-Trials/TandalfsTumultuousTT/Content/Textures/T_Elevator/t_orm_elevator.uasset" 4456
"../../../../../../Users/tazmi/Documents/Unreal Projects/Tandalfs-Tumultuous-Time-Trials/TandalfsTumultuousTT/Content/Textures/T_Lever/t_c_lever_handle.uasset" 4457
"../../../../../../Users/tazmi/Documents/Unreal Projects/Tandalfs-Tumultuous-Time-Trials/TandalfsTumultuousTT/Content/Textures/T_Lever/t_n_lever_handle.uasset" 4458
"../../../../../../Users/tazmi/Documents/Unreal Projects/Tandalfs-Tumultuous-Time-Trials/TandalfsTumultuousTT/Content/Textures/T_Lever/t_orm_lever_handle.uasset" 4459
"../../../../../../Users/tazmi/Documents/Unreal Projects/Tandalfs-Tumultuous-Time-Trials/TandalfsTumultuousTT/Content/Textures/T_Lever/t_c_lever_rotator.uasset" 4460
"../../../../../../Users/tazmi/Documents/Unreal Projects/Tandalfs-Tumultuous-Time-Trials/TandalfsTumultuousTT/Content/Textures/T_Lever/t_n_lever_rotator.uasset" 4461
"../../../../../../Users/tazmi/Documents/Unreal Projects/Tandalfs-Tumultuous-Time-Trials/TandalfsTumultuousTT/Content/Textures/T_Lever/t_orm_lever_rotator.uasset" 4462
"/Game/Prefabs/Barier" 4463
"/Game/Models/Gen_Modulars/tree" 4464
"/Game/Models/Gen_Modulars/ModularFloor" 4465
"/Game/Materials/MM_Tree_Trunk" 4466
"/Game/Materials/MM_Tree_Leaves" 4467
"/Game/Materials/MM_StoneFloor" 4468
"/Game/Prefabs/EndLogic/CeaserDeath" 4469
"/Game/Models/LVL2_CaesarModels/CaesarStairs" 4470
"/Game/Models/Gen_Modulars/Tiles1M" 4471
"/Game/Materials/RoofMaterials/MM_Tiles1M" 4472
"C:/Users/tazmi/Documents/Unreal Projects/Tandalfs-Tumultuous-Time-Trials/TandalfsTumultuousTT/Content/Prefabs/BPI_ElevatorSecond.uasset" 4473
"C:/Users/tazmi/Documents/Unreal Projects/Tandalfs-Tumultuous-Time-Trials/TandalfsTumultuousTT/Content/Audio/Ceaser__F_Maj__140_BPM.uasset" 4474
"../../../Engine/Plugins/Interchange/Assets/Content/gltf/Textures/T_White_srgb.uasset" 4475
"../../../Engine/Plugins/Interchange/Assets/Content/gltf/MaterialBodies/MF_ClearCoat_Body.uasset" 4476
"../../../Engine/Content/EngineSounds/Submixes/MasterSubmixDefault.uasset" 4477
"../../../Engine/Content/EngineSounds/Submixes/MasterEQSubmixDefault.uasset" 4478
"C:/Users/tazmi/Documents/Unreal Projects/Tandalfs-Tumultuous-Time-Trials/TandalfsTumultuousTT/Content/DevLevels/Ceaser_Andrew.umap" 4479
"../../../Engine/Plugins/Interchange/Assets/Content/Functions/MF_IridescenceNoLUT.uasset" 4480
"../../../Engine/Content/EngineSounds/Submixes/MasterReverbEffectPreset.uasset" 4481
"../../../Engine/Content/Functions/Engine_MaterialFunctions03/Math/RemapValueRange.uasset" 4482
"../../../Engine/Plugins/Interchange/Assets/Content/Functions/MF_Iridescence.uasset" 4483
"../../../Engine/Plugins/Interchange/Assets/Content/gltf/MaterialFunctions/MF_Normals.uasset" 4484
"../../../Engine/Plugins/Interchange/Assets/Content/gltf/MaterialFunctions/MF_RotateNormals_TS.uasset" 4485
"C:/Users/tazmi/Documents/Unreal Projects/Tandalfs-Tumultuous-Time-Trials/TandalfsTumultuousTT/Content/UI/MenuGamemode.uasset" 4486
"../../../Engine/Plugins/Interchange/Assets/Content/gltf/MaterialFunctions/MF_ScaleNormal.uasset" 4487
"C:/Users/tazmi/Documents/Unreal Projects/Tandalfs-Tumultuous-Time-Trials/TandalfsTumultuousTT/Content/UI/MainMenuMap.umap" 4488
"../../../Engine/Plugins/Interchange/Assets/Content/gltf/MaterialFunctions/MF_Emissive.uasset" 4489
"../../../Engine/Plugins/Interchange/Assets/Content/gltf/MaterialFunctions/MF_SpecularAnisotropy.uasset" 4490
"../../../Engine/Content/EngineSounds/Submixes/MasterEQEffectPreset.uasset" 4491
"../../../Engine/Content/EngineSounds/Submixes/MasterReverbSubmixDefault.uasset" 4492
"../../../Engine/Plugins/Interchange/Assets/Content/gltf/MaterialFunctions/MF_Clearcoat.uasset" 4493
"../../../Engine/Plugins/Interchange/Assets/Content/gltf/MaterialFunctions/MF_Specular.uasset" 4494
"../../../Engine/Plugins/Interchange/Assets/Content/gltf/MaterialFunctions/MF_TransformUVs.uasset" 4495
"../../../Engine/Plugins/Interchange/Assets/Content/gltf/MaterialFunctions/MF_IOR.uasset" 4496
"../../../Engine/Plugins/Interchange/Assets/Content/gltf/Textures/T_Anisotropy_Direction_Linear.uasset" 4497
"../../../Engine/Plugins/Interchange/Assets/Content/gltf/MaterialFunctions/MF_Iridescence.uasset" 4498
"../../../Engine/Plugins/Interchange/Assets/Content/gltf/Textures/T_White_Linear.uasset" 4499
"../../../Engine/Plugins/Interchange/Assets/Content/gltf/MaterialFunctions/MF_MetallicRoughness.uasset" 4500
"../../../Engine/Plugins/Interchange/Assets/Content/gltf/MaterialFunctions/MF_RotateV2.uasset" 4501
"../../../Engine/Plugins/Interchange/Assets/Content/gltf/MaterialFunctions/MF_BaseColor.uasset" 4502
"../../../Engine/Plugins/Interchange/Assets/Content/gltf/Textures/T_Generic_N.uasset" 4503
"../../../Engine/Plugins/Interchange/Assets/Content/gltf/MaterialFunctions/MF_Occlusion.uasset" 4504
"/InterchangeAssets/gltf/MaterialFunctions/MF_Occlusion" 4505
"/InterchangeAssets/gltf/MaterialFunctions/MF_Specular" 4506
"/InterchangeAssets/gltf/MaterialFunctions/MF_SpecularAnisotropy" 4507
"/InterchangeAssets/gltf/MaterialFunctions/MF_Emissive" 4508
"/InterchangeAssets/Functions/MF_Iridescence" 4509
"../../Plugins/Interchange/Assets/Content/Utilities/New_LUT.uasset" 4510
"/InterchangeAssets/gltf/MaterialFunctions/MF_BaseColor" 4511
"/InterchangeAssets/gltf/MaterialFunctions/MF_RotateV2" 4512
"/InterchangeAssets/gltf/MaterialFunctions/MF_TransformUVs" 4513
"/InterchangeAssets/gltf/MaterialFunctions/MF_IOR" 4514
"/InterchangeAssets/gltf/MaterialFunctions/MF_Iridescence" 4515
"/InterchangeAssets/gltf/MaterialFunctions/MF_MetallicRoughness" 4516
"/InterchangeAssets/gltf/MaterialFunctions/MF_Normals" 4517
"/InterchangeAssets/gltf/MaterialBodies/MF_ClearCoat_Body" 4518
"/Engine/EngineSounds/Submixes/MasterReverbSubmixDefault" 4519
"/Game/UI/MainMenuMap" 4520
"../../../../../../Users/tazmi/Documents/Unreal Projects/Tandalfs-Tumultuous-Time-Trials/TandalfsTumultuousTT/Content/UI/MainMenuMap.umap" 4521
"/Game/DevLevels/Ceaser_Andrew" 4522
"../../../../../../Users/tazmi/Documents/Unreal Projects/Tandalfs-Tumultuous-Time-Trials/TandalfsTumultuousTT/Content/DevLevels/Ceaser_Andrew.umap" 4523
"../../../Engine/Plugins/Interchange/Assets/Content/gltf/M_ClearCoat.uasset" 4524
"../../../Engine/Plugins/Interchange/Assets/Content/gltf/MaterialBodies/MF_Default_Body.uasset" 4525
"../../../Engine/Plugins/Interchange/Assets/Content/gltf/MaterialInstances/MI_ClearCoat_Opaque.uasset" 4526
"../../../Engine/Plugins/Interchange/Assets/Content/gltf/M_Default.uasset" 4527
"../../../Engine/Plugins/Interchange/Assets/Content/gltf/MaterialInstances/MI_ClearCoat_Mask_DS.uasset" 4528
"../../../Engine/Plugins/Interchange/Assets/Content/gltf/MaterialInstances/MI_Default_Opaque.uasset" 4529
"../../../Engine/Content/Functions/Engine_MaterialFunctions02/Texturing/ScreenAlignedPixelToPixelUVs.uasset" 4530
"../../../Engine/Plugins/Interchange/Assets/Content/gltf/M_Sheen.uasset" 4531
"../../../Engine/Plugins/Interchange/Assets/Content/gltf/MaterialBodies/MF_Transmission_Body.uasset" 4532
"../../../Engine/Plugins/Interchange/Assets/Content/gltf/MaterialFunctions/MF_Transmission.uasset" 4533
"../../../Engine/Plugins/Interchange/Assets/Content/gltf/MaterialFunctions/MF_Temporal_Blur.uasset" 4534
"../../../Engine/Plugins/Interchange/Assets/Content/gltf/MaterialInstances/MI_Default_Opaque_DS.uasset" 4535
"../../../Engine/Plugins/Interchange/Assets/Content/gltf/MaterialInstances/MI_ClearCoat_Blend.uasset" 4536
"../../../Engine/Plugins/Interchange/Assets/Content/gltf/MaterialInstances/MI_Default_Blend.uasset" 4537
"../../../Engine/Plugins/Interchange/Assets/Content/gltf/MaterialInstances/MI_ClearCoat_Mask.uasset" 4538
"../../../Engine/Plugins/Interchange/Assets/Content/gltf/MaterialInstances/MI_Transmission_DS.uasset" 4539
"../../../Engine/Plugins/Interchange/Assets/Content/gltf/MaterialInstances/MI_ClearCoat_Blend_DS.uasset" 4540
"../../../Engine/Plugins/Interchange/Assets/Content/gltf/MaterialInstances/MI_Sheen_Blend_DS.uasset" 4541
"../../../Engine/Plugins/Interchange/Assets/Content/gltf/MaterialInstances/MI_Sheen_Mask_DS.uasset" 4542
"../../../Engine/Plugins/Interchange/Assets/Content/gltf/MaterialInstances/MI_Transmission.uasset" 4543
"../../../Engine/Plugins/Interchange/Assets/Content/gltf/M_Transmission.uasset" 4544
"../../../Engine/Plugins/Interchange/Assets/Content/gltf/MaterialFunctions/MF_Fresnel_DS.uasset" 4545
"../../../Engine/Plugins/Interchange/Assets/Content/gltf/MaterialInstances/MI_Default_Mask.uasset" 4546
"../../../Engine/Plugins/Interchange/Assets/Content/gltf/MaterialInstances/MI_Default_Mask_DS.uasset" 4547
"../../../Engine/Plugins/Interchange/Assets/Content/gltf/MaterialInstances/MI_Sheen_Opaque_DS.uasset" 4548
"../../../Engine/Plugins/Interchange/Assets/Content/gltf/MaterialInstances/MI_Default_Blend_DS.uasset" 4549
"../../../Engine/Plugins/Interchange/Assets/Content/gltf/MaterialInstances/MI_Sheen_Mask.uasset" 4550
"../../../Engine/Plugins/Interchange/Assets/Content/gltf/MaterialInstances/MI_Sheen_Opaque.uasset" 4551
"../../../Engine/Plugins/Interchange/Assets/Content/gltf/MaterialInstances/MI_ClearCoat_Opaque_DS.uasset" 4552
"../../../Engine/Plugins/Interchange/Assets/Content/gltf/MaterialInstances/MI_Sheen_Blend.uasset" 4553
"../../../Engine/Plugins/Interchange/Assets/Content/gltf/MaterialBodies/MF_Sheen_Body.uasset" 4554
"../../../Engine/Plugins/Interchange/Assets/Content/gltf/MaterialFunctions/MF_Sheen.uasset" 4555
"/InterchangeAssets/gltf/MaterialInstances/MI_Transmission" 4556
"/InterchangeAssets/gltf/MaterialInstances/MI_Sheen_Blend_DS" 4557
"/InterchangeAssets/gltf/MaterialInstances/MI_Sheen_Mask_DS" 4558
"/InterchangeAssets/gltf/MaterialInstances/MI_Sheen_Opaque_DS" 4559
"/InterchangeAssets/gltf/MaterialInstances/MI_Sheen_Blend" 4560
"/InterchangeAssets/gltf/MaterialInstances/MI_Sheen_Mask" 4561
"/InterchangeAssets/gltf/MaterialInstances/MI_Sheen_Opaque" 4562
"/InterchangeAssets/gltf/MaterialInstances/MI_Default_Blend_DS" 4563
"/InterchangeAssets/gltf/MaterialInstances/MI_Default_Mask_DS" 4564
"/InterchangeAssets/gltf/MaterialInstances/MI_Default_Opaque_DS" 4565
"/InterchangeAssets/gltf/MaterialInstances/MI_Default_Blend" 4566
"/InterchangeAssets/gltf/MaterialInstances/MI_Default_Mask" 4567
"../../../Engine/Plugins/Interchange/Assets/Shaders/ThinFilmFunctions.usf" 4568
"/InterchangeAssets/gltf/MaterialInstances/MI_Default_Opaque" 4569
"/InterchangeAssets/gltf/MaterialInstances/MI_ClearCoat_Blend_DS" 4570
"/InterchangeAssets/gltf/MaterialInstances/MI_ClearCoat_Mask_DS" 4571
"/InterchangeAssets/gltf/MaterialInstances/MI_ClearCoat_Opaque_DS" 4572
"/InterchangeAssets/gltf/MaterialInstances/MI_ClearCoat_Blend" 4573
"/InterchangeAssets/gltf/MaterialInstances/MI_ClearCoat_Mask" 4574
"/InterchangeAssets/gltf/MaterialInstances/MI_ClearCoat_Opaque" 4575
"/InterchangeAssets/gltf/MaterialInstances/MI_Transmission_DS" 4576
"../../../Engine/Plugins/Interchange/Assets/Content/gltf/MaterialBodies/MF_SpecularGlossiness_Body.uasset" 4577
"../../../Engine/Content/Functions/Engine_MaterialFunctions02/Math/AddComponents.uasset" 4578
"../../../Engine/Plugins/Interchange/Assets/Content/gltf/MaterialInstances/MI_SpecularGlossiness_Mask.uasset" 4579
"../../../Engine/Plugins/Interchange/Assets/Content/Functions/MX_TransmissionSurface.uasset" 4580
"../../../Engine/Plugins/Interchange/Assets/Content/gltf/MaterialInstances/MI_SpecularGlossiness_Blend_DS.uasset" 4581
"../../../Engine/Content/Functions/Substrate/MF_SchlickInternal.uasset" 4582
"../../../Engine/Plugins/Interchange/Assets/Content/gltf/M_Unlit.uasset" 4583
"../../../Engine/Plugins/Interchange/Assets/Content/gltf/MaterialBodies/MF_Unlit_Body.uasset" 4584
"../../../Engine/Plugins/Interchange/Assets/Content/gltf/M_SpecularGlossiness.uasset" 4585
"../../../Engine/Plugins/Interchange/Assets/Content/gltf/MaterialInstances/MI_SpecularGlossiness_Opaque_DS.uasset" 4586
"../../../Engine/Plugins/Interchange/Assets/Content/gltf/MaterialInstances/MI_Unlit_Opaque.uasset" 4587
"../../../Engine/Plugins/Interchange/Assets/Content/gltf/MaterialFunctions/MF_PerceivedBrightness.uasset" 4588
"../../../Engine/Plugins/Interchange/Assets/Content/gltf/MaterialInstances/MI_Unlit_Opaque_DS.uasset" 4589
"../../../Engine/Plugins/Interchange/Assets/Content/Functions/MX_Transmission.uasset" 4590
"../../../Engine/Plugins/Interchange/Assets/Content/gltf/MaterialFunctions/MF_MaxComponentValue.uasset" 4591
"../../../Engine/Plugins/Interchange/Assets/Content/Functions/MX_OpenPBR_Translucent.uasset" 4592
"../../../Engine/Plugins/Interchange/Assets/Content/gltf/MaterialFunctions/MF_SpecGlossToMetalRoughness.uasset" 4593
"../../../Engine/Plugins/Interchange/Assets/Content/Functions/MX_StandardSurface.uasset" 4594
"../../../Engine/Plugins/Interchange/Assets/Content/gltf/MaterialInstances/MI_SpecularGlossiness_Opaque.uasset" 4595
"../../../Engine/Plugins/Interchange/Assets/Content/gltf/MaterialInstances/MI_Unlit_Blend.uasset" 4596
"../../../Engine/Plugins/Interchange/Assets/Content/gltf/MaterialInstances/MI_Unlit_Mask.uasset" 4597
"../../../Engine/Plugins/Interchange/Assets/Content/Functions/MX_OpenPBR_Opaque.uasset" 4598
"../../../Engine/Plugins/Interchange/Assets/Content/gltf/MaterialInstances/MI_Unlit_Blend_DS.uasset" 4599
"../../../Engine/Plugins/Interchange/Assets/Content/gltf/MaterialFunctions/MF_DiffuseSpecGloss.uasset" 4600
"../../../Engine/Plugins/Interchange/Assets/Content/gltf/MaterialInstances/MI_Unlit_Mask_DS.uasset" 4601
"../../../Engine/Content/Functions/Engine_MaterialFunctions01/Volumetrics/BeersLaw.uasset" 4602
"../../../Engine/Plugins/Interchange/Assets/Content/Functions/MF_OrenNayerView.uasset" 4603
"../../../Engine/Plugins/Interchange/Assets/Content/gltf/MaterialInstances/MI_SpecularGlossiness_Mask_DS.uasset" 4604
"../../../Engine/Plugins/Interchange/Assets/Content/gltf/MaterialInstances/MI_SpecularGlossiness_Blend.uasset" 4605
"/InterchangeAssets/Functions/MX_OpenPBR_Opaque" 4606
"/InterchangeAssets/gltf/MaterialInstances/MI_Unlit_Blend_DS" 4607
"/InterchangeAssets/gltf/MaterialInstances/MI_Unlit_Mask_DS" 4608
"/InterchangeAssets/gltf/MaterialInstances/MI_Unlit_Opaque_DS" 4609
"/InterchangeAssets/gltf/MaterialInstances/MI_Unlit_Blend" 4610
"/InterchangeAssets/gltf/MaterialInstances/MI_Unlit_Mask" 4611
"/InterchangeAssets/gltf/MaterialInstances/MI_Unlit_Opaque" 4612
"/InterchangeAssets/Functions/MX_OpenPBR_Translucent" 4613
"/InterchangeAssets/gltf/MaterialInstances/MI_SpecularGlossiness_Blend_DS" 4614
"/InterchangeAssets/gltf/MaterialInstances/MI_SpecularGlossiness_Mask_DS" 4615
"/InterchangeAssets/gltf/MaterialInstances/MI_SpecularGlossiness_Opaque_DS" 4616
"/InterchangeAssets/gltf/MaterialInstances/MI_SpecularGlossiness_Blend" 4617
"/InterchangeAssets/gltf/MaterialInstances/MI_SpecularGlossiness_Mask" 4618
"/InterchangeAssets/gltf/MaterialInstances/MI_SpecularGlossiness_Opaque" 4619
"../../../Engine/Plugins/Animation/ControlRig/Content/Controls/ControlRig_Sphere_solid.uasset" 4620
"../../../Engine/Plugins/Animation/ControlRig/Content/Controls/ControlRig_Arrow_1mm.uasset" 4621
"../../../Engine/Plugins/Animation/ControlRig/Content/Controls/ControlRig_Arrow2_1mm.uasset" 4622
"../../../Engine/Plugins/Animation/ControlRig/Content/Controls/ControlRig_Circle_solid.uasset" 4623
"../../../Engine/Plugins/Animation/ControlRig/Content/Controls/ControlRig_Arrow_solid.uasset" 4624
"../../../Engine/Plugins/Animation/ControlRig/Content/Controls/ControlRig_Arrow2_3mm.uasset" 4625
"../../../Engine/Plugins/Animation/ControlRig/Content/Controls/ControlRig_Circle_3mm.uasset" 4626
"../../../Engine/Plugins/Animation/ControlRig/Content/Controls/ControlRig_Box_3mm.uasset" 4627
"../../../Engine/Plugins/Animation/ControlRig/Content/Controls/ControlRig_Box_1mm.uasset" 4628
"../../../Engine/Plugins/Animation/ControlRig/Content/Controls/ControlRig_Diamond_1mm.uasset" 4629
"../../../Engine/Plugins/Animation/ControlRig/Content/Controls/ControlRig_Circle_1mm.uasset" 4630
"../../../Engine/Plugins/Animation/ControlRig/Content/Controls/ControlRig_Arrow4_solid.uasset" 4631
"../../../Engine/Plugins/Animation/ControlRig/Content/Controls/ControlRig_Arrow2_solid.uasset" 4632
"../../../Engine/Plugins/Animation/ControlRig/Content/Controls/ControlRig_Box_solid.uasset" 4633
"../../../Engine/Plugins/Animation/ControlRig/Content/Controls/ControlRig_Arrow4_3mm.uasset" 4634
"../../../Engine/Plugins/Animation/ControlRig/Content/Controls/ControlRig_Arrow_3mm.uasset" 4635
"../../../Engine/Plugins/Animation/ControlRig/Content/Controls/ControlRig_Diamond_solid.uasset" 4636
"../../../Engine/Plugins/Animation/ControlRig/Content/Controls/ControlRig_Diamond_3mm.uasset" 4637
"../../../Engine/Plugins/Animation/ControlRig/Content/Controls/ControlRig_Arrow4_1mm.uasset" 4638
"/ControlRig/Controls/ControlRig_Diamond_solid" 4639
"/ControlRig/Controls/ControlRig_Diamond_3mm" 4640
"/ControlRig/Controls/ControlRig_Diamond_1mm" 4641
"/ControlRig/Controls/ControlRig_Circle_solid" 4642
"/ControlRig/Controls/ControlRig_Circle_3mm" 4643
"/ControlRig/Controls/ControlRig_Circle_1mm" 4644
"/ControlRig/Controls/ControlRig_Box_solid" 4645
"/ControlRig/Controls/ControlRig_Box_3mm" 4646
"/ControlRig/Controls/ControlRig_Box_1mm" 4647
"/ControlRig/Controls/ControlRig_Arrow_solid" 4648
"/ControlRig/Controls/ControlRig_Arrow_3mm" 4649
"/ControlRig/Controls/ControlRig_Arrow_1mm" 4650
"/ControlRig/Controls/ControlRig_Arrow4_solid" 4651
"/ControlRig/Controls/ControlRig_Arrow4_3mm" 4652
"/ControlRig/Controls/ControlRig_Arrow4_1mm" 4653
"/ControlRig/Controls/ControlRig_Arrow2_solid" 4654
"/ControlRig/Controls/ControlRig_Arrow2_3mm" 4655
"/ControlRig/Controls/ControlRig_Arrow2_1mm" 4656
"/ControlRig/Controls/ControlRig_Sphere_solid" 4657
"../../../Engine/Plugins/Animation/ControlRig/Content/Controls/ControlRig_Pyramid_1mm.uasset" 4658
"../../../Engine/Plugins/Animation/ControlRig/Content/Controls/ControlRig_HalfCircle_1mm.uasset" 4659
"../../../Engine/Plugins/Animation/ControlRig/Content/Controls/ControlRig_Hexagon_1mm.uasset" 4660
"../../../Engine/Plugins/Animation/ControlRig/Content/Controls/ControlRig_Octagon_3mm.uasset" 4661
"../../../Engine/Plugins/Animation/ControlRig/Content/Controls/ControlRig_Octagon_1mm.uasset" 4662
"../../../Engine/Plugins/Animation/ControlRig/Content/Controls/ControlRig_HalfCircle_3mm.uasset" 4663
"../../../Engine/Plugins/Animation/ControlRig/Content/Controls/ControlRig_Hexagon_3mm.uasset" 4664
"../../../Engine/Plugins/Animation/ControlRig/Content/Controls/ControlRig_Pyramid_3mm.uasset" 4665
"../../../Engine/Plugins/Animation/ControlRig/Content/Controls/ControlRig_Triangle_solid.uasset" 4666
"../../../Engine/Plugins/Animation/ControlRig/Content/Controls/ControlRig_QuarterCircle_solid.uasset" 4667
"../../../Engine/Plugins/Animation/ControlRig/Content/Controls/ControlRig_Star4_3mm.uasset" 4668
"../../../Engine/Plugins/Animation/ControlRig/Content/Controls/ControlRig_QuarterCircle_1mm.uasset" 4669
"../../../Engine/Plugins/Animation/ControlRig/Content/Controls/ControlRig_RoundedSquare_1mm.uasset" 4670
"../../../Engine/Plugins/Animation/ControlRig/Content/Controls/ControlRig_RoundedTriangle_1mm.uasset" 4671
"../../../Engine/Plugins/Animation/ControlRig/Content/Controls/ControlRig_Sphere_1mm.uasset" 4672
"../../../Engine/Plugins/Animation/ControlRig/Content/Controls/ControlRig_RoundedTriangle_solid.uasset" 4673
"../../../Engine/Plugins/Animation/ControlRig/Content/Controls/ControlRig_Triangle_1mm.uasset" 4674
"../../../Engine/Plugins/Animation/ControlRig/Content/Controls/ControlRig_Octagon_solid.uasset" 4675
"../../../Engine/Plugins/Animation/ControlRig/Content/Controls/ControlRig_RoundedSquare_3mm.uasset" 4676
"../../../Engine/Plugins/Animation/ControlRig/Content/Controls/ControlRig_Pyramid_solid.uasset" 4677
"../../../Engine/Plugins/Animation/ControlRig/Content/Controls/ControlRig_RoundedSquare_solid.uasset" 4678
"../../../Engine/Plugins/Animation/ControlRig/Content/Controls/ControlRig_Square_3mm.uasset" 4679
"../../../Engine/Plugins/Animation/ControlRig/Content/Controls/ControlRig_Square_solid.uasset" 4680
"../../../Engine/Plugins/Animation/ControlRig/Content/Controls/ControlRig_Triangle_3mm.uasset" 4681
"../../../Engine/Plugins/Animation/ControlRig/Content/Controls/ControlRig_HalfCircle_solid.uasset" 4682
"../../../Engine/Plugins/Animation/ControlRig/Content/Controls/ControlRig_RoundedTriangle_3mm.uasset" 4683
"../../../Engine/Plugins/Animation/ControlRig/Content/Controls/ControlRig_Star4_1mm.uasset" 4684
"../../../Engine/Plugins/Animation/ControlRig/Content/Controls/ControlRig_Square_1mm.uasset" 4685
"../../../Engine/Plugins/Animation/ControlRig/Content/Controls/ControlRig_Sphere_3mm.uasset" 4686
"../../../Engine/Plugins/Animation/ControlRig/Content/Controls/ControlRig_Star4_solid.uasset" 4687
"../../../Engine/Plugins/Animation/ControlRig/Content/Controls/ControlRig_QuarterCircle_3mm.uasset" 4688
"../../../Engine/Plugins/Animation/ControlRig/Content/Controls/ControlRig_Hexagon_solid.uasset" 4689
"/ControlRig/Controls/ControlRig_Triangle_solid" 4690
"/ControlRig/Controls/ControlRig_Triangle_3mm" 4691
"/ControlRig/Controls/ControlRig_Triangle_1mm" 4692
"/ControlRig/Controls/ControlRig_Star4_solid" 4693
"/ControlRig/Controls/ControlRig_Star4_3mm" 4694
"/ControlRig/Controls/ControlRig_Star4_1mm" 4695
"/ControlRig/Controls/ControlRig_Square_solid" 4696
"/ControlRig/Controls/ControlRig_Square_3mm" 4697
"/ControlRig/Controls/ControlRig_Square_1mm" 4698
"/ControlRig/Controls/ControlRig_Sphere_3mm" 4699
"/ControlRig/Controls/ControlRig_Sphere_1mm" 4700
"/ControlRig/Controls/ControlRig_RoundedTriangle_solid" 4701
"/ControlRig/Controls/ControlRig_RoundedTriangle_3mm" 4702
"/ControlRig/Controls/ControlRig_RoundedTriangle_1mm" 4703
"/ControlRig/Controls/ControlRig_RoundedSquare_solid" 4704
"/ControlRig/Controls/ControlRig_RoundedSquare_3mm" 4705
"/ControlRig/Controls/ControlRig_RoundedSquare_1mm" 4706
"/ControlRig/Controls/ControlRig_QuarterCircle_solid" 4707
"/ControlRig/Controls/ControlRig_QuarterCircle_3mm" 4708
"/ControlRig/Controls/ControlRig_QuarterCircle_1mm" 4709
"/ControlRig/Controls/ControlRig_Pyramid_solid" 4710
"/ControlRig/Controls/ControlRig_Pyramid_3mm" 4711
"/ControlRig/Controls/ControlRig_Pyramid_1mm" 4712
"/ControlRig/Controls/ControlRig_Octagon_solid" 4713
"/ControlRig/Controls/ControlRig_Octagon_3mm" 4714
"/ControlRig/Controls/ControlRig_Octagon_1mm" 4715
"/ControlRig/Controls/ControlRig_Hexagon_solid" 4716
"/ControlRig/Controls/ControlRig_Hexagon_3mm" 4717
"/ControlRig/Controls/ControlRig_Hexagon_1mm" 4718
"/ControlRig/Controls/ControlRig_HalfCircle_solid" 4719
"/ControlRig/Controls/ControlRig_HalfCircle_3mm" 4720
"/ControlRig/Controls/ControlRig_HalfCircle_1mm" 4721
"../../../Engine/Plugins/Animation/ControlRig/Content/Controls/ControlRig_Wedge_solid.uasset" 4722
"../../../Engine/Content/Maps/Entry_BuiltData.uasset" 4723
"../../../Engine/Plugins/Animation/ControlRig/Content/Controls/ControlRig_Wedge_3mm.uasset" 4724
"../../../Engine/Content/Maps/Entry.umap" 4725
"../../../Engine/Plugins/Animation/ControlRig/Content/Controls/ControlRig_Wedge_1mm.uasset" 4726
"/Engine/Maps/Entry" 4727
"/ControlRig/Controls/ControlRig_Wedge_solid" 4728
"/ControlRig/Controls/ControlRig_Wedge_3mm" 4729
"/ControlRig/Controls/ControlRig_Wedge_1mm" 4730
"../../../Engine/Content/EditorMaterials/PreviewShadowIndicatorMaterial.uasset" 4731
"../../../Engine/Content/EditorMaterials/PreviewShadowIndicator.uasset" 4732
"../../../Engine/Content/EngineMaterials/Substrate/GLints/dict_16_192_64_0p5_0p02_0000_0007.uasset" 4733
"../../../Engine/Content/EngineMaterials/Substrate/GLints/dict_16_192_64_0p5_0p02_0000_0003.uasset" 4734
"../../../Engine/Content/EngineMaterials/Substrate/GLints/dict_16_192_64_0p5_0p02_0000_0010.uasset" 4735
"../../../Engine/Content/EngineMaterials/Substrate/GLints/dict_16_192_64_0p5_0p02_0000_0000.uasset" 4736
"../../../Engine/Content/EngineMaterials/Substrate/GLints/dict_16_192_64_0p5_0p02_0000_0008.uasset" 4737
"../../../Engine/Content/EngineMaterials/Substrate/GLints/dict_16_192_64_0p5_0p02_0000_0006.uasset" 4738
"../../../Engine/Content/EngineMaterials/Substrate/GLints/dict_16_192_64_0p5_0p02_0000_0004.uasset" 4739
"../../../Engine/Content/EngineMaterials/Substrate/GLints/dict_16_192_64_0p5_0p02_0000_0013.uasset" 4740
"../../../Engine/Content/EngineMaterials/Substrate/GLints/dict_16_192_64_0p5_0p02_0000_0009.uasset" 4741
"../../../Engine/Content/EngineMaterials/Substrate/GLints/dict_16_192_64_0p5_0p02_0000_0005.uasset" 4742
"../../../Engine/Content/EngineMaterials/Substrate/GLints/dict_16_192_64_0p5_0p02_0000_0011.uasset" 4743
"../../../Engine/Content/EngineMaterials/Substrate/GLints/dict_16_192_64_0p5_0p02_0000_0014.uasset" 4744
"../../../Engine/Content/EngineMaterials/Substrate/GLints/dict_16_192_64_0p5_0p02_0001_0000.uasset" 4745
"../../../Engine/Content/EngineMaterials/Substrate/GLints/dict_16_192_64_0p5_0p02_0001_0006.uasset" 4746
"../../../Engine/Content/EngineMaterials/Substrate/GLints/dict_16_192_64_0p5_0p02_0001_0003.uasset" 4747
"../../../Engine/Content/EngineMaterials/Substrate/GLints/dict_16_192_64_0p5_0p02_0000_0002.uasset" 4748
"../../../Engine/Content/EngineMaterials/Substrate/GLints/dict_16_192_64_0p5_0p02_0001_0005.uasset" 4749
"../../../Engine/Content/EngineMaterials/Substrate/GLints/dict_16_192_64_0p5_0p02_0001_0004.uasset" 4750
"../../../Engine/Content/EngineMaterials/Substrate/GLints/dict_16_192_64_0p5_0p02_0001_0010.uasset" 4751
"../../../Engine/Content/EngineMaterials/Substrate/GLints/dict_16_192_64_0p5_0p02_0001_0013.uasset" 4752
"../../../Engine/Content/EngineMaterials/Substrate/GLints/dict_16_192_64_0p5_0p02_0001_0012.uasset" 4753
"../../../Engine/Content/EngineMaterials/Substrate/GLints/dict_16_192_64_0p5_0p02_0001_0008.uasset" 4754
"../../../Engine/Content/EngineMaterials/Substrate/GLints/dict_16_192_64_0p5_0p02_0001_0011.uasset" 4755
"../../../Engine/Content/EngineMaterials/Substrate/GLints/dict_16_192_64_0p5_0p02_0001_0009.uasset" 4756
"../../../Engine/Content/EngineMaterials/Substrate/GLints/dict_16_192_64_0p5_0p02_0001_0002.uasset" 4757
"../../../Engine/Content/EngineMaterials/Substrate/GLints/dict_16_192_64_0p5_0p02_0000_0001.uasset" 4758
"../../../Engine/Content/EngineMaterials/Substrate/GLints/dict_16_192_64_0p5_0p02_0000_0012.uasset" 4759
"../../../Engine/Content/EngineMaterials/Substrate/GLints/dict_16_192_64_0p5_0p02_0001_0001.uasset" 4760
"../../../Engine/Content/EngineMaterials/Substrate/GLints/dict_16_192_64_0p5_0p02_0000_0015.uasset" 4761
"../../../Engine/Content/EngineMaterials/Substrate/GLints/dict_16_192_64_0p5_0p02_0001_0007.uasset" 4762
"/Engine/EngineMaterials/Substrate/GLints/dict_16_192_64_0p5_0p02_0001_0013" 4763
"/Engine/EngineMaterials/Substrate/GLints/dict_16_192_64_0p5_0p02_0001_0012" 4764
"/Engine/EngineMaterials/Substrate/GLints/dict_16_192_64_0p5_0p02_0001_0011" 4765
"/Engine/EngineMaterials/Substrate/GLints/dict_16_192_64_0p5_0p02_0001_0010" 4766
"/Engine/EngineMaterials/Substrate/GLints/dict_16_192_64_0p5_0p02_0001_0009" 4767
"/Engine/EngineMaterials/Substrate/GLints/dict_16_192_64_0p5_0p02_0001_0008" 4768
"/Engine/EngineMaterials/Substrate/GLints/dict_16_192_64_0p5_0p02_0001_0007" 4769
"/Engine/EngineMaterials/Substrate/GLints/dict_16_192_64_0p5_0p02_0001_0006" 4770
"/Engine/EngineMaterials/Substrate/GLints/dict_16_192_64_0p5_0p02_0001_0005" 4771
"/Engine/EngineMaterials/Substrate/GLints/dict_16_192_64_0p5_0p02_0001_0004" 4772
"/Engine/EngineMaterials/Substrate/GLints/dict_16_192_64_0p5_0p02_0001_0003" 4773
"/Engine/EngineMaterials/Substrate/GLints/dict_16_192_64_0p5_0p02_0001_0002" 4774
"/Engine/EngineMaterials/Substrate/GLints/dict_16_192_64_0p5_0p02_0001_0001" 4775
"/Engine/EngineMaterials/Substrate/GLints/dict_16_192_64_0p5_0p02_0001_0000" 4776
"/Engine/EngineMaterials/Substrate/GLints/dict_16_192_64_0p5_0p02_0000_0015" 4777
"/Engine/EngineMaterials/Substrate/GLints/dict_16_192_64_0p5_0p02_0000_0014" 4778
"/Engine/EngineMaterials/Substrate/GLints/dict_16_192_64_0p5_0p02_0000_0013" 4779
"/Engine/EngineMaterials/Substrate/GLints/dict_16_192_64_0p5_0p02_0000_0012" 4780
"/Engine/EngineMaterials/Substrate/GLints/dict_16_192_64_0p5_0p02_0000_0011" 4781
"/Engine/EngineMaterials/Substrate/GLints/dict_16_192_64_0p5_0p02_0000_0010" 4782
"/Engine/EngineMaterials/Substrate/GLints/dict_16_192_64_0p5_0p02_0000_0009" 4783
"/Engine/EngineMaterials/Substrate/GLints/dict_16_192_64_0p5_0p02_0000_0008" 4784
"/Engine/EngineMaterials/Substrate/GLints/dict_16_192_64_0p5_0p02_0000_0007" 4785
"/Engine/EngineMaterials/Substrate/GLints/dict_16_192_64_0p5_0p02_0000_0006" 4786
"/Engine/EngineMaterials/Substrate/GLints/dict_16_192_64_0p5_0p02_0000_0005" 4787
"/Engine/EngineMaterials/Substrate/GLints/dict_16_192_64_0p5_0p02_0000_0004" 4788
"/Engine/EngineMaterials/Substrate/GLints/dict_16_192_64_0p5_0p02_0000_0003" 4789
"/Engine/EngineMaterials/Substrate/GLints/dict_16_192_64_0p5_0p02_0000_0002" 4790
"/Engine/EngineMaterials/Substrate/GLints/dict_16_192_64_0p5_0p02_0000_0001" 4791
"/Engine/EngineMaterials/Substrate/GLints/dict_16_192_64_0p5_0p02_0000_0000" 4792
"/Engine/EditorMaterials/PreviewShadowIndicatorMaterial" 4793
"../../../Engine/Content/EngineMaterials/Substrate/GLints/dict_16_192_64_0p5_0p02_0002_0002.uasset" 4794
"../../../Engine/Content/EngineMaterials/Substrate/GLints/dict_16_192_64_0p5_0p02_0002_0003.uasset" 4795
"../../../Engine/Content/EngineMaterials/Substrate/GLints/dict_16_192_64_0p5_0p02_0001_0014.uasset" 4796
"../../../Engine/Content/EngineMaterials/Substrate/GLints/dict_16_192_64_0p5_0p02_0002_0001.uasset" 4797
"../../../Engine/Content/EngineMaterials/Substrate/GLints/dict_16_192_64_0p5_0p02_0001_0015.uasset" 4798
"../../../Engine/Content/EngineMaterials/Substrate/GLints/dict_16_192_64_0p5_0p02_0002_0007.uasset" 4799
"../../../Engine/Content/EngineMaterials/Substrate/GLints/dict_16_192_64_0p5_0p02_0002_0000.uasset" 4800
"../../../Engine/Content/EngineMaterials/Substrate/GLints/dict_16_192_64_0p5_0p02_0002_0006.uasset" 4801
"../../../Engine/Content/EngineMaterials/Substrate/GLints/dict_16_192_64_0p5_0p02_0003_0005.uasset" 4802
"../../../Engine/Content/EngineMaterials/Substrate/GLints/dict_16_192_64_0p5_0p02_0002_0004.uasset" 4803
"../../../Engine/Content/EngineMaterials/Substrate/GLints/dict_16_192_64_0p5_0p02_0003_0010.uasset" 4804
"../../../Engine/Content/EngineMaterials/Substrate/GLints/dict_16_192_64_0p5_0p02_0002_0011.uasset" 4805
"../../../Engine/Content/EngineMaterials/Substrate/GLints/dict_16_192_64_0p5_0p02_0002_0010.uasset" 4806
"../../../Engine/Content/EngineMaterials/Substrate/GLints/dict_16_192_64_0p5_0p02_0003_0001.uasset" 4807
"../../../Engine/Content/EngineMaterials/Substrate/GLints/dict_16_192_64_0p5_0p02_0002_0014.uasset" 4808
"../../../Engine/Content/EngineMaterials/Substrate/GLints/dict_16_192_64_0p5_0p02_0003_0006.uasset" 4809
"../../../Engine/Content/EngineMaterials/Substrate/GLints/dict_16_192_64_0p5_0p02_0003_0000.uasset" 4810
"../../../Engine/Content/EngineMaterials/Substrate/GLints/dict_16_192_64_0p5_0p02_0003_0012.uasset" 4811
"../../../Engine/Content/EngineMaterials/Substrate/GLints/dict_16_192_64_0p5_0p02_0003_0011.uasset" 4812
"../../../Engine/Content/EngineMaterials/Substrate/GLints/dict_16_192_64_0p5_0p02_0003_0007.uasset" 4813
"../../../Engine/Content/EngineMaterials/Substrate/GLints/dict_16_192_64_0p5_0p02_0003_0008.uasset" 4814
"../../../Engine/Content/EngineMaterials/Substrate/GLints/dict_16_192_64_0p5_0p02_0003_0004.uasset" 4815
"../../../Engine/Content/EngineMaterials/Substrate/GLints/dict_16_192_64_0p5_0p02_0002_0005.uasset" 4816
"../../../Engine/Content/EngineMaterials/Substrate/GLints/dict_16_192_64_0p5_0p02_0003_0003.uasset" 4817
"../../../Engine/Content/EngineMaterials/Substrate/GLints/dict_16_192_64_0p5_0p02_0003_0002.uasset" 4818
"../../../Engine/Content/EngineMaterials/Substrate/GLints/dict_16_192_64_0p5_0p02_0003_0013.uasset" 4819
"../../../Engine/Content/EngineMaterials/Substrate/GLints/dict_16_192_64_0p5_0p02_0002_0012.uasset" 4820
"../../../Engine/Content/EngineMaterials/Substrate/GLints/dict_16_192_64_0p5_0p02_0002_0015.uasset" 4821
"../../../Engine/Content/EngineMaterials/Substrate/GLints/dict_16_192_64_0p5_0p02_0002_0008.uasset" 4822
"../../../Engine/Content/EngineMaterials/Substrate/GLints/dict_16_192_64_0p5_0p02_0002_0013.uasset" 4823
"../../../Engine/Content/EngineMaterials/Substrate/GLints/dict_16_192_64_0p5_0p02_0002_0009.uasset" 4824
"../../../Engine/Content/EngineMaterials/Substrate/GLints/dict_16_192_64_0p5_0p02_0003_0009.uasset" 4825
"C:/Users/tazmi/AppData/Local/Temp/UnrealShaderWorkingDir/485F0EA64AE9996EA3B56F8F1ED393D1/0/WorkerOutputOnly.out" 4826
"C:/Users/tazmi/AppData/Local/Temp/UnrealShaderWorkingDir/485F0EA64AE9996EA3B56F8F1ED393D1/1/WorkerOutputOnly.out" 4827
"../../../Engine/Plugins/Animation/DeformerGraph/Shaders/Private/DataInterfaceCustomComputeKernel.ush" 4828
"../../../Engine/Plugins/Animation/DeformerGraph/Shaders/Private/DataInterfaceCloth.ush" 4829
"../../../Engine/Plugins/Animation/DeformerGraph/Shaders/Private/DataInterfaceSkinnedMeshRead.ush" 4830
"../../../Engine/Plugins/Animation/DeformerGraph/Shaders/Private/DataInterfaceSkeleton.ush" 4831
"../../../Engine/Plugins/Animation/DeformerGraph/Shaders/Private/DataInterfaceSkeletonCommon.ush" 4832
"../../../Engine/Plugins/Animation/DeformerGraph/Shaders/Private/DataInterfaceMorphTarget.ush" 4833
"../../../Engine/Plugins/Animation/DeformerGraph/Shaders/Private/DataInterfaceSkinnedMeshWrite.ush" 4834
"../../../Engine/Plugins/Animation/DeformerGraph/Shaders/Private/DataInterfaceRawBuffer.ush" 4835
"../../../Engine/Plugins/Runtime/ComputeFramework/Shaders/Private/BufferAlias.ush" 4836
"../../../Engine/Plugins/Animation/DeformerGraph/Shaders/Private/DataInterfaceSkinnedMesh.ush" 4837
"../../../Engine/Plugins/Animation/DeformerGraph/Shaders/Private/DataInterfaceHalfEdge.ush" 4838
"/Engine/EngineMaterials/Substrate/GLints/dict_16_192_64_0p5_0p02_0003_0013" 4839
"/Engine/EngineMaterials/Substrate/GLints/dict_16_192_64_0p5_0p02_0003_0012" 4840
"/Engine/EngineMaterials/Substrate/GLints/dict_16_192_64_0p5_0p02_0003_0011" 4841
"/Engine/EngineMaterials/Substrate/GLints/dict_16_192_64_0p5_0p02_0003_0010" 4842
"/Engine/EngineMaterials/Substrate/GLints/dict_16_192_64_0p5_0p02_0003_0009" 4843
"/Engine/EngineMaterials/Substrate/GLints/dict_16_192_64_0p5_0p02_0003_0008" 4844
"/Engine/EngineMaterials/Substrate/GLints/dict_16_192_64_0p5_0p02_0003_0007" 4845
"/Engine/EngineMaterials/Substrate/GLints/dict_16_192_64_0p5_0p02_0003_0006" 4846
"/Engine/EngineMaterials/Substrate/GLints/dict_16_192_64_0p5_0p02_0003_0005" 4847
"/Engine/EngineMaterials/Substrate/GLints/dict_16_192_64_0p5_0p02_0003_0004" 4848
"/Engine/EngineMaterials/Substrate/GLints/dict_16_192_64_0p5_0p02_0003_0003" 4849
"/Engine/EngineMaterials/Substrate/GLints/dict_16_192_64_0p5_0p02_0003_0002" 4850
"/Engine/EngineMaterials/Substrate/GLints/dict_16_192_64_0p5_0p02_0003_0001" 4851
"/Engine/EngineMaterials/Substrate/GLints/dict_16_192_64_0p5_0p02_0003_0000" 4852
"/Engine/EngineMaterials/Substrate/GLints/dict_16_192_64_0p5_0p02_0002_0015" 4853
"/Engine/EngineMaterials/Substrate/GLints/dict_16_192_64_0p5_0p02_0002_0014" 4854
"/Engine/EngineMaterials/Substrate/GLints/dict_16_192_64_0p5_0p02_0002_0013" 4855
"/Engine/EngineMaterials/Substrate/GLints/dict_16_192_64_0p5_0p02_0002_0012" 4856
"/Engine/EngineMaterials/Substrate/GLints/dict_16_192_64_0p5_0p02_0002_0011" 4857
"/Engine/EngineMaterials/Substrate/GLints/dict_16_192_64_0p5_0p02_0002_0010" 4858
"/Engine/EngineMaterials/Substrate/GLints/dict_16_192_64_0p5_0p02_0002_0009" 4859
"/Engine/EngineMaterials/Substrate/GLints/dict_16_192_64_0p5_0p02_0002_0008" 4860
"/Engine/EngineMaterials/Substrate/GLints/dict_16_192_64_0p5_0p02_0002_0007" 4861
"/Engine/EngineMaterials/Substrate/GLints/dict_16_192_64_0p5_0p02_0002_0006" 4862
"/Engine/EngineMaterials/Substrate/GLints/dict_16_192_64_0p5_0p02_0002_0005" 4863
"/Engine/EngineMaterials/Substrate/GLints/dict_16_192_64_0p5_0p02_0002_0004" 4864
"/Engine/EngineMaterials/Substrate/GLints/dict_16_192_64_0p5_0p02_0002_0003" 4865
"/Engine/EngineMaterials/Substrate/GLints/dict_16_192_64_0p5_0p02_0002_0002" 4866
"/Engine/EngineMaterials/Substrate/GLints/dict_16_192_64_0p5_0p02_0002_0001" 4867
"/Engine/EngineMaterials/Substrate/GLints/dict_16_192_64_0p5_0p02_0002_0000" 4868
"/Engine/EngineMaterials/Substrate/GLints/dict_16_192_64_0p5_0p02_0001_0015" 4869
"/Engine/EngineMaterials/Substrate/GLints/dict_16_192_64_0p5_0p02_0001_0014" 4870
"../../../Engine/Content/EngineMaterials/Substrate/GLints/dict_16_192_64_0p5_0p02_0004_0000.uasset" 4871
"../../../Engine/Content/EngineMaterials/Substrate/GLints/dict_16_192_64_0p5_0p02_0003_0015.uasset" 4872
"../../../Engine/Content/EngineMaterials/Substrate/GLints/dict_16_192_64_0p5_0p02_0004_0001.uasset" 4873
"../../../Engine/Content/EngineMaterials/Substrate/GLints/dict_16_192_64_0p5_0p02_0003_0014.uasset" 4874
"../../../Engine/Content/EngineMaterials/Substrate/GLints/dict_16_192_64_0p5_0p02_0004_0002.uasset" 4875
"../../../Engine/Content/EngineMaterials/Substrate/GLints/dict_16_192_64_0p5_0p02_0004_0004.uasset" 4876
"../../../Engine/Content/EngineMaterials/Substrate/GLints/dict_16_192_64_0p5_0p02_0005_0002.uasset" 4877
"../../../Engine/Content/EngineMaterials/Substrate/GLints/dict_16_192_64_0p5_0p02_0005_0005.uasset" 4878
"../../../Engine/Content/EngineMaterials/Substrate/GLints/dict_16_192_64_0p5_0p02_0005_0006.uasset" 4879
"../../../Engine/Content/EngineMaterials/Substrate/GLints/dict_16_192_64_0p5_0p02_0005_0004.uasset" 4880
"../../../Engine/Content/EngineMaterials/Substrate/GLints/dict_16_192_64_0p5_0p02_0004_0006.uasset" 4881
"../../../Engine/Content/EngineMaterials/Substrate/GLints/dict_16_192_64_0p5_0p02_0004_0015.uasset" 4882
"../../../Engine/Content/EngineMaterials/Substrate/GLints/dict_16_192_64_0p5_0p02_0005_0012.uasset" 4883
"../../../Engine/Content/EngineMaterials/Substrate/GLints/dict_16_192_64_0p5_0p02_0005_0010.uasset" 4884
"../../../Engine/Content/EngineMaterials/Substrate/GLints/dict_16_192_64_0p5_0p02_0005_0007.uasset" 4885
"../../../Engine/Content/EngineMaterials/Substrate/GLints/dict_16_192_64_0p5_0p02_0004_0005.uasset" 4886
"../../../Engine/Content/EngineMaterials/Substrate/GLints/dict_16_192_64_0p5_0p02_0004_0007.uasset" 4887
"../../../Engine/Content/EngineMaterials/Substrate/GLints/dict_16_192_64_0p5_0p02_0004_0011.uasset" 4888
"../../../Engine/Content/EngineMaterials/Substrate/GLints/dict_16_192_64_0p5_0p02_0004_0010.uasset" 4889
"../../../Engine/Content/EngineMaterials/Substrate/GLints/dict_16_192_64_0p5_0p02_0005_0000.uasset" 4890
"../../../Engine/Content/EngineMaterials/Substrate/GLints/dict_16_192_64_0p5_0p02_0005_0009.uasset" 4891
"../../../Engine/Content/EngineMaterials/Substrate/GLints/dict_16_192_64_0p5_0p02_0004_0003.uasset" 4892
"../../../Engine/Content/EngineMaterials/Substrate/GLints/dict_16_192_64_0p5_0p02_0005_0003.uasset" 4893
"../../../Engine/Content/EngineMaterials/Substrate/GLints/dict_16_192_64_0p5_0p02_0004_0012.uasset" 4894
"../../../Engine/Content/EngineMaterials/Substrate/GLints/dict_16_192_64_0p5_0p02_0004_0013.uasset" 4895
"../../../Engine/Content/EngineMaterials/Substrate/GLints/dict_16_192_64_0p5_0p02_0005_0001.uasset" 4896
"../../../Engine/Content/EngineMaterials/Substrate/GLints/dict_16_192_64_0p5_0p02_0004_0009.uasset" 4897
"../../../Engine/Content/EngineMaterials/Substrate/GLints/dict_16_192_64_0p5_0p02_0004_0008.uasset" 4898
"../../../Engine/Content/EngineMaterials/Substrate/GLints/dict_16_192_64_0p5_0p02_0005_0011.uasset" 4899
"../../../Engine/Content/EngineMaterials/Substrate/GLints/dict_16_192_64_0p5_0p02_0005_0013.uasset" 4900
"../../../Engine/Content/EngineMaterials/Substrate/GLints/dict_16_192_64_0p5_0p02_0005_0008.uasset" 4901
"../../../Engine/Content/EngineMaterials/Substrate/GLints/dict_16_192_64_0p5_0p02_0004_0014.uasset" 4902
"/Engine/EngineMaterials/Substrate/GLints/dict_16_192_64_0p5_0p02_0005_0013" 4903
"/Engine/EngineMaterials/Substrate/GLints/dict_16_192_64_0p5_0p02_0005_0012" 4904
"/Engine/EngineMaterials/Substrate/GLints/dict_16_192_64_0p5_0p02_0005_0011" 4905
"/Engine/EngineMaterials/Substrate/GLints/dict_16_192_64_0p5_0p02_0005_0010" 4906
"/Engine/EngineMaterials/Substrate/GLints/dict_16_192_64_0p5_0p02_0005_0009" 4907
"/Engine/EngineMaterials/Substrate/GLints/dict_16_192_64_0p5_0p02_0005_0008" 4908
"/Engine/EngineMaterials/Substrate/GLints/dict_16_192_64_0p5_0p02_0005_0007" 4909
"/Engine/EngineMaterials/Substrate/GLints/dict_16_192_64_0p5_0p02_0005_0006" 4910
"/Engine/EngineMaterials/Substrate/GLints/dict_16_192_64_0p5_0p02_0005_0005" 4911
"/Engine/EngineMaterials/Substrate/GLints/dict_16_192_64_0p5_0p02_0005_0004" 4912
"/Engine/EngineMaterials/Substrate/GLints/dict_16_192_64_0p5_0p02_0005_0003" 4913
"/Engine/EngineMaterials/Substrate/GLints/dict_16_192_64_0p5_0p02_0005_0002" 4914
"/Engine/EngineMaterials/Substrate/GLints/dict_16_192_64_0p5_0p02_0005_0001" 4915
"/Engine/EngineMaterials/Substrate/GLints/dict_16_192_64_0p5_0p02_0005_0000" 4916
"/Engine/EngineMaterials/Substrate/GLints/dict_16_192_64_0p5_0p02_0004_0015" 4917
"/Engine/EngineMaterials/Substrate/GLints/dict_16_192_64_0p5_0p02_0004_0014" 4918
"/Engine/EngineMaterials/Substrate/GLints/dict_16_192_64_0p5_0p02_0004_0013" 4919
"/Engine/EngineMaterials/Substrate/GLints/dict_16_192_64_0p5_0p02_0004_0012" 4920
"/Engine/EngineMaterials/Substrate/GLints/dict_16_192_64_0p5_0p02_0004_0011" 4921
"/Engine/EngineMaterials/Substrate/GLints/dict_16_192_64_0p5_0p02_0004_0010" 4922
"/Engine/EngineMaterials/Substrate/GLints/dict_16_192_64_0p5_0p02_0004_0009" 4923
"/Engine/EngineMaterials/Substrate/GLints/dict_16_192_64_0p5_0p02_0004_0008" 4924
"/Engine/EngineMaterials/Substrate/GLints/dict_16_192_64_0p5_0p02_0004_0007" 4925
"/Engine/EngineMaterials/Substrate/GLints/dict_16_192_64_0p5_0p02_0004_0006" 4926
"/Engine/EngineMaterials/Substrate/GLints/dict_16_192_64_0p5_0p02_0004_0005" 4927
"/Engine/EngineMaterials/Substrate/GLints/dict_16_192_64_0p5_0p02_0004_0004" 4928
"/Engine/EngineMaterials/Substrate/GLints/dict_16_192_64_0p5_0p02_0004_0003" 4929
"/Engine/EngineMaterials/Substrate/GLints/dict_16_192_64_0p5_0p02_0004_0002" 4930
"/Engine/EngineMaterials/Substrate/GLints/dict_16_192_64_0p5_0p02_0004_0001" 4931
"/Engine/EngineMaterials/Substrate/GLints/dict_16_192_64_0p5_0p02_0004_0000" 4932
"/Engine/EngineMaterials/Substrate/GLints/dict_16_192_64_0p5_0p02_0003_0015" 4933
"/Engine/EngineMaterials/Substrate/GLints/dict_16_192_64_0p5_0p02_0003_0014" 4934
"../../../Engine/Content/EngineMaterials/Substrate/GLints/dict_16_192_64_0p5_0p02_0005_0015.uasset" 4935
"../../../Engine/Content/EngineMaterials/Substrate/GLints/dict_16_192_64_0p5_0p02_0006_0001.uasset" 4936
"../../../Engine/Content/EngineMaterials/Substrate/GLints/dict_16_192_64_0p5_0p02_0005_0014.uasset" 4937
"../../../Engine/Content/EngineMaterials/Substrate/GLints/dict_16_192_64_0p5_0p02_0006_0002.uasset" 4938
"../../../Engine/Content/EngineMaterials/Substrate/GLints/dict_16_192_64_0p5_0p02_0006_0000.uasset" 4939
"../../../Engine/Content/EngineMaterials/Substrate/GLints/dict_16_192_64_0p5_0p02_0006_0007.uasset" 4940
"../../../Engine/Content/EngineMaterials/Substrate/GLints/dict_16_192_64_0p5_0p02_0007_0003.uasset" 4941
"../../../Engine/Content/EngineMaterials/Substrate/GLints/dict_16_192_64_0p5_0p02_0006_0009.uasset" 4942
"../../../Engine/Content/EngineMaterials/Substrate/GLints/dict_16_192_64_0p5_0p02_0006_0006.uasset" 4943
"../../../Engine/Content/EngineMaterials/Substrate/GLints/dict_16_192_64_0p5_0p02_0006_0014.uasset" 4944
"../../../Engine/Content/EngineMaterials/Substrate/GLints/dict_16_192_64_0p5_0p02_0007_0001.uasset" 4945
"../../../Engine/Content/EngineMaterials/Substrate/GLints/dict_16_192_64_0p5_0p02_0006_0015.uasset" 4946
"../../../Engine/Content/EngineMaterials/Substrate/GLints/dict_16_192_64_0p5_0p02_0006_0005.uasset" 4947
"../../../Engine/Content/EngineMaterials/Substrate/GLints/dict_16_192_64_0p5_0p02_0007_0008.uasset" 4948
"../../../Engine/Content/EngineMaterials/Substrate/GLints/dict_16_192_64_0p5_0p02_0007_0007.uasset" 4949
"../../../Engine/Content/EngineMaterials/Substrate/GLints/dict_16_192_64_0p5_0p02_0006_0003.uasset" 4950
"../../../Engine/Content/EngineMaterials/Substrate/GLints/dict_16_192_64_0p5_0p02_0007_0009.uasset" 4951
"../../../Engine/Content/EngineMaterials/Substrate/GLints/dict_16_192_64_0p5_0p02_0007_0011.uasset" 4952
"../../../Engine/Content/EngineMaterials/Substrate/GLints/dict_16_192_64_0p5_0p02_0006_0011.uasset" 4953
"../../../Engine/Content/EngineMaterials/Substrate/GLints/dict_16_192_64_0p5_0p02_0007_0012.uasset" 4954
"../../../Engine/Content/EngineMaterials/Substrate/GLints/dict_16_192_64_0p5_0p02_0006_0012.uasset" 4955
"../../../Engine/Content/EngineMaterials/Substrate/GLints/dict_16_192_64_0p5_0p02_0006_0004.uasset" 4956
"../../../Engine/Content/EngineMaterials/Substrate/GLints/dict_16_192_64_0p5_0p02_0007_0004.uasset" 4957
"../../../Engine/Content/EngineMaterials/Substrate/GLints/dict_16_192_64_0p5_0p02_0007_0010.uasset" 4958
"../../../Engine/Content/EngineMaterials/Substrate/GLints/dict_16_192_64_0p5_0p02_0007_0013.uasset" 4959
"../../../Engine/Content/EngineMaterials/Substrate/GLints/dict_16_192_64_0p5_0p02_0007_0002.uasset" 4960
"../../../Engine/Content/EngineMaterials/Substrate/GLints/dict_16_192_64_0p5_0p02_0007_0000.uasset" 4961
"../../../Engine/Content/EngineMaterials/Substrate/GLints/dict_16_192_64_0p5_0p02_0007_0005.uasset" 4962
"../../../Engine/Content/EngineMaterials/Substrate/GLints/dict_16_192_64_0p5_0p02_0007_0006.uasset" 4963
"../../../Engine/Content/EngineMaterials/Substrate/GLints/dict_16_192_64_0p5_0p02_0006_0013.uasset" 4964
"../../../Engine/Content/EngineMaterials/Substrate/GLints/dict_16_192_64_0p5_0p02_0006_0008.uasset" 4965
"../../../Engine/Content/EngineMaterials/Substrate/GLints/dict_16_192_64_0p5_0p02_0006_0010.uasset" 4966
"C:/Users/tazmi/AppData/Local/Temp/UnrealShaderWorkingDir/485F0EA64AE9996EA3B56F8F1ED393D1/2/WorkerOutputOnly.out" 4967
"C:/Users/tazmi/AppData/Local/Temp/UnrealShaderWorkingDir/485F0EA64AE9996EA3B56F8F1ED393D1/4/WorkerOutputOnly.out" 4968
"C:/Users/tazmi/AppData/Local/Temp/UnrealShaderWorkingDir/485F0EA64AE9996EA3B56F8F1ED393D1/5/WorkerOutputOnly.out" 4969
"/Engine/EngineMaterials/Substrate/GLints/dict_16_192_64_0p5_0p02_0007_0013" 4970
"/Engine/EngineMaterials/Substrate/GLints/dict_16_192_64_0p5_0p02_0007_0012" 4971
"/Engine/EngineMaterials/Substrate/GLints/dict_16_192_64_0p5_0p02_0007_0011" 4972
"/Engine/EngineMaterials/Substrate/GLints/dict_16_192_64_0p5_0p02_0007_0010" 4973
"/Engine/EngineMaterials/Substrate/GLints/dict_16_192_64_0p5_0p02_0007_0009" 4974
"/Engine/EngineMaterials/Substrate/GLints/dict_16_192_64_0p5_0p02_0007_0008" 4975
"/Engine/EngineMaterials/Substrate/GLints/dict_16_192_64_0p5_0p02_0007_0007" 4976
"/Engine/EngineMaterials/Substrate/GLints/dict_16_192_64_0p5_0p02_0007_0006" 4977
"/Engine/EngineMaterials/Substrate/GLints/dict_16_192_64_0p5_0p02_0007_0005" 4978
"/Engine/EngineMaterials/Substrate/GLints/dict_16_192_64_0p5_0p02_0007_0004" 4979
"/Engine/EngineMaterials/Substrate/GLints/dict_16_192_64_0p5_0p02_0007_0003" 4980
"/Engine/EngineMaterials/Substrate/GLints/dict_16_192_64_0p5_0p02_0007_0002" 4981
"/Engine/EngineMaterials/Substrate/GLints/dict_16_192_64_0p5_0p02_0007_0001" 4982
"/Engine/EngineMaterials/Substrate/GLints/dict_16_192_64_0p5_0p02_0007_0000" 4983
"/Engine/EngineMaterials/Substrate/GLints/dict_16_192_64_0p5_0p02_0006_0015" 4984
"/Engine/EngineMaterials/Substrate/GLints/dict_16_192_64_0p5_0p02_0006_0014" 4985
"/Engine/EngineMaterials/Substrate/GLints/dict_16_192_64_0p5_0p02_0006_0013" 4986
"/Engine/EngineMaterials/Substrate/GLints/dict_16_192_64_0p5_0p02_0006_0012" 4987
"/Engine/EngineMaterials/Substrate/GLints/dict_16_192_64_0p5_0p02_0006_0011" 4988
"/Engine/EngineMaterials/Substrate/GLints/dict_16_192_64_0p5_0p02_0006_0010" 4989
"/Engine/EngineMaterials/Substrate/GLints/dict_16_192_64_0p5_0p02_0006_0009" 4990
"/Engine/EngineMaterials/Substrate/GLints/dict_16_192_64_0p5_0p02_0006_0008" 4991
"/Engine/EngineMaterials/Substrate/GLints/dict_16_192_64_0p5_0p02_0006_0007" 4992
"/Engine/EngineMaterials/Substrate/GLints/dict_16_192_64_0p5_0p02_0006_0006" 4993
"/Engine/EngineMaterials/Substrate/GLints/dict_16_192_64_0p5_0p02_0006_0005" 4994
"/Engine/EngineMaterials/Substrate/GLints/dict_16_192_64_0p5_0p02_0006_0004" 4995
"/Engine/EngineMaterials/Substrate/GLints/dict_16_192_64_0p5_0p02_0006_0003" 4996
"/Engine/EngineMaterials/Substrate/GLints/dict_16_192_64_0p5_0p02_0006_0002" 4997
"/Engine/EngineMaterials/Substrate/GLints/dict_16_192_64_0p5_0p02_0006_0001" 4998
"/Engine/EngineMaterials/Substrate/GLints/dict_16_192_64_0p5_0p02_0006_0000" 4999
"/Engine/EngineMaterials/Substrate/GLints/dict_16_192_64_0p5_0p02_0005_0015" 5000
"/Engine/EngineMaterials/Substrate/GLints/dict_16_192_64_0p5_0p02_0005_0014" 5001
"../../../Engine/Content/EngineMaterials/Substrate/GLints/dict_16_192_64_0p5_0p02_0007_0014.uasset" 5002
"../../../Engine/Content/EngineMaterials/Substrate/GLints/dict_16_192_64_0p5_0p02_0008_0001.uasset" 5003
"../../../Engine/Content/EngineMaterials/Substrate/GLints/dict_16_192_64_0p5_0p02_0008_0004.uasset" 5004
"../../../Engine/Content/EngineMaterials/Substrate/GLints/dict_16_192_64_0p5_0p02_0007_0015.uasset" 5005
"../../../Engine/Content/EngineMaterials/Substrate/GLints/dict_16_192_64_0p5_0p02_0008_0005.uasset" 5006
"../../../Engine/Content/EngineMaterials/Substrate/GLints/dict_16_192_64_0p5_0p02_0008_0002.uasset" 5007
"../../../Engine/Content/EngineMaterials/Substrate/GLints/dict_16_192_64_0p5_0p02_0008_0008.uasset" 5008
"../../../Engine/Content/EngineMaterials/Substrate/GLints/dict_16_192_64_0p5_0p02_0008_0010.uasset" 5009
"../../../Engine/Content/EngineMaterials/Substrate/GLints/dict_16_192_64_0p5_0p02_0008_0009.uasset" 5010
"../../../Engine/Content/EngineMaterials/Substrate/GLints/dict_16_192_64_0p5_0p02_0008_0007.uasset" 5011
"../../../Engine/Content/EngineMaterials/Substrate/GLints/dict_16_192_64_0p5_0p02_0009_0003.uasset" 5012
"../../../Engine/Content/EngineMaterials/Substrate/GLints/dict_16_192_64_0p5_0p02_0009_0000.uasset" 5013
"../../../Engine/Content/EngineMaterials/Substrate/GLints/dict_16_192_64_0p5_0p02_0008_0003.uasset" 5014
"../../../Engine/Content/EngineMaterials/Substrate/GLints/dict_16_192_64_0p5_0p02_0008_0014.uasset" 5015
"../../../Engine/Content/EngineMaterials/Substrate/GLints/dict_16_192_64_0p5_0p02_0008_0006.uasset" 5016
"../../../Engine/Content/EngineMaterials/Substrate/GLints/dict_16_192_64_0p5_0p02_0008_0011.uasset" 5017
"../../../Engine/Content/EngineMaterials/Substrate/GLints/dict_16_192_64_0p5_0p02_0009_0006.uasset" 5018
"../../../Engine/Content/EngineMaterials/Substrate/GLints/dict_16_192_64_0p5_0p02_0009_0009.uasset" 5019
"../../../Engine/Content/EngineMaterials/Substrate/GLints/dict_16_192_64_0p5_0p02_0009_0008.uasset" 5020
"../../../Engine/Content/EngineMaterials/Substrate/GLints/dict_16_192_64_0p5_0p02_0009_0013.uasset" 5021
"../../../Engine/Content/EngineMaterials/Substrate/GLints/dict_16_192_64_0p5_0p02_0009_0010.uasset" 5022
"../../../Engine/Content/EngineMaterials/Substrate/GLints/dict_16_192_64_0p5_0p02_0008_0000.uasset" 5023
"../../../Engine/Content/EngineMaterials/Substrate/GLints/dict_16_192_64_0p5_0p02_0008_0012.uasset" 5024
"../../../Engine/Content/EngineMaterials/Substrate/GLints/dict_16_192_64_0p5_0p02_0008_0015.uasset" 5025
"../../../Engine/Content/EngineMaterials/Substrate/GLints/dict_16_192_64_0p5_0p02_0009_0002.uasset" 5026
"../../../Engine/Content/EngineMaterials/Substrate/GLints/dict_16_192_64_0p5_0p02_0009_0005.uasset" 5027
"../../../Engine/Content/EngineMaterials/Substrate/GLints/dict_16_192_64_0p5_0p02_0009_0012.uasset" 5028
"../../../Engine/Content/EngineMaterials/Substrate/GLints/dict_16_192_64_0p5_0p02_0009_0007.uasset" 5029
"../../../Engine/Content/EngineMaterials/Substrate/GLints/dict_16_192_64_0p5_0p02_0009_0001.uasset" 5030
"../../../Engine/Content/EngineMaterials/Substrate/GLints/dict_16_192_64_0p5_0p02_0008_0013.uasset" 5031
"../../../Engine/Content/EngineMaterials/Substrate/GLints/dict_16_192_64_0p5_0p02_0009_0004.uasset" 5032
"../../../Engine/Content/EngineMaterials/Substrate/GLints/dict_16_192_64_0p5_0p02_0009_0011.uasset" 5033
"C:/Users/tazmi/AppData/Local/Temp/UnrealShaderWorkingDir/485F0EA64AE9996EA3B56F8F1ED393D1/3/WorkerOutputOnly.out" 5034
"/Engine/EngineMaterials/Substrate/GLints/dict_16_192_64_0p5_0p02_0009_0013" 5035
"/Engine/EngineMaterials/Substrate/GLints/dict_16_192_64_0p5_0p02_0009_0012" 5036
"/Engine/EngineMaterials/Substrate/GLints/dict_16_192_64_0p5_0p02_0009_0011" 5037
"/Engine/EngineMaterials/Substrate/GLints/dict_16_192_64_0p5_0p02_0009_0010" 5038
"/Engine/EngineMaterials/Substrate/GLints/dict_16_192_64_0p5_0p02_0009_0009" 5039
"/Engine/EngineMaterials/Substrate/GLints/dict_16_192_64_0p5_0p02_0009_0008" 5040
"/Engine/EngineMaterials/Substrate/GLints/dict_16_192_64_0p5_0p02_0009_0007" 5041
"/Engine/EngineMaterials/Substrate/GLints/dict_16_192_64_0p5_0p02_0009_0006" 5042
"/Engine/EngineMaterials/Substrate/GLints/dict_16_192_64_0p5_0p02_0009_0005" 5043
"/Engine/EngineMaterials/Substrate/GLints/dict_16_192_64_0p5_0p02_0009_0004" 5044
"/Engine/EngineMaterials/Substrate/GLints/dict_16_192_64_0p5_0p02_0009_0003" 5045
"/Engine/EngineMaterials/Substrate/GLints/dict_16_192_64_0p5_0p02_0009_0002" 5046
"/Engine/EngineMaterials/Substrate/GLints/dict_16_192_64_0p5_0p02_0009_0001" 5047
"/Engine/EngineMaterials/Substrate/GLints/dict_16_192_64_0p5_0p02_0009_0000" 5048
"/Engine/EngineMaterials/Substrate/GLints/dict_16_192_64_0p5_0p02_0008_0015" 5049
"/Engine/EngineMaterials/Substrate/GLints/dict_16_192_64_0p5_0p02_0008_0014" 5050
"/Engine/EngineMaterials/Substrate/GLints/dict_16_192_64_0p5_0p02_0008_0013" 5051
"/Engine/EngineMaterials/Substrate/GLints/dict_16_192_64_0p5_0p02_0008_0012" 5052
"/Engine/EngineMaterials/Substrate/GLints/dict_16_192_64_0p5_0p02_0008_0011" 5053
"/Engine/EngineMaterials/Substrate/GLints/dict_16_192_64_0p5_0p02_0008_0010" 5054
"/Engine/EngineMaterials/Substrate/GLints/dict_16_192_64_0p5_0p02_0008_0009" 5055
"/Engine/EngineMaterials/Substrate/GLints/dict_16_192_64_0p5_0p02_0008_0008" 5056
"/Engine/EngineMaterials/Substrate/GLints/dict_16_192_64_0p5_0p02_0008_0007" 5057
"/Engine/EngineMaterials/Substrate/GLints/dict_16_192_64_0p5_0p02_0008_0006" 5058
"/Engine/EngineMaterials/Substrate/GLints/dict_16_192_64_0p5_0p02_0008_0005" 5059
"/Engine/EngineMaterials/Substrate/GLints/dict_16_192_64_0p5_0p02_0008_0004" 5060
"/Engine/EngineMaterials/Substrate/GLints/dict_16_192_64_0p5_0p02_0008_0003" 5061
"/Engine/EngineMaterials/Substrate/GLints/dict_16_192_64_0p5_0p02_0008_0002" 5062
"/Engine/EngineMaterials/Substrate/GLints/dict_16_192_64_0p5_0p02_0008_0001" 5063
"/Engine/EngineMaterials/Substrate/GLints/dict_16_192_64_0p5_0p02_0008_0000" 5064
"/Engine/EngineMaterials/Substrate/GLints/dict_16_192_64_0p5_0p02_0007_0015" 5065
"/Engine/EngineMaterials/Substrate/GLints/dict_16_192_64_0p5_0p02_0007_0014" 5066
"../../../Engine/Content/EngineMaterials/Substrate/GLints/dict_16_192_64_0p5_0p02_0010_0001.uasset" 5067
"../../../Engine/Content/EngineMaterials/Substrate/GLints/dict_16_192_64_0p5_0p02_0010_0003.uasset" 5068
"../../../Engine/Content/EngineMaterials/Substrate/GLints/dict_16_192_64_0p5_0p02_0010_0007.uasset" 5069
"../../../Engine/Content/EngineMaterials/Substrate/GLints/dict_16_192_64_0p5_0p02_0009_0014.uasset" 5070
"../../../Engine/Content/EngineMaterials/Substrate/GLints/dict_16_192_64_0p5_0p02_0010_0009.uasset" 5071
"../../../Engine/Content/EngineMaterials/Substrate/GLints/dict_16_192_64_0p5_0p02_0011_0004.uasset" 5072
"../../../Engine/Content/EngineMaterials/Substrate/GLints/dict_16_192_64_0p5_0p02_0009_0015.uasset" 5073
"../../../Engine/Content/EngineMaterials/Substrate/GLints/dict_16_192_64_0p5_0p02_0011_0009.uasset" 5074
"../../../Engine/Content/EngineMaterials/Substrate/GLints/dict_16_192_64_0p5_0p02_0010_0012.uasset" 5075
"/Engine/EngineMaterials/Substrate/GLints/dict_16_192_64_0p5_0p02_0011_0009" 5076
"../../../Engine/Content/EngineMaterials/Substrate/GLints/dict_16_192_64_0p5_0p02_0011_0000.uasset" 5077
"/Engine/EngineMaterials/Substrate/GLints/dict_16_192_64_0p5_0p02_0011_0004" 5078
"../../../Engine/Content/EngineMaterials/Substrate/GLints/dict_16_192_64_0p5_0p02_0011_0002.uasset" 5079
"/Engine/EngineMaterials/Substrate/GLints/dict_16_192_64_0p5_0p02_0010_0012" 5080
"/Engine/EngineMaterials/Substrate/GLints/dict_16_192_64_0p5_0p02_0010_0009" 5081
"../../../Engine/Content/EngineMaterials/Substrate/GLints/dict_16_192_64_0p5_0p02_0010_0000.uasset" 5082
"/Engine/EngineMaterials/Substrate/GLints/dict_16_192_64_0p5_0p02_0010_0007" 5083
"../../../Engine/Content/EngineMaterials/Substrate/GLints/dict_16_192_64_0p5_0p02_0010_0002.uasset" 5084
"/Engine/EngineMaterials/Substrate/GLints/dict_16_192_64_0p5_0p02_0010_0003" 5085
"../../../Engine/Content/EngineMaterials/Substrate/GLints/dict_16_192_64_0p5_0p02_0010_0014.uasset" 5086
"/Engine/EngineMaterials/Substrate/GLints/dict_16_192_64_0p5_0p02_0010_0001" 5087
"/Engine/EngineMaterials/Substrate/GLints/dict_16_192_64_0p5_0p02_0009_0015" 5088
"/Engine/EngineMaterials/Substrate/GLints/dict_16_192_64_0p5_0p02_0009_0014" 5089
"../../../Engine/Content/EngineMaterials/Substrate/GLints/dict_16_192_64_0p5_0p02_0010_0015.uasset" 5090
"../../../Engine/Content/EngineMaterials/Substrate/GLints/dict_16_192_64_0p5_0p02_0010_0004.uasset" 5091
"../../../Engine/Content/EngineMaterials/Substrate/GLints/dict_16_192_64_0p5_0p02_0011_0006.uasset" 5092
"../../../Engine/Content/EngineMaterials/Substrate/GLints/dict_16_192_64_0p5_0p02_0011_0001.uasset" 5093
"/Engine/EngineMaterials/Substrate/GLints/dict_16_192_64_0p5_0p02_0011_0006" 5094
"/Engine/EngineMaterials/Substrate/GLints/dict_16_192_64_0p5_0p02_0011_0002" 5095
"../../../Engine/Content/EngineMaterials/Substrate/GLints/dict_16_192_64_0p5_0p02_0010_0005.uasset" 5096
"/Engine/EngineMaterials/Substrate/GLints/dict_16_192_64_0p5_0p02_0011_0001" 5097
"/Engine/EngineMaterials/Substrate/GLints/dict_16_192_64_0p5_0p02_0011_0000" 5098
"../../../Engine/Content/EngineMaterials/Substrate/GLints/dict_16_192_64_0p5_0p02_0010_0008.uasset" 5099
"../../../Engine/Content/EngineMaterials/Substrate/GLints/dict_16_192_64_0p5_0p02_0012_0006.uasset" 5100
"/Engine/EngineMaterials/Substrate/GLints/dict_16_192_64_0p5_0p02_0010_0015" 5101
"../../../Engine/Content/EngineMaterials/Substrate/GLints/dict_16_192_64_0p5_0p02_0011_0012.uasset" 5102
"/Engine/EngineMaterials/Substrate/GLints/dict_16_192_64_0p5_0p02_0010_0014" 5103
"../../../Engine/Content/EngineMaterials/Substrate/GLints/dict_16_192_64_0p5_0p02_0011_0003.uasset" 5104
"/Engine/EngineMaterials/Substrate/GLints/dict_16_192_64_0p5_0p02_0010_0004" 5105
"/Engine/EngineMaterials/Substrate/GLints/dict_16_192_64_0p5_0p02_0010_0002" 5106
"../../../Engine/Content/EngineMaterials/Substrate/GLints/dict_16_192_64_0p5_0p02_0010_0011.uasset" 5107
"/Engine/EngineMaterials/Substrate/GLints/dict_16_192_64_0p5_0p02_0010_0000" 5108
"/Engine/EngineMaterials/Substrate/GLints/dict_16_192_64_0p5_0p02_0011_0012" 5109
"../../../Engine/Content/EngineMaterials/Substrate/GLints/dict_16_192_64_0p5_0p02_0012_0000.uasset" 5110
"/Engine/EngineMaterials/Substrate/GLints/dict_16_192_64_0p5_0p02_0012_0006" 5111
"/Engine/EngineMaterials/Substrate/GLints/dict_16_192_64_0p5_0p02_0011_0003" 5112
"../../../Engine/Content/EngineMaterials/Substrate/GLints/dict_16_192_64_0p5_0p02_0011_0007.uasset" 5113
"/Engine/EngineMaterials/Substrate/GLints/dict_16_192_64_0p5_0p02_0010_0011" 5114
"/Engine/EngineMaterials/Substrate/GLints/dict_16_192_64_0p5_0p02_0010_0008" 5115
"../../../Engine/Content/EngineMaterials/Substrate/GLints/dict_16_192_64_0p5_0p02_0010_0013.uasset" 5116
"/Engine/EngineMaterials/Substrate/GLints/dict_16_192_64_0p5_0p02_0010_0005" 5117
"/Engine/EngineMaterials/Substrate/GLints/dict_16_192_64_0p5_0p02_0011_0007" 5118
"../../../Engine/Content/EngineMaterials/Substrate/GLints/dict_16_192_64_0p5_0p02_0011_0015.uasset" 5119
"/Engine/EngineMaterials/Substrate/GLints/dict_16_192_64_0p5_0p02_0010_0013" 5120
"/Engine/EngineMaterials/Substrate/GLints/dict_16_192_64_0p5_0p02_0012_0000" 5121
"../../../Engine/Content/EngineMaterials/Substrate/GLints/dict_16_192_64_0p5_0p02_0012_0012.uasset" 5122
"/Engine/EngineMaterials/Substrate/GLints/dict_16_192_64_0p5_0p02_0012_0012" 5123
"/Engine/EngineMaterials/Substrate/GLints/dict_16_192_64_0p5_0p02_0011_0015" 5124
"../../../Engine/Content/EngineMaterials/Substrate/GLints/dict_16_192_64_0p5_0p02_0012_0001.uasset" 5125
"/Engine/EngineMaterials/Substrate/GLints/dict_16_192_64_0p5_0p02_0012_0001" 5126
"../../../Engine/Content/EngineMaterials/Substrate/GLints/dict_16_192_64_0p5_0p02_0012_0015.uasset" 5127
"../../../Engine/Content/EngineMaterials/Substrate/GLints/dict_16_192_64_0p5_0p02_0012_0005.uasset" 5128
"../../../Engine/Content/EngineMaterials/Substrate/GLints/dict_16_192_64_0p5_0p02_0010_0010.uasset" 5129
"../../../Engine/Content/EngineMaterials/Substrate/GLints/dict_16_192_64_0p5_0p02_0011_0008.uasset" 5130
"../../../Engine/Content/EngineMaterials/Substrate/GLints/dict_16_192_64_0p5_0p02_0012_0004.uasset" 5131
"../../../Engine/Content/EngineMaterials/Substrate/GLints/dict_16_192_64_0p5_0p02_0011_0014.uasset" 5132
"../../../Engine/Content/EngineMaterials/Substrate/GLints/dict_16_192_64_0p5_0p02_0012_0014.uasset" 5133
"../../../Engine/Content/EngineMaterials/Substrate/GLints/dict_16_192_64_0p5_0p02_0012_0013.uasset" 5134
"../../../Engine/Content/EngineMaterials/Substrate/GLints/dict_16_192_64_0p5_0p02_0012_0010.uasset" 5135
"../../../Engine/Content/EngineMaterials/Substrate/GLints/dict_16_192_64_0p5_0p02_0012_0009.uasset" 5136
"../../../Engine/Content/EngineMaterials/Substrate/GLints/dict_16_192_64_0p5_0p02_0010_0006.uasset" 5137
"../../../Engine/Content/EngineMaterials/Substrate/GLints/dict_16_192_64_0p5_0p02_0013_0001.uasset" 5138
"../../../Engine/Content/EngineMaterials/Substrate/GLints/dict_16_192_64_0p5_0p02_0013_0002.uasset" 5139
"../../../Engine/Content/EngineMaterials/Substrate/GLints/dict_16_192_64_0p5_0p02_0013_0004.uasset" 5140
"../../../Engine/Content/EngineMaterials/Substrate/GLints/dict_16_192_64_0p5_0p02_0013_0007.uasset" 5141
"../../../Engine/Content/EngineMaterials/Substrate/GLints/dict_16_192_64_0p5_0p02_0011_0011.uasset" 5142
"../../../Engine/Content/EngineMaterials/Substrate/GLints/dict_16_192_64_0p5_0p02_0013_0010.uasset" 5143
"../../../Engine/Content/EngineMaterials/Substrate/GLints/dict_16_192_64_0p5_0p02_0012_0008.uasset" 5144
"../../../Engine/Content/EngineMaterials/Substrate/GLints/dict_16_192_64_0p5_0p02_0012_0002.uasset" 5145
"../../../Engine/Content/EngineMaterials/Substrate/GLints/dict_16_192_64_0p5_0p02_0012_0007.uasset" 5146
"../../../Engine/Content/EngineMaterials/Substrate/GLints/dict_16_192_64_0p5_0p02_0012_0011.uasset" 5147
"../../../Engine/Content/EngineMaterials/Substrate/GLints/dict_16_192_64_0p5_0p02_0013_0005.uasset" 5148
"../../../Engine/Content/EngineMaterials/Substrate/GLints/dict_16_192_64_0p5_0p02_0013_0006.uasset" 5149
"../../../Engine/Content/EngineMaterials/Substrate/GLints/dict_16_192_64_0p5_0p02_0013_0008.uasset" 5150
"../../../Engine/Content/EngineMaterials/Substrate/GLints/dict_16_192_64_0p5_0p02_0012_0003.uasset" 5151
"../../../Engine/Content/EngineMaterials/Substrate/GLints/dict_16_192_64_0p5_0p02_0013_0011.uasset" 5152
"../../../Engine/Content/EngineMaterials/Substrate/GLints/dict_16_192_64_0p5_0p02_0011_0005.uasset" 5153
"../../../Engine/Content/EngineMaterials/Substrate/GLints/dict_16_192_64_0p5_0p02_0013_0003.uasset" 5154
"../../../Engine/Content/EngineMaterials/Substrate/GLints/dict_16_192_64_0p5_0p02_0011_0013.uasset" 5155
"../../../Engine/Content/EngineMaterials/Substrate/GLints/dict_16_192_64_0p5_0p02_0013_0009.uasset" 5156
"../../../Engine/Content/EngineMaterials/Substrate/GLints/dict_16_192_64_0p5_0p02_0011_0010.uasset" 5157
"../../../Engine/Content/EngineMaterials/Substrate/GLints/dict_16_192_64_0p5_0p02_0013_0000.uasset" 5158
"/Engine/EngineMaterials/Substrate/GLints/dict_16_192_64_0p5_0p02_0012_0015" 5159
"/Engine/EngineMaterials/Substrate/GLints/dict_16_192_64_0p5_0p02_0011_0013" 5160
"/Engine/EngineMaterials/Substrate/GLints/dict_16_192_64_0p5_0p02_0013_0005" 5161
"/Engine/EngineMaterials/Substrate/GLints/dict_16_192_64_0p5_0p02_0011_0011" 5162
"/Engine/EngineMaterials/Substrate/GLints/dict_16_192_64_0p5_0p02_0011_0010" 5163
"/Engine/EngineMaterials/Substrate/GLints/dict_16_192_64_0p5_0p02_0013_0004" 5164
"/Engine/EngineMaterials/Substrate/GLints/dict_16_192_64_0p5_0p02_0011_0008" 5165
"/Engine/EngineMaterials/Substrate/GLints/dict_16_192_64_0p5_0p02_0013_0008" 5166
"/Engine/EngineMaterials/Substrate/GLints/dict_16_192_64_0p5_0p02_0011_0005" 5167
"/Engine/EngineMaterials/Substrate/GLints/dict_16_192_64_0p5_0p02_0012_0005" 5168
"/Engine/EngineMaterials/Substrate/GLints/dict_16_192_64_0p5_0p02_0013_0003" 5169
"/Engine/EngineMaterials/Substrate/GLints/dict_16_192_64_0p5_0p02_0012_0014" 5170
"/Engine/EngineMaterials/Substrate/GLints/dict_16_192_64_0p5_0p02_0012_0013" 5171
"/Engine/EngineMaterials/Substrate/GLints/dict_16_192_64_0p5_0p02_0013_0010" 5172
"/Engine/EngineMaterials/Substrate/GLints/dict_16_192_64_0p5_0p02_0012_0011" 5173
"/Engine/EngineMaterials/Substrate/GLints/dict_16_192_64_0p5_0p02_0012_0010" 5174
"/Engine/EngineMaterials/Substrate/GLints/dict_16_192_64_0p5_0p02_0013_0007" 5175
"/Engine/EngineMaterials/Substrate/GLints/dict_16_192_64_0p5_0p02_0012_0004" 5176
"../../../Engine/Content/EngineMaterials/Substrate/GLints/dict_16_192_64_0p5_0p02_0013_0012.uasset" 5177
"/Engine/EngineMaterials/Substrate/GLints/dict_16_192_64_0p5_0p02_0013_0002" 5178
"/Engine/EngineMaterials/Substrate/GLints/dict_16_192_64_0p5_0p02_0010_0010" 5179
"/Engine/EngineMaterials/Substrate/GLints/dict_16_192_64_0p5_0p02_0012_0003" 5180
"/Engine/EngineMaterials/Substrate/GLints/dict_16_192_64_0p5_0p02_0013_0001" 5181
"/Engine/EngineMaterials/Substrate/GLints/dict_16_192_64_0p5_0p02_0012_0002" 5182
"/Engine/EngineMaterials/Substrate/GLints/dict_16_192_64_0p5_0p02_0010_0006" 5183
"/Engine/EngineMaterials/Substrate/GLints/dict_16_192_64_0p5_0p02_0013_0000" 5184
"/Engine/EngineMaterials/Substrate/GLints/dict_16_192_64_0p5_0p02_0012_0009" 5185
"/Engine/EngineMaterials/Substrate/GLints/dict_16_192_64_0p5_0p02_0013_0011" 5186
"/Engine/EngineMaterials/Substrate/GLints/dict_16_192_64_0p5_0p02_0012_0008" 5187
"/Engine/EngineMaterials/Substrate/GLints/dict_16_192_64_0p5_0p02_0013_0006" 5188
"/Engine/EngineMaterials/Substrate/GLints/dict_16_192_64_0p5_0p02_0012_0007" 5189
"/Engine/EngineMaterials/Substrate/GLints/dict_16_192_64_0p5_0p02_0013_0009" 5190
"/Engine/EngineMaterials/Substrate/GLints/dict_16_192_64_0p5_0p02_0011_0014" 5191
"/Engine/EngineMaterials/Substrate/GLints/dict_16_192_64_0p5_0p02_0013_0012" 5192
"../../../Engine/Content/EngineMaterials/Substrate/GLints/dict_16_192_64_0p5_0p02_0013_0013.uasset" 5193
"../../../Engine/Content/EngineMaterials/Substrate/GLints/dict_16_192_64_0p5_0p02_0013_0014.uasset" 5194
"../../../Engine/Content/EngineMaterials/Substrate/GLints/dict_16_192_64_0p5_0p02_0013_0015.uasset" 5195
"../../../Engine/Content/EngineMaterials/Substrate/GLints/dict_16_192_64_0p5_0p02_0014_0002.uasset" 5196
"../../../Engine/Content/EngineMaterials/Substrate/GLints/dict_16_192_64_0p5_0p02_0014_0004.uasset" 5197
"../../../Engine/Content/EngineMaterials/Substrate/GLints/dict_16_192_64_0p5_0p02_0014_0000.uasset" 5198
"../../../Engine/Content/EngineMaterials/Substrate/GLints/dict_16_192_64_0p5_0p02_0014_0010.uasset" 5199
"../../../Engine/Content/EngineMaterials/Substrate/GLints/dict_16_192_64_0p5_0p02_0014_0011.uasset" 5200
"/Engine/EngineMaterials/Substrate/GLints/dict_16_192_64_0p5_0p02_0014_0011" 5201
"../../../Engine/Content/EngineMaterials/Substrate/GLints/dict_16_192_64_0p5_0p02_0014_0014.uasset" 5202
"../../../Engine/Content/EngineMaterials/Substrate/GLints/dict_16_192_64_0p5_0p02_0014_0009.uasset" 5203
"/Engine/EngineMaterials/Substrate/GLints/dict_16_192_64_0p5_0p02_0014_0010" 5204
"/Engine/EngineMaterials/Substrate/GLints/dict_16_192_64_0p5_0p02_0014_0004" 5205
"/Engine/EngineMaterials/Substrate/GLints/dict_16_192_64_0p5_0p02_0014_0002" 5206
"../../../Engine/Content/EngineMaterials/Substrate/GLints/dict_16_192_64_0p5_0p02_0015_0006.uasset" 5207
"/Engine/EngineMaterials/Substrate/GLints/dict_16_192_64_0p5_0p02_0014_0000" 5208
"../../../Engine/Content/EngineMaterials/Substrate/GLints/dict_16_192_64_0p5_0p02_0014_0005.uasset" 5209
"/Engine/EngineMaterials/Substrate/GLints/dict_16_192_64_0p5_0p02_0013_0015" 5210
"../../../Engine/Content/EngineMaterials/Substrate/GLints/dict_16_192_64_0p5_0p02_0015_0004.uasset" 5211
"/Engine/EngineMaterials/Substrate/GLints/dict_16_192_64_0p5_0p02_0013_0014" 5212
"../../../Engine/Content/EngineMaterials/Substrate/GLints/dict_16_192_64_0p5_0p02_0015_0001.uasset" 5213
"/Engine/EngineMaterials/Substrate/GLints/dict_16_192_64_0p5_0p02_0013_0013" 5214
"../../../Engine/Content/EngineMaterials/Substrate/GLints/dict_16_192_64_0p5_0p02_0015_0003.uasset" 5215
"/Engine/EngineMaterials/Substrate/GLints/dict_16_192_64_0p5_0p02_0015_0006" 5216
"/Engine/EngineMaterials/Substrate/GLints/dict_16_192_64_0p5_0p02_0015_0004" 5217
"/Engine/EngineMaterials/Substrate/GLints/dict_16_192_64_0p5_0p02_0015_0003" 5218
"../../../Engine/Content/EngineMaterials/Substrate/GLints/dict_16_192_64_0p5_0p02_0015_0005.uasset" 5219
"/Engine/EngineMaterials/Substrate/GLints/dict_16_192_64_0p5_0p02_0015_0001" 5220
"../../../Engine/Content/EngineMaterials/Substrate/GLints/dict_16_192_64_0p5_0p02_0015_0012.uasset" 5221
"../../../Engine/Content/EngineMaterials/Substrate/GLints/dict_16_192_64_0p5_0p02_0015_0009.uasset" 5222
"/Engine/EngineMaterials/Substrate/GLints/dict_16_192_64_0p5_0p02_0014_0014" 5223
"/Engine/EngineMaterials/Substrate/GLints/dict_16_192_64_0p5_0p02_0014_0009" 5224
"../../../Engine/Content/EngineMaterials/Substrate/GLints/dict_16_192_64_0p5_0p02_0015_0010.uasset" 5225
"/Engine/EngineMaterials/Substrate/GLints/dict_16_192_64_0p5_0p02_0014_0005" 5226
"../../../Engine/Content/EngineMaterials/Substrate/GLints/dict_16_192_64_0p5_0p02_0015_0000.uasset" 5227
"/Engine/EngineMaterials/Substrate/GLints/dict_16_192_64_0p5_0p02_0015_0010" 5228
"../../../Engine/Content/EngineMaterials/Substrate/GLints/dict_16_192_64_0p5_0p02_0014_0012.uasset" 5229
"/Engine/EngineMaterials/Substrate/GLints/dict_16_192_64_0p5_0p02_0015_0009" 5230
"../../../Engine/Content/EngineMaterials/Substrate/GLints/dict_16_192_64_0p5_0p02_0015_0007.uasset" 5231
"/Engine/EngineMaterials/Substrate/GLints/dict_16_192_64_0p5_0p02_0015_0005" 5232
"../../../Engine/Content/EngineMaterials/Substrate/GLints/dict_16_192_64_0p5_0p02_0015_0008.uasset" 5233
"/Engine/EngineMaterials/Substrate/GLints/dict_16_192_64_0p5_0p02_0015_0012" 5234
"../../../Engine/Content/EngineMaterials/Substrate/GLints/dict_16_192_64_0p5_0p02_0014_0006.uasset" 5235
"/Engine/EngineMaterials/Substrate/GLints/dict_16_192_64_0p5_0p02_0015_0000" 5236
"../../../Engine/Content/EngineMaterials/Substrate/GLints/dict_16_192_64_0p5_0p02_0015_0014.uasset" 5237
"/Engine/EngineMaterials/Substrate/GLints/dict_16_192_64_0p5_0p02_0015_0008" 5238
"../../../Engine/Content/EngineMaterials/Substrate/GLints/dict_16_192_64_0p5_0p02_0014_0015.uasset" 5239
"/Engine/EngineMaterials/Substrate/GLints/dict_16_192_64_0p5_0p02_0015_0007" 5240
"../../../Engine/Content/EngineMaterials/Substrate/GLints/dict_16_192_64_0p5_0p02_0015_0015.uasset" 5241
"/Engine/EngineMaterials/Substrate/GLints/dict_16_192_64_0p5_0p02_0014_0012" 5242
"../../../Engine/Content/EngineMaterials/Substrate/GLints/dict_16_192_64_0p5_0p02_0014_0003.uasset" 5243
"/Engine/EngineMaterials/Substrate/GLints/dict_16_192_64_0p5_0p02_0014_0006" 5244
"../../../Engine/Content/EngineMaterials/Substrate/GLints/dict_16_192_64_0p5_0p02_0016_0001.uasset" 5245
"/Engine/EngineMaterials/Substrate/GLints/dict_16_192_64_0p5_0p02_0015_0014" 5246
"/Engine/EngineMaterials/Substrate/GLints/dict_16_192_64_0p5_0p02_0014_0015" 5247
"../../../Engine/Content/EngineMaterials/Substrate/GLints/dict_16_192_64_0p5_0p02_0016_0002.uasset" 5248
"../../../Engine/Content/EngineMaterials/Substrate/GLints/dict_16_192_64_0p5_0p02_0016_0004.uasset" 5249
"/Engine/EngineMaterials/Substrate/GLints/dict_16_192_64_0p5_0p02_0014_0003" 5250
"../../../Engine/Content/EngineMaterials/Substrate/GLints/dict_16_192_64_0p5_0p02_0014_0007.uasset" 5251
"/Engine/EngineMaterials/Substrate/GLints/dict_16_192_64_0p5_0p02_0016_0001" 5252
"../../../Engine/Content/EngineMaterials/Substrate/GLints/dict_16_192_64_0p5_0p02_0016_0005.uasset" 5253
"/Engine/EngineMaterials/Substrate/GLints/dict_16_192_64_0p5_0p02_0015_0015" 5254
"../../../Engine/Content/EngineMaterials/Substrate/GLints/dict_16_192_64_0p5_0p02_0016_0008.uasset" 5255
"/Engine/EngineMaterials/Substrate/GLints/dict_16_192_64_0p5_0p02_0016_0008" 5256
"../../../Engine/Content/EngineMaterials/Substrate/GLints/dict_16_192_64_0p5_0p02_0016_0006.uasset" 5257
"/Engine/EngineMaterials/Substrate/GLints/dict_16_192_64_0p5_0p02_0016_0004" 5258
"/Engine/EngineMaterials/Substrate/GLints/dict_16_192_64_0p5_0p02_0014_0007" 5259
"../../../Engine/Content/EngineMaterials/Substrate/GLints/dict_16_192_64_0p5_0p02_0016_0009.uasset" 5260
"/Engine/EngineMaterials/Substrate/GLints/dict_16_192_64_0p5_0p02_0016_0005" 5261
"../../../Engine/Content/EngineMaterials/Substrate/GLints/dict_16_192_64_0p5_0p02_0016_0011.uasset" 5262
"/Engine/EngineMaterials/Substrate/GLints/dict_16_192_64_0p5_0p02_0016_0002" 5263
"../../../Engine/Content/EngineMaterials/Substrate/GLints/dict_16_192_64_0p5_0p02_0015_0011.uasset" 5264
"/Engine/EngineMaterials/Substrate/GLints/dict_16_192_64_0p5_0p02_0015_0011" 5265
"/Engine/EngineMaterials/Substrate/GLints/dict_16_192_64_0p5_0p02_0016_0011" 5266
"../../../Engine/Content/EngineMaterials/Substrate/GLints/dict_16_192_64_0p5_0p02_0014_0013.uasset" 5267
"/Engine/EngineMaterials/Substrate/GLints/dict_16_192_64_0p5_0p02_0016_0009" 5268
"../../../Engine/Content/EngineMaterials/Substrate/GLints/dict_16_192_64_0p5_0p02_0016_0000.uasset" 5269
"/Engine/EngineMaterials/Substrate/GLints/dict_16_192_64_0p5_0p02_0016_0006" 5270
"../../../Engine/Content/EngineMaterials/Substrate/GLints/dict_16_192_64_0p5_0p02_0016_0015.uasset" 5271
"/Engine/EngineMaterials/Substrate/GLints/dict_16_192_64_0p5_0p02_0016_0015" 5272
"/Engine/EngineMaterials/Substrate/GLints/dict_16_192_64_0p5_0p02_0014_0013" 5273
"../../../Engine/Content/EngineMaterials/Substrate/GLints/dict_16_192_64_0p5_0p02_0017_0002.uasset" 5274
"../../../Engine/Content/EngineMaterials/Substrate/GLints/dict_16_192_64_0p5_0p02_0017_0010.uasset" 5275
"/Engine/EngineMaterials/Substrate/GLints/dict_16_192_64_0p5_0p02_0016_0000" 5276
"../../../Engine/Content/EngineMaterials/Substrate/GLints/dict_16_192_64_0p5_0p02_0017_0001.uasset" 5277
"/Engine/EngineMaterials/Substrate/GLints/dict_16_192_64_0p5_0p02_0017_0002" 5278
"/Engine/EngineMaterials/Substrate/GLints/dict_16_192_64_0p5_0p02_0017_0010" 5279
"../../../Engine/Content/EngineMaterials/Substrate/GLints/dict_16_192_64_0p5_0p02_0017_0004.uasset" 5280
"/Engine/EngineMaterials/Substrate/GLints/dict_16_192_64_0p5_0p02_0017_0001" 5281
"../../../Engine/Content/EngineMaterials/Substrate/GLints/dict_16_192_64_0p5_0p02_0017_0005.uasset" 5282
"/Engine/EngineMaterials/Substrate/GLints/dict_16_192_64_0p5_0p02_0017_0004" 5283
"/Engine/EngineMaterials/Substrate/GLints/dict_16_192_64_0p5_0p02_0017_0005" 5284
"../../../Engine/Content/EngineMaterials/Substrate/GLints/dict_16_192_64_0p5_0p02_0016_0010.uasset" 5285
"/Engine/EngineMaterials/Substrate/GLints/dict_16_192_64_0p5_0p02_0016_0010" 5286
"../../../Engine/Content/EngineMaterials/Substrate/GLints/dict_16_192_64_0p5_0p02_0015_0013.uasset" 5287
"/Engine/EngineMaterials/Substrate/GLints/dict_16_192_64_0p5_0p02_0015_0013" 5288
"../../../Engine/Content/EngineMaterials/Substrate/GLints/dict_16_192_64_0p5_0p02_0016_0013.uasset" 5289
"../../../Engine/Content/EngineMaterials/Substrate/GLints/dict_16_192_64_0p5_0p02_0016_0014.uasset" 5290
"../../../Engine/Content/EngineMaterials/Substrate/GLints/dict_16_192_64_0p5_0p02_0017_0009.uasset" 5291
"../../../Engine/Content/EngineMaterials/Substrate/GLints/dict_16_192_64_0p5_0p02_0017_0000.uasset" 5292
"../../../Engine/Content/EngineMaterials/Substrate/GLints/dict_16_192_64_0p5_0p02_0014_0001.uasset" 5293
"../../../Engine/Content/EngineMaterials/Substrate/GLints/dict_16_192_64_0p5_0p02_0017_0012.uasset" 5294
"../../../Engine/Content/EngineMaterials/Substrate/GLints/dict_16_192_64_0p5_0p02_0016_0007.uasset" 5295
"../../../Engine/Content/EngineMaterials/Substrate/GLints/dict_16_192_64_0p5_0p02_0017_0015.uasset" 5296
"../../../Engine/Content/EngineMaterials/Substrate/GLints/dict_16_192_64_0p5_0p02_0014_0008.uasset" 5297
"../../../Engine/Content/EngineMaterials/Substrate/GLints/dict_16_192_64_0p5_0p02_0018_0001.uasset" 5298
"../../../Engine/Content/EngineMaterials/Substrate/GLints/dict_16_192_64_0p5_0p02_0018_0002.uasset" 5299
"../../../Engine/Content/EngineMaterials/Substrate/GLints/dict_16_192_64_0p5_0p02_0018_0003.uasset" 5300
"../../../Engine/Content/EngineMaterials/Substrate/GLints/dict_16_192_64_0p5_0p02_0016_0012.uasset" 5301
"../../../Engine/Content/EngineMaterials/Substrate/GLints/dict_16_192_64_0p5_0p02_0018_0004.uasset" 5302
"../../../Engine/Content/EngineMaterials/Substrate/GLints/dict_16_192_64_0p5_0p02_0015_0002.uasset" 5303
"../../../Engine/Content/EngineMaterials/Substrate/GLints/dict_16_192_64_0p5_0p02_0018_0006.uasset" 5304
"../../../Engine/Content/EngineMaterials/Substrate/GLints/dict_16_192_64_0p5_0p02_0017_0003.uasset" 5305
"../../../Engine/Content/EngineMaterials/Substrate/GLints/dict_16_192_64_0p5_0p02_0018_0008.uasset" 5306
"../../../Engine/Content/EngineMaterials/Substrate/GLints/dict_16_192_64_0p5_0p02_0017_0014.uasset" 5307
"../../../Engine/Content/EngineMaterials/Substrate/GLints/dict_16_192_64_0p5_0p02_0018_0012.uasset" 5308
"../../../Engine/Content/EngineMaterials/Substrate/GLints/dict_16_192_64_0p5_0p02_0018_0000.uasset" 5309
"../../../Engine/Content/EngineMaterials/Substrate/GLints/dict_16_192_64_0p5_0p02_0017_0008.uasset" 5310
"../../../Engine/Content/EngineMaterials/Substrate/GLints/dict_16_192_64_0p5_0p02_0016_0003.uasset" 5311
"../../../Engine/Content/EngineMaterials/Substrate/GLints/dict_16_192_64_0p5_0p02_0017_0011.uasset" 5312
"../../../Engine/Content/EngineMaterials/Substrate/GLints/dict_16_192_64_0p5_0p02_0018_0007.uasset" 5313
"../../../Engine/Content/EngineMaterials/Substrate/GLints/dict_16_192_64_0p5_0p02_0018_0009.uasset" 5314
"../../../Engine/Content/EngineMaterials/Substrate/GLints/dict_16_192_64_0p5_0p02_0018_0011.uasset" 5315
"../../../Engine/Content/EngineMaterials/Substrate/GLints/dict_16_192_64_0p5_0p02_0017_0007.uasset" 5316
"../../../Engine/Content/EngineMaterials/Substrate/GLints/dict_16_192_64_0p5_0p02_0018_0005.uasset" 5317
"../../../Engine/Content/EngineMaterials/Substrate/GLints/dict_16_192_64_0p5_0p02_0018_0010.uasset" 5318
"../../../Engine/Content/EngineMaterials/Substrate/GLints/dict_16_192_64_0p5_0p02_0017_0013.uasset" 5319
"../../../Engine/Content/EngineMaterials/Substrate/GLints/dict_16_192_64_0p5_0p02_0017_0006.uasset" 5320
"/Engine/EngineMaterials/Substrate/GLints/dict_16_192_64_0p5_0p02_0018_0002" 5321
"/Engine/EngineMaterials/Substrate/GLints/dict_16_192_64_0p5_0p02_0017_0000" 5322
"/Engine/EngineMaterials/Substrate/GLints/dict_16_192_64_0p5_0p02_0018_0005" 5323
"/Engine/EngineMaterials/Substrate/GLints/dict_16_192_64_0p5_0p02_0018_0010" 5324
"/Engine/EngineMaterials/Substrate/GLints/dict_16_192_64_0p5_0p02_0018_0009" 5325
"/Engine/EngineMaterials/Substrate/GLints/dict_16_192_64_0p5_0p02_0018_0001" 5326
"/Engine/EngineMaterials/Substrate/GLints/dict_16_192_64_0p5_0p02_0016_0014" 5327
"/Engine/EngineMaterials/Substrate/GLints/dict_16_192_64_0p5_0p02_0016_0013" 5328
"/Engine/EngineMaterials/Substrate/GLints/dict_16_192_64_0p5_0p02_0018_0011" 5329
"/Engine/EngineMaterials/Substrate/GLints/dict_16_192_64_0p5_0p02_0018_0000" 5330
"/Engine/EngineMaterials/Substrate/GLints/dict_16_192_64_0p5_0p02_0015_0002" 5331
"/Engine/EngineMaterials/Substrate/GLints/dict_16_192_64_0p5_0p02_0017_0014" 5332
"/Engine/EngineMaterials/Substrate/GLints/dict_16_192_64_0p5_0p02_0016_0012" 5333
"/Engine/EngineMaterials/Substrate/GLints/dict_16_192_64_0p5_0p02_0017_0009" 5334
"/Engine/EngineMaterials/Substrate/GLints/dict_16_192_64_0p5_0p02_0016_0007" 5335
"/Engine/EngineMaterials/Substrate/GLints/dict_16_192_64_0p5_0p02_0018_0004" 5336
"/Engine/EngineMaterials/Substrate/GLints/dict_16_192_64_0p5_0p02_0017_0003" 5337
"/Engine/EngineMaterials/Substrate/GLints/dict_16_192_64_0p5_0p02_0017_0013" 5338
"/Engine/EngineMaterials/Substrate/GLints/dict_16_192_64_0p5_0p02_0016_0003" 5339
"/Engine/EngineMaterials/Substrate/GLints/dict_16_192_64_0p5_0p02_0017_0015" 5340
"/Engine/EngineMaterials/Substrate/GLints/dict_16_192_64_0p5_0p02_0014_0008" 5341
"/Engine/EngineMaterials/Substrate/GLints/dict_16_192_64_0p5_0p02_0017_0012" 5342
"/Engine/EngineMaterials/Substrate/GLints/dict_16_192_64_0p5_0p02_0018_0008" 5343
"/Engine/EngineMaterials/Substrate/GLints/dict_16_192_64_0p5_0p02_0017_0011" 5344
"/Engine/EngineMaterials/Substrate/GLints/dict_16_192_64_0p5_0p02_0018_0007" 5345
"/Engine/EngineMaterials/Substrate/GLints/dict_16_192_64_0p5_0p02_0017_0008" 5346
"/Engine/EngineMaterials/Substrate/GLints/dict_16_192_64_0p5_0p02_0017_0007" 5347
"/Engine/EngineMaterials/Substrate/GLints/dict_16_192_64_0p5_0p02_0014_0001" 5348
"/Engine/EngineMaterials/Substrate/GLints/dict_16_192_64_0p5_0p02_0018_0003" 5349
"/Engine/EngineMaterials/Substrate/GLints/dict_16_192_64_0p5_0p02_0017_0006" 5350
"/Engine/EngineMaterials/Substrate/GLints/dict_16_192_64_0p5_0p02_0018_0006" 5351
"/Engine/EngineMaterials/Substrate/GLints/dict_16_192_64_0p5_0p02_0018_0012" 5352
"../../../Engine/Content/EngineMaterials/Substrate/GLints/dict_16_192_64_0p5_0p02_0018_0015.uasset" 5353
"../../../Engine/Content/EngineMaterials/Substrate/GLints/dict_16_192_64_0p5_0p02_0018_0014.uasset" 5354
"../../../Engine/Content/EngineMaterials/Substrate/GLints/dict_16_192_64_0p5_0p02_0019_0003.uasset" 5355
"../../../Engine/Content/EngineMaterials/Substrate/GLints/dict_16_192_64_0p5_0p02_0019_0002.uasset" 5356
"../../../Engine/Content/EngineMaterials/Substrate/GLints/dict_16_192_64_0p5_0p02_0019_0000.uasset" 5357
"../../../Engine/Content/EngineMaterials/Substrate/GLints/dict_16_192_64_0p5_0p02_0019_0004.uasset" 5358
"../../../Engine/Content/EngineMaterials/Substrate/GLints/dict_16_192_64_0p5_0p02_0019_0011.uasset" 5359
"../../../Engine/Content/EngineMaterials/Substrate/GLints/dict_16_192_64_0p5_0p02_0019_0008.uasset" 5360
"../../../Engine/Content/EngineMaterials/Substrate/GLints/dict_16_192_64_0p5_0p02_0020_0001.uasset" 5361
"../../../Engine/Content/EngineMaterials/Substrate/GLints/dict_16_192_64_0p5_0p02_0020_0006.uasset" 5362
"../../../Engine/Content/EngineMaterials/Substrate/GLints/dict_16_192_64_0p5_0p02_0020_0005.uasset" 5363
"../../../Engine/Content/EngineMaterials/Substrate/GLints/dict_16_192_64_0p5_0p02_0019_0005.uasset" 5364
"../../../Engine/Content/EngineMaterials/Substrate/GLints/dict_16_192_64_0p5_0p02_0019_0001.uasset" 5365
"../../../Engine/Content/EngineMaterials/Substrate/GLints/dict_16_192_64_0p5_0p02_0019_0015.uasset" 5366
"../../../Engine/Content/EngineMaterials/Substrate/GLints/dict_16_192_64_0p5_0p02_0020_0003.uasset" 5367
"../../../Engine/Content/EngineMaterials/Substrate/GLints/dict_16_192_64_0p5_0p02_0020_0000.uasset" 5368
"../../../Engine/Content/EngineMaterials/Substrate/GLints/dict_16_192_64_0p5_0p02_0018_0013.uasset" 5369
"../../../Engine/Content/EngineMaterials/Substrate/GLints/dict_16_192_64_0p5_0p02_0020_0004.uasset" 5370
"../../../Engine/Content/EngineMaterials/Substrate/GLints/dict_16_192_64_0p5_0p02_0020_0007.uasset" 5371
"../../../Engine/Content/EngineMaterials/Substrate/GLints/dict_16_192_64_0p5_0p02_0019_0013.uasset" 5372
"../../../Engine/Content/EngineMaterials/Substrate/GLints/dict_16_192_64_0p5_0p02_0020_0011.uasset" 5373
"../../../Engine/Content/EngineMaterials/Substrate/GLints/dict_16_192_64_0p5_0p02_0019_0012.uasset" 5374
"../../../Engine/Content/EngineMaterials/Substrate/GLints/dict_16_192_64_0p5_0p02_0020_0008.uasset" 5375
"../../../Engine/Content/EngineMaterials/Substrate/GLints/dict_16_192_64_0p5_0p02_0019_0006.uasset" 5376
"../../../Engine/Content/EngineMaterials/Substrate/GLints/dict_16_192_64_0p5_0p02_0020_0010.uasset" 5377
"../../../Engine/Content/EngineMaterials/Substrate/GLints/dict_16_192_64_0p5_0p02_0019_0009.uasset" 5378
"../../../Engine/Content/EngineMaterials/Substrate/GLints/dict_16_192_64_0p5_0p02_0020_0012.uasset" 5379
"../../../Engine/Content/EngineMaterials/Substrate/GLints/dict_16_192_64_0p5_0p02_0019_0007.uasset" 5380
"../../../Engine/Content/EngineMaterials/Substrate/GLints/dict_16_192_64_0p5_0p02_0020_0009.uasset" 5381
"../../../Engine/Content/EngineMaterials/Substrate/GLints/dict_16_192_64_0p5_0p02_0019_0010.uasset" 5382
"../../../Engine/Content/EngineMaterials/Substrate/GLints/dict_16_192_64_0p5_0p02_0020_0002.uasset" 5383
"../../../Engine/Content/EngineMaterials/Substrate/GLints/dict_16_192_64_0p5_0p02_0019_0014.uasset" 5384
"/Engine/EngineMaterials/Substrate/GLints/dict_16_192_64_0p5_0p02_0020_0012" 5385
"/Engine/EngineMaterials/Substrate/GLints/dict_16_192_64_0p5_0p02_0020_0011" 5386
"/Engine/EngineMaterials/Substrate/GLints/dict_16_192_64_0p5_0p02_0020_0010" 5387
"/Engine/EngineMaterials/Substrate/GLints/dict_16_192_64_0p5_0p02_0020_0009" 5388
"/Engine/EngineMaterials/Substrate/GLints/dict_16_192_64_0p5_0p02_0020_0008" 5389
"/Engine/EngineMaterials/Substrate/GLints/dict_16_192_64_0p5_0p02_0020_0007" 5390
"/Engine/EngineMaterials/Substrate/GLints/dict_16_192_64_0p5_0p02_0020_0006" 5391
"/Engine/EngineMaterials/Substrate/GLints/dict_16_192_64_0p5_0p02_0020_0005" 5392
"/Engine/EngineMaterials/Substrate/GLints/dict_16_192_64_0p5_0p02_0020_0004" 5393
"/Engine/EngineMaterials/Substrate/GLints/dict_16_192_64_0p5_0p02_0020_0003" 5394
"/Engine/EngineMaterials/Substrate/GLints/dict_16_192_64_0p5_0p02_0020_0002" 5395
"/Engine/EngineMaterials/Substrate/GLints/dict_16_192_64_0p5_0p02_0020_0001" 5396
"/Engine/EngineMaterials/Substrate/GLints/dict_16_192_64_0p5_0p02_0020_0000" 5397
"/Engine/EngineMaterials/Substrate/GLints/dict_16_192_64_0p5_0p02_0019_0015" 5398
"/Engine/EngineMaterials/Substrate/GLints/dict_16_192_64_0p5_0p02_0019_0014" 5399
"/Engine/EngineMaterials/Substrate/GLints/dict_16_192_64_0p5_0p02_0019_0013" 5400
"/Engine/EngineMaterials/Substrate/GLints/dict_16_192_64_0p5_0p02_0019_0012" 5401
"/Engine/EngineMaterials/Substrate/GLints/dict_16_192_64_0p5_0p02_0019_0011" 5402
"/Engine/EngineMaterials/Substrate/GLints/dict_16_192_64_0p5_0p02_0019_0010" 5403
"/Engine/EngineMaterials/Substrate/GLints/dict_16_192_64_0p5_0p02_0019_0009" 5404
"/Engine/EngineMaterials/Substrate/GLints/dict_16_192_64_0p5_0p02_0019_0008" 5405
"/Engine/EngineMaterials/Substrate/GLints/dict_16_192_64_0p5_0p02_0019_0007" 5406
"/Engine/EngineMaterials/Substrate/GLints/dict_16_192_64_0p5_0p02_0019_0006" 5407
"/Engine/EngineMaterials/Substrate/GLints/dict_16_192_64_0p5_0p02_0019_0005" 5408
"/Engine/EngineMaterials/Substrate/GLints/dict_16_192_64_0p5_0p02_0019_0004" 5409
"/Engine/EngineMaterials/Substrate/GLints/dict_16_192_64_0p5_0p02_0019_0003" 5410
"/Engine/EngineMaterials/Substrate/GLints/dict_16_192_64_0p5_0p02_0019_0002" 5411
"/Engine/EngineMaterials/Substrate/GLints/dict_16_192_64_0p5_0p02_0019_0001" 5412
"/Engine/EngineMaterials/Substrate/GLints/dict_16_192_64_0p5_0p02_0019_0000" 5413
"/Engine/EngineMaterials/Substrate/GLints/dict_16_192_64_0p5_0p02_0018_0015" 5414
"/Engine/EngineMaterials/Substrate/GLints/dict_16_192_64_0p5_0p02_0018_0014" 5415
"/Engine/EngineMaterials/Substrate/GLints/dict_16_192_64_0p5_0p02_0018_0013" 5416
"../../../Engine/Content/EngineMaterials/Substrate/GLints/dict_16_192_64_0p5_0p02_0020_0014.uasset" 5417
"../../../Engine/Content/EngineMaterials/Substrate/GLints/dict_16_192_64_0p5_0p02_0021_0002.uasset" 5418
"../../../Engine/Content/EngineMaterials/Substrate/GLints/dict_16_192_64_0p5_0p02_0020_0015.uasset" 5419
"../../../Engine/Content/EngineMaterials/Substrate/GLints/dict_16_192_64_0p5_0p02_0021_0006.uasset" 5420
"../../../Engine/Content/EngineMaterials/Substrate/GLints/dict_16_192_64_0p5_0p02_0020_0013.uasset" 5421
"../../../Engine/Content/EngineMaterials/Substrate/GLints/dict_16_192_64_0p5_0p02_0021_0008.uasset" 5422
"../../../Engine/Content/EngineMaterials/Substrate/GLints/dict_16_192_64_0p5_0p02_0021_0015.uasset" 5423
"../../../Engine/Content/EngineMaterials/Substrate/GLints/dict_16_192_64_0p5_0p02_0021_0009.uasset" 5424
"../../../Engine/Content/EngineMaterials/Substrate/GLints/dict_16_192_64_0p5_0p02_0021_0004.uasset" 5425
"../../../Engine/Content/EngineMaterials/Substrate/GLints/dict_16_192_64_0p5_0p02_0022_0005.uasset" 5426
"../../../Engine/Content/EngineMaterials/Substrate/GLints/dict_16_192_64_0p5_0p02_0021_0014.uasset" 5427
"../../../Engine/Content/EngineMaterials/Substrate/GLints/dict_16_192_64_0p5_0p02_0021_0003.uasset" 5428
"../../../Engine/Content/EngineMaterials/Substrate/GLints/dict_16_192_64_0p5_0p02_0021_0013.uasset" 5429
"../../../Engine/Content/EngineMaterials/Substrate/GLints/dict_16_192_64_0p5_0p02_0021_0011.uasset" 5430
"../../../Engine/Content/EngineMaterials/Substrate/GLints/dict_16_192_64_0p5_0p02_0021_0005.uasset" 5431
"../../../Engine/Content/EngineMaterials/Substrate/GLints/dict_16_192_64_0p5_0p02_0022_0007.uasset" 5432
"../../../Engine/Content/EngineMaterials/Substrate/GLints/dict_16_192_64_0p5_0p02_0022_0006.uasset" 5433
"../../../Engine/Content/EngineMaterials/Substrate/GLints/dict_16_192_64_0p5_0p02_0021_0012.uasset" 5434
"../../../Engine/Content/EngineMaterials/Substrate/GLints/dict_16_192_64_0p5_0p02_0022_0009.uasset" 5435
"../../../Engine/Content/EngineMaterials/Substrate/GLints/dict_16_192_64_0p5_0p02_0022_0010.uasset" 5436
"../../../Engine/Content/EngineMaterials/Substrate/GLints/dict_16_192_64_0p5_0p02_0022_0011.uasset" 5437
"../../../Engine/Content/EngineMaterials/Substrate/GLints/dict_16_192_64_0p5_0p02_0022_0008.uasset" 5438
"../../../Engine/Content/EngineMaterials/Substrate/GLints/dict_16_192_64_0p5_0p02_0022_0001.uasset" 5439
"../../../Engine/Content/EngineMaterials/Substrate/GLints/dict_16_192_64_0p5_0p02_0021_0010.uasset" 5440
"../../../Engine/Content/EngineMaterials/Substrate/GLints/dict_16_192_64_0p5_0p02_0022_0004.uasset" 5441
"../../../Engine/Content/EngineMaterials/Substrate/GLints/dict_16_192_64_0p5_0p02_0022_0003.uasset" 5442
"../../../Engine/Content/EngineMaterials/Substrate/GLints/dict_16_192_64_0p5_0p02_0022_0012.uasset" 5443
"../../../Engine/Content/EngineMaterials/Substrate/GLints/dict_16_192_64_0p5_0p02_0022_0000.uasset" 5444
"../../../Engine/Content/EngineMaterials/Substrate/GLints/dict_16_192_64_0p5_0p02_0022_0002.uasset" 5445
"../../../Engine/Content/EngineMaterials/Substrate/GLints/dict_16_192_64_0p5_0p02_0021_0001.uasset" 5446
"../../../Engine/Content/EngineMaterials/Substrate/GLints/dict_16_192_64_0p5_0p02_0021_0007.uasset" 5447
"../../../Engine/Content/EngineMaterials/Substrate/GLints/dict_16_192_64_0p5_0p02_0021_0000.uasset" 5448
"/Engine/EngineMaterials/Substrate/GLints/dict_16_192_64_0p5_0p02_0022_0012" 5449
"/Engine/EngineMaterials/Substrate/GLints/dict_16_192_64_0p5_0p02_0022_0011" 5450
"/Engine/EngineMaterials/Substrate/GLints/dict_16_192_64_0p5_0p02_0022_0010" 5451
"/Engine/EngineMaterials/Substrate/GLints/dict_16_192_64_0p5_0p02_0022_0009" 5452
"/Engine/EngineMaterials/Substrate/GLints/dict_16_192_64_0p5_0p02_0022_0008" 5453
"/Engine/EngineMaterials/Substrate/GLints/dict_16_192_64_0p5_0p02_0022_0007" 5454
"/Engine/EngineMaterials/Substrate/GLints/dict_16_192_64_0p5_0p02_0022_0006" 5455
"/Engine/EngineMaterials/Substrate/GLints/dict_16_192_64_0p5_0p02_0022_0005" 5456
"/Engine/EngineMaterials/Substrate/GLints/dict_16_192_64_0p5_0p02_0022_0004" 5457
"/Engine/EngineMaterials/Substrate/GLints/dict_16_192_64_0p5_0p02_0022_0003" 5458
"/Engine/EngineMaterials/Substrate/GLints/dict_16_192_64_0p5_0p02_0022_0002" 5459
"/Engine/EngineMaterials/Substrate/GLints/dict_16_192_64_0p5_0p02_0022_0001" 5460
"/Engine/EngineMaterials/Substrate/GLints/dict_16_192_64_0p5_0p02_0022_0000" 5461
"/Engine/EngineMaterials/Substrate/GLints/dict_16_192_64_0p5_0p02_0021_0015" 5462
"/Engine/EngineMaterials/Substrate/GLints/dict_16_192_64_0p5_0p02_0021_0014" 5463
"/Engine/EngineMaterials/Substrate/GLints/dict_16_192_64_0p5_0p02_0021_0013" 5464
"/Engine/EngineMaterials/Substrate/GLints/dict_16_192_64_0p5_0p02_0021_0012" 5465
"/Engine/EngineMaterials/Substrate/GLints/dict_16_192_64_0p5_0p02_0021_0011" 5466
"/Engine/EngineMaterials/Substrate/GLints/dict_16_192_64_0p5_0p02_0021_0010" 5467
"/Engine/EngineMaterials/Substrate/GLints/dict_16_192_64_0p5_0p02_0021_0009" 5468
"/Engine/EngineMaterials/Substrate/GLints/dict_16_192_64_0p5_0p02_0021_0008" 5469
"/Engine/EngineMaterials/Substrate/GLints/dict_16_192_64_0p5_0p02_0021_0007" 5470
"/Engine/EngineMaterials/Substrate/GLints/dict_16_192_64_0p5_0p02_0021_0006" 5471
"/Engine/EngineMaterials/Substrate/GLints/dict_16_192_64_0p5_0p02_0021_0005" 5472
"/Engine/EngineMaterials/Substrate/GLints/dict_16_192_64_0p5_0p02_0021_0004" 5473
"/Engine/EngineMaterials/Substrate/GLints/dict_16_192_64_0p5_0p02_0021_0003" 5474
"/Engine/EngineMaterials/Substrate/GLints/dict_16_192_64_0p5_0p02_0021_0002" 5475
"/Engine/EngineMaterials/Substrate/GLints/dict_16_192_64_0p5_0p02_0021_0001" 5476
"/Engine/EngineMaterials/Substrate/GLints/dict_16_192_64_0p5_0p02_0021_0000" 5477
"/Engine/EngineMaterials/Substrate/GLints/dict_16_192_64_0p5_0p02_0020_0015" 5478
"/Engine/EngineMaterials/Substrate/GLints/dict_16_192_64_0p5_0p02_0020_0014" 5479
"/Engine/EngineMaterials/Substrate/GLints/dict_16_192_64_0p5_0p02_0020_0013" 5480
"../../../Engine/Content/EngineMaterials/Substrate/GLints/dict_16_192_64_0p5_0p02_0022_0013.uasset" 5481
"../../../Engine/Content/EngineMaterials/Substrate/GLints/dict_16_192_64_0p5_0p02_0023_0002.uasset" 5482
"../../../Engine/Content/EngineMaterials/Substrate/GLints/dict_16_192_64_0p5_0p02_0023_0004.uasset" 5483
"../../../Engine/Content/EngineMaterials/Substrate/GLints/dict_16_192_64_0p5_0p02_0022_0014.uasset" 5484
"../../../Engine/Content/EngineMaterials/Substrate/GLints/dict_16_192_64_0p5_0p02_0023_0000.uasset" 5485
"../../../Engine/Content/EngineMaterials/Substrate/GLints/dict_16_192_64_0p5_0p02_0022_0015.uasset" 5486
"../../../Engine/Content/EngineMaterials/Substrate/GLints/dict_16_192_64_0p5_0p02_0023_0013.uasset" 5487
"../../../Engine/Content/EngineMaterials/Substrate/GLints/dict_16_192_64_0p5_0p02_0023_0001.uasset" 5488
"../../../Engine/Content/EngineMaterials/Substrate/GLints/dict_16_192_64_0p5_0p02_0024_0000.uasset" 5489
"../../../Engine/Content/EngineMaterials/Substrate/GLints/dict_16_192_64_0p5_0p02_0024_0003.uasset" 5490
"../../../Engine/Content/EngineMaterials/Substrate/GLints/dict_16_192_64_0p5_0p02_0023_0003.uasset" 5491
"../../../Engine/Content/EngineMaterials/Substrate/GLints/dict_16_192_64_0p5_0p02_0023_0006.uasset" 5492
"../../../Engine/Content/EngineMaterials/Substrate/GLints/dict_16_192_64_0p5_0p02_0024_0006.uasset" 5493
"../../../Engine/Content/EngineMaterials/Substrate/GLints/dict_16_192_64_0p5_0p02_0024_0008.uasset" 5494
"../../../Engine/Content/EngineMaterials/Substrate/GLints/dict_16_192_64_0p5_0p02_0024_0011.uasset" 5495
"../../../Engine/Content/EngineMaterials/Substrate/GLints/dict_16_192_64_0p5_0p02_0023_0010.uasset" 5496
"../../../Engine/Content/EngineMaterials/Substrate/GLints/dict_16_192_64_0p5_0p02_0023_0007.uasset" 5497
"../../../Engine/Content/EngineMaterials/Substrate/GLints/dict_16_192_64_0p5_0p02_0024_0001.uasset" 5498
"../../../Engine/Content/EngineMaterials/Substrate/GLints/dict_16_192_64_0p5_0p02_0023_0012.uasset" 5499
"../../../Engine/Content/EngineMaterials/Substrate/GLints/dict_16_192_64_0p5_0p02_0023_0008.uasset" 5500
"../../../Engine/Content/EngineMaterials/Substrate/GLints/dict_16_192_64_0p5_0p02_0023_0014.uasset" 5501
"../../../Engine/Content/EngineMaterials/Substrate/GLints/dict_16_192_64_0p5_0p02_0024_0012.uasset" 5502
"../../../Engine/Content/EngineMaterials/Substrate/GLints/dict_16_192_64_0p5_0p02_0023_0015.uasset" 5503
"../../../Engine/Content/EngineMaterials/Substrate/GLints/dict_16_192_64_0p5_0p02_0024_0009.uasset" 5504
"../../../Engine/Content/EngineMaterials/Substrate/GLints/dict_16_192_64_0p5_0p02_0024_0005.uasset" 5505
"../../../Engine/Content/EngineMaterials/Substrate/GLints/dict_16_192_64_0p5_0p02_0024_0007.uasset" 5506
"../../../Engine/Content/EngineMaterials/Substrate/GLints/dict_16_192_64_0p5_0p02_0023_0011.uasset" 5507
"../../../Engine/Content/EngineMaterials/Substrate/GLints/dict_16_192_64_0p5_0p02_0024_0010.uasset" 5508
"../../../Engine/Content/EngineMaterials/Substrate/GLints/dict_16_192_64_0p5_0p02_0023_0009.uasset" 5509
"../../../Engine/Content/EngineMaterials/Substrate/GLints/dict_16_192_64_0p5_0p02_0023_0005.uasset" 5510
"../../../Engine/Content/EngineMaterials/Substrate/GLints/dict_16_192_64_0p5_0p02_0024_0004.uasset" 5511
"../../../Engine/Content/EngineMaterials/Substrate/GLints/dict_16_192_64_0p5_0p02_0024_0002.uasset" 5512
"/Engine/EngineMaterials/Substrate/GLints/dict_16_192_64_0p5_0p02_0024_0012" 5513
"/Engine/EngineMaterials/Substrate/GLints/dict_16_192_64_0p5_0p02_0024_0011" 5514
"/Engine/EngineMaterials/Substrate/GLints/dict_16_192_64_0p5_0p02_0024_0010" 5515
"/Engine/EngineMaterials/Substrate/GLints/dict_16_192_64_0p5_0p02_0024_0009" 5516
"/Engine/EngineMaterials/Substrate/GLints/dict_16_192_64_0p5_0p02_0024_0008" 5517
"/Engine/EngineMaterials/Substrate/GLints/dict_16_192_64_0p5_0p02_0024_0007" 5518
"/Engine/EngineMaterials/Substrate/GLints/dict_16_192_64_0p5_0p02_0024_0006" 5519
"/Engine/EngineMaterials/Substrate/GLints/dict_16_192_64_0p5_0p02_0024_0005" 5520
"/Engine/EngineMaterials/Substrate/GLints/dict_16_192_64_0p5_0p02_0024_0004" 5521
"/Engine/EngineMaterials/Substrate/GLints/dict_16_192_64_0p5_0p02_0024_0003" 5522
"/Engine/EngineMaterials/Substrate/GLints/dict_16_192_64_0p5_0p02_0024_0002" 5523
"/Engine/EngineMaterials/Substrate/GLints/dict_16_192_64_0p5_0p02_0024_0001" 5524
"/Engine/EngineMaterials/Substrate/GLints/dict_16_192_64_0p5_0p02_0024_0000" 5525
"/Engine/EngineMaterials/Substrate/GLints/dict_16_192_64_0p5_0p02_0023_0015" 5526
"/Engine/EngineMaterials/Substrate/GLints/dict_16_192_64_0p5_0p02_0023_0014" 5527
"/Engine/EngineMaterials/Substrate/GLints/dict_16_192_64_0p5_0p02_0023_0013" 5528
"/Engine/EngineMaterials/Substrate/GLints/dict_16_192_64_0p5_0p02_0023_0012" 5529
"/Engine/EngineMaterials/Substrate/GLints/dict_16_192_64_0p5_0p02_0023_0011" 5530
"/Engine/EngineMaterials/Substrate/GLints/dict_16_192_64_0p5_0p02_0023_0010" 5531
"/Engine/EngineMaterials/Substrate/GLints/dict_16_192_64_0p5_0p02_0023_0009" 5532
"/Engine/EngineMaterials/Substrate/GLints/dict_16_192_64_0p5_0p02_0023_0008" 5533
"/Engine/EngineMaterials/Substrate/GLints/dict_16_192_64_0p5_0p02_0023_0007" 5534
"/Engine/EngineMaterials/Substrate/GLints/dict_16_192_64_0p5_0p02_0023_0006" 5535
"/Engine/EngineMaterials/Substrate/GLints/dict_16_192_64_0p5_0p02_0023_0005" 5536
"/Engine/EngineMaterials/Substrate/GLints/dict_16_192_64_0p5_0p02_0023_0004" 5537
"/Engine/EngineMaterials/Substrate/GLints/dict_16_192_64_0p5_0p02_0023_0003" 5538
"/Engine/EngineMaterials/Substrate/GLints/dict_16_192_64_0p5_0p02_0023_0002" 5539
"/Engine/EngineMaterials/Substrate/GLints/dict_16_192_64_0p5_0p02_0023_0001" 5540
"/Engine/EngineMaterials/Substrate/GLints/dict_16_192_64_0p5_0p02_0023_0000" 5541
"/Engine/EngineMaterials/Substrate/GLints/dict_16_192_64_0p5_0p02_0022_0015" 5542
"/Engine/EngineMaterials/Substrate/GLints/dict_16_192_64_0p5_0p02_0022_0014" 5543
"/Engine/EngineMaterials/Substrate/GLints/dict_16_192_64_0p5_0p02_0022_0013" 5544
"../../../Engine/Content/EngineMaterials/Substrate/GLints/dict_16_192_64_0p5_0p02_0024_0013.uasset" 5545
"../../../Engine/Content/EngineMaterials/Substrate/GLints/dict_16_192_64_0p5_0p02_0024_0015.uasset" 5546
"../../../Engine/Content/EngineMaterials/Substrate/GLints/dict_16_192_64_0p5_0p02_0024_0014.uasset" 5547
"../../../Engine/Content/EngineMaterials/Substrate/GLints/dict_16_192_64_0p5_0p02_0025_0001.uasset" 5548
"../../../Engine/Content/EngineMaterials/Substrate/GLints/dict_16_192_64_0p5_0p02_0025_0000.uasset" 5549
"../../../Engine/Content/EngineMaterials/Substrate/GLints/dict_16_192_64_0p5_0p02_0025_0004.uasset" 5550
"../../../Engine/Content/EngineMaterials/Substrate/GLints/dict_16_192_64_0p5_0p02_0025_0003.uasset" 5551
"../../../Engine/Content/EngineMaterials/Substrate/GLints/dict_16_192_64_0p5_0p02_0025_0015.uasset" 5552
"../../../Engine/Content/EngineMaterials/Substrate/GLints/dict_16_192_64_0p5_0p02_0025_0006.uasset" 5553
"../../../Engine/Content/EngineMaterials/Substrate/GLints/dict_16_192_64_0p5_0p02_0025_0002.uasset" 5554
"../../../Engine/Content/EngineMaterials/Substrate/GLints/dict_16_192_64_0p5_0p02_0026_0002.uasset" 5555
"../../../Engine/Content/EngineMaterials/Substrate/GLints/dict_16_192_64_0p5_0p02_0025_0013.uasset" 5556
"../../../Engine/Content/EngineMaterials/Substrate/GLints/dict_16_192_64_0p5_0p02_0025_0014.uasset" 5557
"../../../Engine/Content/EngineMaterials/Substrate/GLints/dict_16_192_64_0p5_0p02_0026_0004.uasset" 5558
"../../../Engine/Content/EngineMaterials/Substrate/GLints/dict_16_192_64_0p5_0p02_0026_0003.uasset" 5559
"../../../Engine/Content/EngineMaterials/Substrate/GLints/dict_16_192_64_0p5_0p02_0026_0009.uasset" 5560
"../../../Engine/Content/EngineMaterials/Substrate/GLints/dict_16_192_64_0p5_0p02_0026_0010.uasset" 5561
"../../../Engine/Content/EngineMaterials/Substrate/GLints/dict_16_192_64_0p5_0p02_0026_0011.uasset" 5562
"../../../Engine/Content/EngineMaterials/Substrate/GLints/dict_16_192_64_0p5_0p02_0026_0012.uasset" 5563
"../../../Engine/Content/EngineMaterials/Substrate/GLints/dict_16_192_64_0p5_0p02_0025_0011.uasset" 5564
"../../../Engine/Content/EngineMaterials/Substrate/GLints/dict_16_192_64_0p5_0p02_0025_0009.uasset" 5565
"../../../Engine/Content/EngineMaterials/Substrate/GLints/dict_16_192_64_0p5_0p02_0026_0005.uasset" 5566
"../../../Engine/Content/EngineMaterials/Substrate/GLints/dict_16_192_64_0p5_0p02_0025_0007.uasset" 5567
"../../../Engine/Content/EngineMaterials/Substrate/GLints/dict_16_192_64_0p5_0p02_0026_0007.uasset" 5568
"../../../Engine/Content/EngineMaterials/Substrate/GLints/dict_16_192_64_0p5_0p02_0026_0008.uasset" 5569
"../../../Engine/Content/EngineMaterials/Substrate/GLints/dict_16_192_64_0p5_0p02_0026_0001.uasset" 5570
"../../../Engine/Content/EngineMaterials/Substrate/GLints/dict_16_192_64_0p5_0p02_0025_0008.uasset" 5571
"../../../Engine/Content/EngineMaterials/Substrate/GLints/dict_16_192_64_0p5_0p02_0026_0006.uasset" 5572
"../../../Engine/Content/EngineMaterials/Substrate/GLints/dict_16_192_64_0p5_0p02_0025_0010.uasset" 5573
"../../../Engine/Content/EngineMaterials/Substrate/GLints/dict_16_192_64_0p5_0p02_0025_0005.uasset" 5574
"../../../Engine/Content/EngineMaterials/Substrate/GLints/dict_16_192_64_0p5_0p02_0026_0000.uasset" 5575
"../../../Engine/Content/EngineMaterials/Substrate/GLints/dict_16_192_64_0p5_0p02_0025_0012.uasset" 5576
"/Engine/EngineMaterials/Substrate/GLints/dict_16_192_64_0p5_0p02_0026_0012" 5577
"/Engine/EngineMaterials/Substrate/GLints/dict_16_192_64_0p5_0p02_0026_0011" 5578
"/Engine/EngineMaterials/Substrate/GLints/dict_16_192_64_0p5_0p02_0026_0010" 5579
"/Engine/EngineMaterials/Substrate/GLints/dict_16_192_64_0p5_0p02_0026_0009" 5580
"/Engine/EngineMaterials/Substrate/GLints/dict_16_192_64_0p5_0p02_0026_0008" 5581
"/Engine/EngineMaterials/Substrate/GLints/dict_16_192_64_0p5_0p02_0026_0007" 5582
"/Engine/EngineMaterials/Substrate/GLints/dict_16_192_64_0p5_0p02_0026_0006" 5583
"/Engine/EngineMaterials/Substrate/GLints/dict_16_192_64_0p5_0p02_0026_0005" 5584
"/Engine/EngineMaterials/Substrate/GLints/dict_16_192_64_0p5_0p02_0026_0004" 5585
"/Engine/EngineMaterials/Substrate/GLints/dict_16_192_64_0p5_0p02_0026_0003" 5586
"/Engine/EngineMaterials/Substrate/GLints/dict_16_192_64_0p5_0p02_0026_0002" 5587
"/Engine/EngineMaterials/Substrate/GLints/dict_16_192_64_0p5_0p02_0026_0001" 5588
"/Engine/EngineMaterials/Substrate/GLints/dict_16_192_64_0p5_0p02_0026_0000" 5589
"/Engine/EngineMaterials/Substrate/GLints/dict_16_192_64_0p5_0p02_0025_0015" 5590
"/Engine/EngineMaterials/Substrate/GLints/dict_16_192_64_0p5_0p02_0025_0014" 5591
"/Engine/EngineMaterials/Substrate/GLints/dict_16_192_64_0p5_0p02_0025_0013" 5592
"/Engine/EngineMaterials/Substrate/GLints/dict_16_192_64_0p5_0p02_0025_0012" 5593
"/Engine/EngineMaterials/Substrate/GLints/dict_16_192_64_0p5_0p02_0025_0011" 5594
"/Engine/EngineMaterials/Substrate/GLints/dict_16_192_64_0p5_0p02_0025_0010" 5595
"/Engine/EngineMaterials/Substrate/GLints/dict_16_192_64_0p5_0p02_0025_0009" 5596
"/Engine/EngineMaterials/Substrate/GLints/dict_16_192_64_0p5_0p02_0025_0008" 5597
"/Engine/EngineMaterials/Substrate/GLints/dict_16_192_64_0p5_0p02_0025_0007" 5598
"/Engine/EngineMaterials/Substrate/GLints/dict_16_192_64_0p5_0p02_0025_0006" 5599
"/Engine/EngineMaterials/Substrate/GLints/dict_16_192_64_0p5_0p02_0025_0005" 5600
"/Engine/EngineMaterials/Substrate/GLints/dict_16_192_64_0p5_0p02_0025_0004" 5601
"/Engine/EngineMaterials/Substrate/GLints/dict_16_192_64_0p5_0p02_0025_0003" 5602
"/Engine/EngineMaterials/Substrate/GLints/dict_16_192_64_0p5_0p02_0025_0002" 5603
"/Engine/EngineMaterials/Substrate/GLints/dict_16_192_64_0p5_0p02_0025_0001" 5604
"/Engine/EngineMaterials/Substrate/GLints/dict_16_192_64_0p5_0p02_0025_0000" 5605
"/Engine/EngineMaterials/Substrate/GLints/dict_16_192_64_0p5_0p02_0024_0015" 5606
"/Engine/EngineMaterials/Substrate/GLints/dict_16_192_64_0p5_0p02_0024_0014" 5607
"/Engine/EngineMaterials/Substrate/GLints/dict_16_192_64_0p5_0p02_0024_0013" 5608
"../../../Engine/Content/EngineMaterials/Substrate/GLints/dict_16_192_64_0p5_0p02_0027_0000.uasset" 5609
"../../../Engine/Content/EngineMaterials/Substrate/GLints/dict_16_192_64_0p5_0p02_0026_0015.uasset" 5610
"../../../Engine/Content/EngineMaterials/Substrate/GLints/dict_16_192_64_0p5_0p02_0027_0001.uasset" 5611
"../../../Engine/Content/EngineMaterials/Substrate/GLints/dict_16_192_64_0p5_0p02_0026_0014.uasset" 5612
"../../../Engine/Content/EngineMaterials/Substrate/GLints/dict_16_192_64_0p5_0p02_0027_0005.uasset" 5613
"../../../Engine/Content/EngineMaterials/Substrate/GLints/dict_16_192_64_0p5_0p02_0027_0004.uasset" 5614
"../../../Engine/Content/EngineMaterials/Substrate/GLints/dict_16_192_64_0p5_0p02_0027_0002.uasset" 5615
"../../../Engine/Content/EngineMaterials/Substrate/GLints/dict_16_192_64_0p5_0p02_0027_0006.uasset" 5616
"../../../Engine/Content/EngineMaterials/Substrate/GLints/dict_16_192_64_0p5_0p02_0027_0008.uasset" 5617
"../../../Engine/Content/EngineMaterials/Substrate/GLints/dict_16_192_64_0p5_0p02_0027_0014.uasset" 5618
"../../../Engine/Content/EngineMaterials/Substrate/GLints/dict_16_192_64_0p5_0p02_0027_0012.uasset" 5619
"../../../Engine/Content/EngineMaterials/Substrate/GLints/dict_16_192_64_0p5_0p02_0028_0011.uasset" 5620
"../../../Engine/Content/EngineMaterials/Substrate/GLints/dict_16_192_64_0p5_0p02_0027_0003.uasset" 5621
"../../../Engine/Content/EngineMaterials/Substrate/GLints/dict_16_192_64_0p5_0p02_0027_0010.uasset" 5622
"../../../Engine/Content/EngineMaterials/Substrate/GLints/dict_16_192_64_0p5_0p02_0026_0013.uasset" 5623
"../../../Engine/Content/EngineMaterials/Substrate/GLints/dict_16_192_64_0p5_0p02_0027_0009.uasset" 5624
"../../../Engine/Content/EngineMaterials/Substrate/GLints/dict_16_192_64_0p5_0p02_0028_0003.uasset" 5625
"../../../Engine/Content/EngineMaterials/Substrate/GLints/dict_16_192_64_0p5_0p02_0028_0002.uasset" 5626
"../../../Engine/Content/EngineMaterials/Substrate/GLints/dict_16_192_64_0p5_0p02_0028_0012.uasset" 5627
"../../../Engine/Content/EngineMaterials/Substrate/GLints/dict_16_192_64_0p5_0p02_0027_0011.uasset" 5628
"../../../Engine/Content/EngineMaterials/Substrate/GLints/dict_16_192_64_0p5_0p02_0027_0013.uasset" 5629
"../../../Engine/Content/EngineMaterials/Substrate/GLints/dict_16_192_64_0p5_0p02_0028_0010.uasset" 5630
"../../../Engine/Content/EngineMaterials/Substrate/GLints/dict_16_192_64_0p5_0p02_0028_0001.uasset" 5631
"../../../Engine/Content/EngineMaterials/Substrate/GLints/dict_16_192_64_0p5_0p02_0027_0015.uasset" 5632
"../../../Engine/Content/EngineMaterials/Substrate/GLints/dict_16_192_64_0p5_0p02_0028_0000.uasset" 5633
"../../../Engine/Content/EngineMaterials/Substrate/GLints/dict_16_192_64_0p5_0p02_0028_0004.uasset" 5634
"../../../Engine/Content/EngineMaterials/Substrate/GLints/dict_16_192_64_0p5_0p02_0028_0009.uasset" 5635
"../../../Engine/Content/EngineMaterials/Substrate/GLints/dict_16_192_64_0p5_0p02_0028_0008.uasset" 5636
"../../../Engine/Content/EngineMaterials/Substrate/GLints/dict_16_192_64_0p5_0p02_0027_0007.uasset" 5637
"../../../Engine/Content/EngineMaterials/Substrate/GLints/dict_16_192_64_0p5_0p02_0028_0006.uasset" 5638
"../../../Engine/Content/EngineMaterials/Substrate/GLints/dict_16_192_64_0p5_0p02_0028_0005.uasset" 5639
"../../../Engine/Content/EngineMaterials/Substrate/GLints/dict_16_192_64_0p5_0p02_0028_0007.uasset" 5640
"/Engine/EngineMaterials/Substrate/GLints/dict_16_192_64_0p5_0p02_0028_0012" 5641
"/Engine/EngineMaterials/Substrate/GLints/dict_16_192_64_0p5_0p02_0028_0011" 5642
"/Engine/EngineMaterials/Substrate/GLints/dict_16_192_64_0p5_0p02_0028_0010" 5643
"/Engine/EngineMaterials/Substrate/GLints/dict_16_192_64_0p5_0p02_0028_0009" 5644
"/Engine/EngineMaterials/Substrate/GLints/dict_16_192_64_0p5_0p02_0028_0008" 5645
"/Engine/EngineMaterials/Substrate/GLints/dict_16_192_64_0p5_0p02_0028_0007" 5646
"/Engine/EngineMaterials/Substrate/GLints/dict_16_192_64_0p5_0p02_0028_0006" 5647
"/Engine/EngineMaterials/Substrate/GLints/dict_16_192_64_0p5_0p02_0028_0005" 5648
"/Engine/EngineMaterials/Substrate/GLints/dict_16_192_64_0p5_0p02_0028_0004" 5649
"/Engine/EngineMaterials/Substrate/GLints/dict_16_192_64_0p5_0p02_0028_0003" 5650
"/Engine/EngineMaterials/Substrate/GLints/dict_16_192_64_0p5_0p02_0028_0002" 5651
"/Engine/EngineMaterials/Substrate/GLints/dict_16_192_64_0p5_0p02_0028_0001" 5652
"/Engine/EngineMaterials/Substrate/GLints/dict_16_192_64_0p5_0p02_0028_0000" 5653
"/Engine/EngineMaterials/Substrate/GLints/dict_16_192_64_0p5_0p02_0027_0015" 5654
"/Engine/EngineMaterials/Substrate/GLints/dict_16_192_64_0p5_0p02_0027_0014" 5655
"/Engine/EngineMaterials/Substrate/GLints/dict_16_192_64_0p5_0p02_0027_0013" 5656
"/Engine/EngineMaterials/Substrate/GLints/dict_16_192_64_0p5_0p02_0027_0012" 5657
"/Engine/EngineMaterials/Substrate/GLints/dict_16_192_64_0p5_0p02_0027_0011" 5658
"/Engine/EngineMaterials/Substrate/GLints/dict_16_192_64_0p5_0p02_0027_0010" 5659
"/Engine/EngineMaterials/Substrate/GLints/dict_16_192_64_0p5_0p02_0027_0009" 5660
"/Engine/EngineMaterials/Substrate/GLints/dict_16_192_64_0p5_0p02_0027_0008" 5661
"/Engine/EngineMaterials/Substrate/GLints/dict_16_192_64_0p5_0p02_0027_0007" 5662
"/Engine/EngineMaterials/Substrate/GLints/dict_16_192_64_0p5_0p02_0027_0006" 5663
"/Engine/EngineMaterials/Substrate/GLints/dict_16_192_64_0p5_0p02_0027_0005" 5664
"/Engine/EngineMaterials/Substrate/GLints/dict_16_192_64_0p5_0p02_0027_0004" 5665
"/Engine/EngineMaterials/Substrate/GLints/dict_16_192_64_0p5_0p02_0027_0003" 5666
"/Engine/EngineMaterials/Substrate/GLints/dict_16_192_64_0p5_0p02_0027_0002" 5667
"/Engine/EngineMaterials/Substrate/GLints/dict_16_192_64_0p5_0p02_0027_0001" 5668
"/Engine/EngineMaterials/Substrate/GLints/dict_16_192_64_0p5_0p02_0027_0000" 5669
"/Engine/EngineMaterials/Substrate/GLints/dict_16_192_64_0p5_0p02_0026_0015" 5670
"/Engine/EngineMaterials/Substrate/GLints/dict_16_192_64_0p5_0p02_0026_0014" 5671
"/Engine/EngineMaterials/Substrate/GLints/dict_16_192_64_0p5_0p02_0026_0013" 5672
"../../../Engine/Content/EngineMaterials/Substrate/GLints/dict_16_192_64_0p5_0p02_0028_0014.uasset" 5673
"../../../Engine/Content/EngineMaterials/Substrate/GLints/dict_16_192_64_0p5_0p02_0029_0001.uasset" 5674
"../../../Engine/Content/EngineMaterials/Substrate/GLints/dict_16_192_64_0p5_0p02_0028_0013.uasset" 5675
"../../../Engine/Content/EngineMaterials/Substrate/GLints/dict_16_192_64_0p5_0p02_0028_0015.uasset" 5676
"../../../Engine/Content/EngineMaterials/Substrate/GLints/dict_16_192_64_0p5_0p02_0029_0003.uasset" 5677
"../../../Engine/Content/EngineMaterials/Substrate/GLints/dict_16_192_64_0p5_0p02_0029_0005.uasset" 5678
"../../../Engine/Content/EngineMaterials/Substrate/GLints/dict_16_192_64_0p5_0p02_0029_0006.uasset" 5679
"../../../Engine/Content/EngineMaterials/Substrate/GLints/dict_16_192_64_0p5_0p02_0029_0004.uasset" 5680
"../../../Engine/Content/EngineMaterials/Substrate/GLints/dict_16_192_64_0p5_0p02_0029_0007.uasset" 5681
"../../../Engine/Content/EngineMaterials/Substrate/GLints/dict_16_192_64_0p5_0p02_0029_0008.uasset" 5682
"../../../Engine/Content/EngineMaterials/Substrate/GLints/dict_16_192_64_0p5_0p02_0029_0015.uasset" 5683
"../../../Engine/Content/EngineMaterials/Substrate/GLints/dict_16_192_64_0p5_0p02_0030_0001.uasset" 5684
"../../../Engine/Content/EngineMaterials/Substrate/GLints/dict_16_192_64_0p5_0p02_0029_0013.uasset" 5685
"../../../Engine/Content/EngineMaterials/Substrate/GLints/dict_16_192_64_0p5_0p02_0030_0007.uasset" 5686
"../../../Engine/Content/EngineMaterials/Substrate/GLints/dict_16_192_64_0p5_0p02_0029_0014.uasset" 5687
"../../../Engine/Content/EngineMaterials/Substrate/GLints/dict_16_192_64_0p5_0p02_0030_0003.uasset" 5688
"../../../Engine/Content/EngineMaterials/Substrate/GLints/dict_16_192_64_0p5_0p02_0030_0010.uasset" 5689
"../../../Engine/Content/EngineMaterials/Substrate/GLints/dict_16_192_64_0p5_0p02_0029_0000.uasset" 5690
"../../../Engine/Content/EngineMaterials/Substrate/GLints/dict_16_192_64_0p5_0p02_0030_0009.uasset" 5691
"../../../Engine/Content/EngineMaterials/Substrate/GLints/dict_16_192_64_0p5_0p02_0030_0012.uasset" 5692
"../../../Engine/Content/EngineMaterials/Substrate/GLints/dict_16_192_64_0p5_0p02_0029_0009.uasset" 5693
"../../../Engine/Content/EngineMaterials/Substrate/GLints/dict_16_192_64_0p5_0p02_0029_0002.uasset" 5694
"../../../Engine/Content/EngineMaterials/Substrate/GLints/dict_16_192_64_0p5_0p02_0030_0005.uasset" 5695
"../../../Engine/Content/EngineMaterials/Substrate/GLints/dict_16_192_64_0p5_0p02_0030_0004.uasset" 5696
"../../../Engine/Content/EngineMaterials/Substrate/GLints/dict_16_192_64_0p5_0p02_0030_0000.uasset" 5697
"../../../Engine/Content/EngineMaterials/Substrate/GLints/dict_16_192_64_0p5_0p02_0029_0010.uasset" 5698
"../../../Engine/Content/EngineMaterials/Substrate/GLints/dict_16_192_64_0p5_0p02_0030_0006.uasset" 5699
"../../../Engine/Content/EngineMaterials/Substrate/GLints/dict_16_192_64_0p5_0p02_0030_0008.uasset" 5700
"../../../Engine/Content/EngineMaterials/Substrate/GLints/dict_16_192_64_0p5_0p02_0030_0011.uasset" 5701
"../../../Engine/Content/EngineMaterials/Substrate/GLints/dict_16_192_64_0p5_0p02_0029_0011.uasset" 5702
"../../../Engine/Content/EngineMaterials/Substrate/GLints/dict_16_192_64_0p5_0p02_0030_0002.uasset" 5703
"../../../Engine/Content/EngineMaterials/Substrate/GLints/dict_16_192_64_0p5_0p02_0029_0012.uasset" 5704
"/Engine/EngineMaterials/Substrate/GLints/dict_16_192_64_0p5_0p02_0030_0012" 5705
"/Engine/EngineMaterials/Substrate/GLints/dict_16_192_64_0p5_0p02_0030_0011" 5706
"/Engine/EngineMaterials/Substrate/GLints/dict_16_192_64_0p5_0p02_0030_0010" 5707
"/Engine/EngineMaterials/Substrate/GLints/dict_16_192_64_0p5_0p02_0030_0009" 5708
"/Engine/EngineMaterials/Substrate/GLints/dict_16_192_64_0p5_0p02_0030_0008" 5709
"/Engine/EngineMaterials/Substrate/GLints/dict_16_192_64_0p5_0p02_0030_0007" 5710
"/Engine/EngineMaterials/Substrate/GLints/dict_16_192_64_0p5_0p02_0030_0006" 5711
"/Engine/EngineMaterials/Substrate/GLints/dict_16_192_64_0p5_0p02_0030_0005" 5712
"/Engine/EngineMaterials/Substrate/GLints/dict_16_192_64_0p5_0p02_0030_0004" 5713
"/Engine/EngineMaterials/Substrate/GLints/dict_16_192_64_0p5_0p02_0030_0003" 5714
"/Engine/EngineMaterials/Substrate/GLints/dict_16_192_64_0p5_0p02_0030_0002" 5715
"/Engine/EngineMaterials/Substrate/GLints/dict_16_192_64_0p5_0p02_0030_0001" 5716
"/Engine/EngineMaterials/Substrate/GLints/dict_16_192_64_0p5_0p02_0030_0000" 5717
"/Engine/EngineMaterials/Substrate/GLints/dict_16_192_64_0p5_0p02_0029_0015" 5718
"/Engine/EngineMaterials/Substrate/GLints/dict_16_192_64_0p5_0p02_0029_0014" 5719
"/Engine/EngineMaterials/Substrate/GLints/dict_16_192_64_0p5_0p02_0029_0013" 5720
"/Engine/EngineMaterials/Substrate/GLints/dict_16_192_64_0p5_0p02_0029_0012" 5721
"/Engine/EngineMaterials/Substrate/GLints/dict_16_192_64_0p5_0p02_0029_0011" 5722
"/Engine/EngineMaterials/Substrate/GLints/dict_16_192_64_0p5_0p02_0029_0010" 5723
"/Engine/EngineMaterials/Substrate/GLints/dict_16_192_64_0p5_0p02_0029_0009" 5724
"/Engine/EngineMaterials/Substrate/GLints/dict_16_192_64_0p5_0p02_0029_0008" 5725
"/Engine/EngineMaterials/Substrate/GLints/dict_16_192_64_0p5_0p02_0029_0007" 5726
"/Engine/EngineMaterials/Substrate/GLints/dict_16_192_64_0p5_0p02_0029_0006" 5727
"/Engine/EngineMaterials/Substrate/GLints/dict_16_192_64_0p5_0p02_0029_0005" 5728
"/Engine/EngineMaterials/Substrate/GLints/dict_16_192_64_0p5_0p02_0029_0004" 5729
"/Engine/EngineMaterials/Substrate/GLints/dict_16_192_64_0p5_0p02_0029_0003" 5730
"/Engine/EngineMaterials/Substrate/GLints/dict_16_192_64_0p5_0p02_0029_0002" 5731
"/Engine/EngineMaterials/Substrate/GLints/dict_16_192_64_0p5_0p02_0029_0001" 5732
"/Engine/EngineMaterials/Substrate/GLints/dict_16_192_64_0p5_0p02_0029_0000" 5733
"/Engine/EngineMaterials/Substrate/GLints/dict_16_192_64_0p5_0p02_0028_0015" 5734
"/Engine/EngineMaterials/Substrate/GLints/dict_16_192_64_0p5_0p02_0028_0014" 5735
"/Engine/EngineMaterials/Substrate/GLints/dict_16_192_64_0p5_0p02_0028_0013" 5736
"../../../Engine/Content/EngineMaterials/Substrate/GLints/dict_16_192_64_0p5_0p02_0030_0014.uasset" 5737
"../../../Engine/Content/EngineMaterials/Substrate/GLints/dict_16_192_64_0p5_0p02_0030_0013.uasset" 5738
"../../../Engine/Content/EngineMaterials/Substrate/GLints/dict_16_192_64_0p5_0p02_0030_0015.uasset" 5739
"../../../Engine/Content/EngineMaterials/Substrate/GLints/dict_16_192_64_0p5_0p02_0031_0001.uasset" 5740
"../../../Engine/Content/EngineMaterials/Substrate/GLints/dict_16_192_64_0p5_0p02_0031_0005.uasset" 5741
"../../../Engine/Content/EngineMaterials/Substrate/GLints/dict_16_192_64_0p5_0p02_0031_0014.uasset" 5742
"../../../Engine/Content/EngineMaterials/Substrate/GLints/dict_16_192_64_0p5_0p02_0031_0004.uasset" 5743
"../../../Engine/Content/EngineMaterials/Substrate/GLints/dict_16_192_64_0p5_0p02_0031_0013.uasset" 5744
"../../../Engine/Content/EngineMaterials/Substrate/GLints/dict_16_192_64_0p5_0p02_0031_0012.uasset" 5745
"../../../Engine/Content/EngineMaterials/Substrate/GLints/dict_16_192_64_0p5_0p02_0031_0011.uasset" 5746
"../../../Engine/Content/EngineMaterials/Substrate/GLints/dict_16_192_64_0p5_0p02_0032_0000.uasset" 5747
"../../../Engine/Content/EngineMaterials/Substrate/GLints/dict_16_192_64_0p5_0p02_0031_0008.uasset" 5748
"../../../Engine/Content/EngineMaterials/Substrate/GLints/dict_16_192_64_0p5_0p02_0031_0000.uasset" 5749
"../../../Engine/Content/EngineMaterials/Substrate/GLints/dict_16_192_64_0p5_0p02_0032_0004.uasset" 5750
"../../../Engine/Content/EngineMaterials/Substrate/GLints/dict_16_192_64_0p5_0p02_0032_0009.uasset" 5751
"../../../Engine/Content/EngineMaterials/Substrate/GLints/dict_16_192_64_0p5_0p02_0032_0008.uasset" 5752
"../../../Engine/Content/EngineMaterials/Substrate/GLints/dict_16_192_64_0p5_0p02_0031_0015.uasset" 5753
"../../../Engine/Content/EngineMaterials/Substrate/GLints/dict_16_192_64_0p5_0p02_0032_0003.uasset" 5754
"C:/Users/tazmi/Documents/Unreal Projects/Tandalfs-Tumultuous-Time-Trials/TandalfsTumultuousTT/DerivedDataCache/VT/TEXTURE_7C16439390E24F1F9468894FB4D4BC55_VTCHUNK967C747FFC357A828288FA05D93CD5DCECDA891B" 5755
"../../../Engine/Content/EngineMaterials/Substrate/GLints/dict_16_192_64_0p5_0p02_0031_0007.uasset" 5756
"C:/Users/tazmi/Documents/Unreal Projects/Tandalfs-Tumultuous-Time-Trials/TandalfsTumultuousTT/DerivedDataCache/VT/TEXTURE_7C16439390E24F1F9468894FB4D4BC55_VTCHUNK2A5F9F60441DA258D18B46D59C64D5BAD50E8EE3" 5757
"../../../Engine/Content/EngineMaterials/Substrate/GLints/dict_16_192_64_0p5_0p02_0031_0003.uasset" 5758
"C:/Users/tazmi/Documents/Unreal Projects/Tandalfs-Tumultuous-Time-Trials/TandalfsTumultuousTT/DerivedDataCache/VT/TEXTURE_7C16439390E24F1F9468894FB4D4BC55_VTCHUNK44B429B40BB45A070EB17C1259C28734996A2F49" 5759
"../../../Engine/Content/EngineMaterials/Substrate/GLints/dict_16_192_64_0p5_0p02_0031_0009.uasset" 5760
"../../../Engine/Content/EngineMaterials/Substrate/GLints/dict_16_192_64_0p5_0p02_0031_0010.uasset" 5761
"../../../Engine/Content/EngineMaterials/Substrate/GLints/dict_16_192_64_0p5_0p02_0032_0007.uasset" 5762
"../../../Engine/Content/EngineMaterials/Substrate/GLints/dict_16_192_64_0p5_0p02_0032_0010.uasset" 5763
"../../../Engine/Content/EngineMaterials/Substrate/GLints/dict_16_192_64_0p5_0p02_0032_0006.uasset" 5764
"../../../Engine/Content/EngineMaterials/Substrate/GLints/dict_16_192_64_0p5_0p02_0032_0011.uasset" 5765
"../../../Engine/Content/EngineMaterials/Substrate/GLints/dict_16_192_64_0p5_0p02_0032_0012.uasset" 5766
"../../../Engine/Content/EngineMaterials/Substrate/GLints/dict_16_192_64_0p5_0p02_0031_0002.uasset" 5767
"../../../Engine/Content/EngineMaterials/Substrate/GLints/dict_16_192_64_0p5_0p02_0031_0006.uasset" 5768
"../../../Engine/Content/EngineMaterials/Substrate/GLints/dict_16_192_64_0p5_0p02_0032_0005.uasset" 5769
"../../../Engine/Content/EngineMaterials/Substrate/GLints/dict_16_192_64_0p5_0p02_0032_0002.uasset" 5770
"../../../Engine/Content/EngineMaterials/Substrate/GLints/dict_16_192_64_0p5_0p02_0032_0001.uasset" 5771
"C:/Users/tazmi/Documents/Unreal Projects/Tandalfs-Tumultuous-Time-Trials/TandalfsTumultuousTT/DerivedDataCache/VT/TEXTURE_7C16439390E24F1F9468894FB4D4BC55_VTCHUNKC0393DE8C5B4673D99D1BECB92AA8C1F72FEB491" 5772
"C:/Users/tazmi/Documents/Unreal Projects/Tandalfs-Tumultuous-Time-Trials/TandalfsTumultuousTT/DerivedDataCache/VT/TEXTURE_7C16439390E24F1F9468894FB4D4BC55_VTCHUNK02D4C3BCAD7DFA48AB32B8281FB06B8B83DB6275" 5773
"/Engine/EngineMaterials/Substrate/GLints/dict_16_192_64_0p5_0p02_0032_0012" 5774
"/Engine/EngineMaterials/Substrate/GLints/dict_16_192_64_0p5_0p02_0032_0011" 5775
"/Engine/EngineMaterials/Substrate/GLints/dict_16_192_64_0p5_0p02_0032_0010" 5776
"/Engine/EngineMaterials/Substrate/GLints/dict_16_192_64_0p5_0p02_0032_0009" 5777
"/Engine/EngineMaterials/Substrate/GLints/dict_16_192_64_0p5_0p02_0032_0008" 5778
"/Engine/EngineMaterials/Substrate/GLints/dict_16_192_64_0p5_0p02_0032_0007" 5779
"/Engine/EngineMaterials/Substrate/GLints/dict_16_192_64_0p5_0p02_0032_0006" 5780
"/Engine/EngineMaterials/Substrate/GLints/dict_16_192_64_0p5_0p02_0032_0005" 5781
"/Engine/EngineMaterials/Substrate/GLints/dict_16_192_64_0p5_0p02_0032_0004" 5782
"/Engine/EngineMaterials/Substrate/GLints/dict_16_192_64_0p5_0p02_0032_0003" 5783
"/Engine/EngineMaterials/Substrate/GLints/dict_16_192_64_0p5_0p02_0032_0002" 5784
"/Engine/EngineMaterials/Substrate/GLints/dict_16_192_64_0p5_0p02_0032_0001" 5785
"/Engine/EngineMaterials/Substrate/GLints/dict_16_192_64_0p5_0p02_0032_0000" 5786
"/Engine/EngineMaterials/Substrate/GLints/dict_16_192_64_0p5_0p02_0031_0015" 5787
"/Engine/EngineMaterials/Substrate/GLints/dict_16_192_64_0p5_0p02_0031_0014" 5788
"/Engine/EngineMaterials/Substrate/GLints/dict_16_192_64_0p5_0p02_0031_0013" 5789
"/Engine/EngineMaterials/Substrate/GLints/dict_16_192_64_0p5_0p02_0031_0012" 5790
"/Engine/EngineMaterials/Substrate/GLints/dict_16_192_64_0p5_0p02_0031_0011" 5791
"/Engine/EngineMaterials/Substrate/GLints/dict_16_192_64_0p5_0p02_0031_0010" 5792
"/Engine/EngineMaterials/Substrate/GLints/dict_16_192_64_0p5_0p02_0031_0009" 5793
"/Engine/EngineMaterials/Substrate/GLints/dict_16_192_64_0p5_0p02_0031_0008" 5794
"/Engine/EngineMaterials/Substrate/GLints/dict_16_192_64_0p5_0p02_0031_0007" 5795
"/Engine/EngineMaterials/Substrate/GLints/dict_16_192_64_0p5_0p02_0031_0006" 5796
"/Engine/EngineMaterials/Substrate/GLints/dict_16_192_64_0p5_0p02_0031_0005" 5797
"/Engine/EngineMaterials/Substrate/GLints/dict_16_192_64_0p5_0p02_0031_0004" 5798
"/Engine/EngineMaterials/Substrate/GLints/dict_16_192_64_0p5_0p02_0031_0003" 5799
"/Engine/EngineMaterials/Substrate/GLints/dict_16_192_64_0p5_0p02_0031_0002" 5800
"/Engine/EngineMaterials/Substrate/GLints/dict_16_192_64_0p5_0p02_0031_0001" 5801
"/Engine/EngineMaterials/Substrate/GLints/dict_16_192_64_0p5_0p02_0031_0000" 5802
"/Engine/EngineMaterials/Substrate/GLints/dict_16_192_64_0p5_0p02_0030_0015" 5803
"/Engine/EngineMaterials/Substrate/GLints/dict_16_192_64_0p5_0p02_0030_0014" 5804
"/Engine/EngineMaterials/Substrate/GLints/dict_16_192_64_0p5_0p02_0030_0013" 5805
"../../../Engine/Content/EngineMaterials/Substrate/GLints/dict_16_192_64_0p5_0p02_0032_0014.uasset" 5806
"../../../Engine/Content/EngineMaterials/Substrate/GLints/dict_16_192_64_0p5_0p02_0032_0013.uasset" 5807
"../../../Engine/Content/EngineMaterials/Substrate/GLints/dict_16_192_64_0p5_0p02_0032_0015.uasset" 5808
"../../../Engine/Content/EngineMaterials/Substrate/GLints/dict_16_192_64_0p5_0p02_0033_0001.uasset" 5809
"../../../Engine/Content/EngineMaterials/Substrate/GLints/dict_16_192_64_0p5_0p02_0033_0005.uasset" 5810
"../../../Engine/Content/EngineMaterials/Substrate/GLints/dict_16_192_64_0p5_0p02_0033_0006.uasset" 5811
"../../../Engine/Content/EngineMaterials/Substrate/GLints/dict_16_192_64_0p5_0p02_0033_0004.uasset" 5812
"../../../Engine/Content/EngineMaterials/Substrate/GLints/dict_16_192_64_0p5_0p02_0033_0000.uasset" 5813
"../../../Engine/Content/EngineMaterials/Substrate/GLints/dict_16_192_64_0p5_0p02_0033_0015.uasset" 5814
"../../../Engine/Content/EngineMaterials/Substrate/GLints/dict_16_192_64_0p5_0p02_0034_0001.uasset" 5815
"../../../Engine/Content/EngineMaterials/Substrate/GLints/dict_16_192_64_0p5_0p02_0033_0013.uasset" 5816
"../../../Engine/Content/EngineMaterials/Substrate/GLints/dict_16_192_64_0p5_0p02_0033_0009.uasset" 5817
"../../../Engine/Content/EngineMaterials/Substrate/GLints/dict_16_192_64_0p5_0p02_0034_0005.uasset" 5818
"../../../Engine/Content/EngineMaterials/Substrate/GLints/dict_16_192_64_0p5_0p02_0034_0009.uasset" 5819
"../../../Engine/Content/EngineMaterials/Substrate/GLints/dict_16_192_64_0p5_0p02_0034_0004.uasset" 5820
"../../../Engine/Content/EngineMaterials/Substrate/GLints/dict_16_192_64_0p5_0p02_0034_0006.uasset" 5821
"../../../Engine/Content/EngineMaterials/Substrate/GLints/dict_16_192_64_0p5_0p02_0034_0010.uasset" 5822
"../../../Engine/Content/EngineMaterials/Substrate/GLints/dict_16_192_64_0p5_0p02_0034_0002.uasset" 5823
"../../../Engine/Content/EngineMaterials/Substrate/GLints/dict_16_192_64_0p5_0p02_0034_0003.uasset" 5824
"../../../Engine/Content/EngineMaterials/Substrate/GLints/dict_16_192_64_0p5_0p02_0033_0014.uasset" 5825
"../../../Engine/Content/EngineMaterials/Substrate/GLints/dict_16_192_64_0p5_0p02_0033_0007.uasset" 5826
"../../../Engine/Content/EngineMaterials/Substrate/GLints/dict_16_192_64_0p5_0p02_0033_0003.uasset" 5827
"../../../Engine/Content/EngineMaterials/Substrate/GLints/dict_16_192_64_0p5_0p02_0034_0011.uasset" 5828
"../../../Engine/Content/EngineMaterials/Substrate/GLints/dict_16_192_64_0p5_0p02_0033_0011.uasset" 5829
"../../../Engine/Content/EngineMaterials/Substrate/GLints/dict_16_192_64_0p5_0p02_0033_0010.uasset" 5830
"../../../Engine/Content/EngineMaterials/Substrate/GLints/dict_16_192_64_0p5_0p02_0033_0002.uasset" 5831
"../../../Engine/Content/EngineMaterials/Substrate/GLints/dict_16_192_64_0p5_0p02_0034_0007.uasset" 5832
"../../../Engine/Content/EngineMaterials/Substrate/GLints/dict_16_192_64_0p5_0p02_0033_0012.uasset" 5833
"../../../Engine/Content/EngineMaterials/Substrate/GLints/dict_16_192_64_0p5_0p02_0033_0008.uasset" 5834
"../../../Engine/Content/EngineMaterials/Substrate/GLints/dict_16_192_64_0p5_0p02_0034_0012.uasset" 5835
"../../../Engine/Content/EngineMaterials/Substrate/GLints/dict_16_192_64_0p5_0p02_0034_0000.uasset" 5836
"../../../Engine/Content/EngineMaterials/Substrate/GLints/dict_16_192_64_0p5_0p02_0034_0008.uasset" 5837
"/Engine/EngineMaterials/Substrate/GLints/dict_16_192_64_0p5_0p02_0034_0012" 5838
"/Engine/EngineMaterials/Substrate/GLints/dict_16_192_64_0p5_0p02_0034_0011" 5839
"/Engine/EngineMaterials/Substrate/GLints/dict_16_192_64_0p5_0p02_0034_0010" 5840
"/Engine/EngineMaterials/Substrate/GLints/dict_16_192_64_0p5_0p02_0034_0009" 5841
"/Engine/EngineMaterials/Substrate/GLints/dict_16_192_64_0p5_0p02_0034_0008" 5842
"/Engine/EngineMaterials/Substrate/GLints/dict_16_192_64_0p5_0p02_0034_0007" 5843
"/Engine/EngineMaterials/Substrate/GLints/dict_16_192_64_0p5_0p02_0034_0006" 5844
"/Engine/EngineMaterials/Substrate/GLints/dict_16_192_64_0p5_0p02_0034_0005" 5845
"/Engine/EngineMaterials/Substrate/GLints/dict_16_192_64_0p5_0p02_0034_0004" 5846
"/Engine/EngineMaterials/Substrate/GLints/dict_16_192_64_0p5_0p02_0034_0003" 5847
"/Engine/EngineMaterials/Substrate/GLints/dict_16_192_64_0p5_0p02_0034_0002" 5848
"/Engine/EngineMaterials/Substrate/GLints/dict_16_192_64_0p5_0p02_0034_0001" 5849
"/Engine/EngineMaterials/Substrate/GLints/dict_16_192_64_0p5_0p02_0034_0000" 5850
"/Engine/EngineMaterials/Substrate/GLints/dict_16_192_64_0p5_0p02_0033_0015" 5851
"/Engine/EngineMaterials/Substrate/GLints/dict_16_192_64_0p5_0p02_0033_0014" 5852
"/Engine/EngineMaterials/Substrate/GLints/dict_16_192_64_0p5_0p02_0033_0013" 5853
"/Engine/EngineMaterials/Substrate/GLints/dict_16_192_64_0p5_0p02_0033_0012" 5854
"/Engine/EngineMaterials/Substrate/GLints/dict_16_192_64_0p5_0p02_0033_0011" 5855
"/Engine/EngineMaterials/Substrate/GLints/dict_16_192_64_0p5_0p02_0033_0010" 5856
"/Engine/EngineMaterials/Substrate/GLints/dict_16_192_64_0p5_0p02_0033_0009" 5857
"/Engine/EngineMaterials/Substrate/GLints/dict_16_192_64_0p5_0p02_0033_0008" 5858
"/Engine/EngineMaterials/Substrate/GLints/dict_16_192_64_0p5_0p02_0033_0007" 5859
"/Engine/EngineMaterials/Substrate/GLints/dict_16_192_64_0p5_0p02_0033_0006" 5860
"/Engine/EngineMaterials/Substrate/GLints/dict_16_192_64_0p5_0p02_0033_0005" 5861
"/Engine/EngineMaterials/Substrate/GLints/dict_16_192_64_0p5_0p02_0033_0004" 5862
"/Engine/EngineMaterials/Substrate/GLints/dict_16_192_64_0p5_0p02_0033_0003" 5863
"/Engine/EngineMaterials/Substrate/GLints/dict_16_192_64_0p5_0p02_0033_0002" 5864
"/Engine/EngineMaterials/Substrate/GLints/dict_16_192_64_0p5_0p02_0033_0001" 5865
"/Engine/EngineMaterials/Substrate/GLints/dict_16_192_64_0p5_0p02_0033_0000" 5866
"/Engine/EngineMaterials/Substrate/GLints/dict_16_192_64_0p5_0p02_0032_0015" 5867
"/Engine/EngineMaterials/Substrate/GLints/dict_16_192_64_0p5_0p02_0032_0014" 5868
"/Engine/EngineMaterials/Substrate/GLints/dict_16_192_64_0p5_0p02_0032_0013" 5869
"../../../Engine/Content/EngineMaterials/Substrate/GLints/dict_16_192_64_0p5_0p02_0034_0014.uasset" 5870
"../../../Engine/Content/EngineMaterials/Substrate/GLints/dict_16_192_64_0p5_0p02_0034_0013.uasset" 5871
"../../../Engine/Content/EngineMaterials/Substrate/GLints/dict_16_192_64_0p5_0p02_0034_0015.uasset" 5872
"../../../Engine/Content/EngineMaterials/Substrate/GLints/dict_16_192_64_0p5_0p02_0035_0001.uasset" 5873
"../../../Engine/Content/EngineMaterials/Substrate/GLints/dict_16_192_64_0p5_0p02_0035_0000.uasset" 5874
"../../../Engine/Content/EngineMaterials/Substrate/GLints/dict_16_192_64_0p5_0p02_0035_0004.uasset" 5875
"../../../Engine/Content/EngineMaterials/Substrate/GLints/dict_16_192_64_0p5_0p02_0035_0005.uasset" 5876
"../../../Engine/Content/EngineMaterials/Substrate/GLints/dict_16_192_64_0p5_0p02_0035_0009.uasset" 5877
"../../../Engine/Content/EngineMaterials/Substrate/GLints/dict_16_192_64_0p5_0p02_0035_0006.uasset" 5878
"../../../Engine/Content/EngineMaterials/Substrate/GLints/dict_16_192_64_0p5_0p02_0035_0008.uasset" 5879
"../../../Engine/Content/EngineMaterials/Substrate/GLints/dict_16_192_64_0p5_0p02_0035_0011.uasset" 5880
"../../../Engine/Content/EngineMaterials/Substrate/GLints/dict_16_192_64_0p5_0p02_0035_0015.uasset" 5881
"../../../Engine/Content/EngineMaterials/Substrate/GLints/dict_16_192_64_0p5_0p02_0036_0000.uasset" 5882
"../../../Engine/Content/EngineMaterials/Substrate/GLints/dict_16_192_64_0p5_0p02_0036_0002.uasset" 5883
"../../../Engine/Content/EngineMaterials/Substrate/GLints/dict_16_192_64_0p5_0p02_0036_0001.uasset" 5884
"../../../Engine/Content/EngineMaterials/Substrate/GLints/dict_16_192_64_0p5_0p02_0035_0003.uasset" 5885
"../../../Engine/Content/EngineMaterials/Substrate/GLints/dict_16_192_64_0p5_0p02_0036_0003.uasset" 5886
"../../../Engine/Content/EngineMaterials/Substrate/GLints/dict_16_192_64_0p5_0p02_0036_0005.uasset" 5887
"../../../Engine/Content/EngineMaterials/Substrate/GLints/dict_16_192_64_0p5_0p02_0036_0011.uasset" 5888
"../../../Engine/Content/EngineMaterials/Substrate/GLints/dict_16_192_64_0p5_0p02_0036_0012.uasset" 5889
"../../../Engine/Content/EngineMaterials/Substrate/GLints/dict_16_192_64_0p5_0p02_0035_0002.uasset" 5890
"../../../Engine/Content/EngineMaterials/Substrate/GLints/dict_16_192_64_0p5_0p02_0035_0012.uasset" 5891
"../../../Engine/Content/EngineMaterials/Substrate/GLints/dict_16_192_64_0p5_0p02_0035_0014.uasset" 5892
"../../../Engine/Content/EngineMaterials/Substrate/GLints/dict_16_192_64_0p5_0p02_0036_0009.uasset" 5893
"../../../Engine/Content/EngineMaterials/Substrate/GLints/dict_16_192_64_0p5_0p02_0036_0010.uasset" 5894
"../../../Engine/Content/EngineMaterials/Substrate/GLints/dict_16_192_64_0p5_0p02_0036_0006.uasset" 5895
"../../../Engine/Content/EngineMaterials/Substrate/GLints/dict_16_192_64_0p5_0p02_0035_0010.uasset" 5896
"../../../Engine/Content/EngineMaterials/Substrate/GLints/dict_16_192_64_0p5_0p02_0035_0013.uasset" 5897
"../../../Engine/Content/EngineMaterials/Substrate/GLints/dict_16_192_64_0p5_0p02_0036_0007.uasset" 5898
"../../../Engine/Content/EngineMaterials/Substrate/GLints/dict_16_192_64_0p5_0p02_0036_0004.uasset" 5899
"../../../Engine/Content/EngineMaterials/Substrate/GLints/dict_16_192_64_0p5_0p02_0036_0008.uasset" 5900
"../../../Engine/Content/EngineMaterials/Substrate/GLints/dict_16_192_64_0p5_0p02_0035_0007.uasset" 5901
"/Engine/EngineMaterials/Substrate/GLints/dict_16_192_64_0p5_0p02_0036_0012" 5902
"/Engine/EngineMaterials/Substrate/GLints/dict_16_192_64_0p5_0p02_0036_0011" 5903
"/Engine/EngineMaterials/Substrate/GLints/dict_16_192_64_0p5_0p02_0036_0010" 5904
"/Engine/EngineMaterials/Substrate/GLints/dict_16_192_64_0p5_0p02_0036_0009" 5905
"/Engine/EngineMaterials/Substrate/GLints/dict_16_192_64_0p5_0p02_0036_0008" 5906
"/Engine/EngineMaterials/Substrate/GLints/dict_16_192_64_0p5_0p02_0036_0007" 5907
"/Engine/EngineMaterials/Substrate/GLints/dict_16_192_64_0p5_0p02_0036_0006" 5908
"/Engine/EngineMaterials/Substrate/GLints/dict_16_192_64_0p5_0p02_0036_0005" 5909
"/Engine/EngineMaterials/Substrate/GLints/dict_16_192_64_0p5_0p02_0036_0004" 5910
"/Engine/EngineMaterials/Substrate/GLints/dict_16_192_64_0p5_0p02_0036_0003" 5911
"/Engine/EngineMaterials/Substrate/GLints/dict_16_192_64_0p5_0p02_0036_0002" 5912
"/Engine/EngineMaterials/Substrate/GLints/dict_16_192_64_0p5_0p02_0036_0001" 5913
"/Engine/EngineMaterials/Substrate/GLints/dict_16_192_64_0p5_0p02_0036_0000" 5914
"/Engine/EngineMaterials/Substrate/GLints/dict_16_192_64_0p5_0p02_0035_0015" 5915
"/Engine/EngineMaterials/Substrate/GLints/dict_16_192_64_0p5_0p02_0035_0014" 5916
"/Engine/EngineMaterials/Substrate/GLints/dict_16_192_64_0p5_0p02_0035_0013" 5917
"/Engine/EngineMaterials/Substrate/GLints/dict_16_192_64_0p5_0p02_0035_0012" 5918
"/Engine/EngineMaterials/Substrate/GLints/dict_16_192_64_0p5_0p02_0035_0011" 5919
"/Engine/EngineMaterials/Substrate/GLints/dict_16_192_64_0p5_0p02_0035_0010" 5920
"/Engine/EngineMaterials/Substrate/GLints/dict_16_192_64_0p5_0p02_0035_0009" 5921
"/Engine/EngineMaterials/Substrate/GLints/dict_16_192_64_0p5_0p02_0035_0008" 5922
"/Engine/EngineMaterials/Substrate/GLints/dict_16_192_64_0p5_0p02_0035_0007" 5923
"/Engine/EngineMaterials/Substrate/GLints/dict_16_192_64_0p5_0p02_0035_0006" 5924
"/Engine/EngineMaterials/Substrate/GLints/dict_16_192_64_0p5_0p02_0035_0005" 5925
"/Engine/EngineMaterials/Substrate/GLints/dict_16_192_64_0p5_0p02_0035_0004" 5926
"/Engine/EngineMaterials/Substrate/GLints/dict_16_192_64_0p5_0p02_0035_0003" 5927
"/Engine/EngineMaterials/Substrate/GLints/dict_16_192_64_0p5_0p02_0035_0002" 5928
"/Engine/EngineMaterials/Substrate/GLints/dict_16_192_64_0p5_0p02_0035_0001" 5929
"/Engine/EngineMaterials/Substrate/GLints/dict_16_192_64_0p5_0p02_0035_0000" 5930
"/Engine/EngineMaterials/Substrate/GLints/dict_16_192_64_0p5_0p02_0034_0015" 5931
"/Engine/EngineMaterials/Substrate/GLints/dict_16_192_64_0p5_0p02_0034_0014" 5932
"/Engine/EngineMaterials/Substrate/GLints/dict_16_192_64_0p5_0p02_0034_0013" 5933
"../../../Engine/Content/EngineMaterials/Substrate/GLints/dict_16_192_64_0p5_0p02_0036_0013.uasset" 5934
"../../../Engine/Content/EngineMaterials/Substrate/GLints/dict_16_192_64_0p5_0p02_0037_0000.uasset" 5935
"../../../Engine/Content/EngineMaterials/Substrate/GLints/dict_16_192_64_0p5_0p02_0036_0015.uasset" 5936
"../../../Engine/Content/EngineMaterials/Substrate/GLints/dict_16_192_64_0p5_0p02_0037_0003.uasset" 5937
"../../../Engine/Content/EngineMaterials/Substrate/GLints/dict_16_192_64_0p5_0p02_0038_0002.uasset" 5938
"../../../Engine/Content/EngineMaterials/Substrate/GLints/dict_16_192_64_0p5_0p02_0038_0012.uasset" 5939
"../../../Engine/Content/EngineMaterials/Substrate/GLints/dict_16_192_64_0p5_0p02_0036_0014.uasset" 5940
"../../../Engine/Content/EngineMaterials/Substrate/GLints/dict_16_192_64_0p5_0p02_0037_0011.uasset" 5941
"../../../Engine/Content/EngineMaterials/Substrate/GLints/dict_16_192_64_0p5_0p02_0037_0002.uasset" 5942
"../../../Engine/Content/EngineMaterials/Substrate/GLints/dict_16_192_64_0p5_0p02_0038_0006.uasset" 5943
"../../../Engine/Content/EngineMaterials/Substrate/GLints/dict_16_192_64_0p5_0p02_0037_0014.uasset" 5944
"../../../Engine/Content/EngineMaterials/Substrate/GLints/dict_16_192_64_0p5_0p02_0038_0007.uasset" 5945
"../../../Engine/Content/EngineMaterials/Substrate/GLints/dict_16_192_64_0p5_0p02_0037_0006.uasset" 5946
"../../../Engine/Content/EngineMaterials/Substrate/GLints/dict_16_192_64_0p5_0p02_0038_0005.uasset" 5947
"../../../Engine/Content/EngineMaterials/Substrate/GLints/dict_16_192_64_0p5_0p02_0038_0000.uasset" 5948
"../../../Engine/Content/EngineMaterials/Substrate/GLints/dict_16_192_64_0p5_0p02_0038_0008.uasset" 5949
"../../../Engine/Content/EngineMaterials/Substrate/GLints/dict_16_192_64_0p5_0p02_0038_0004.uasset" 5950
"../../../Engine/Content/EngineMaterials/Substrate/GLints/dict_16_192_64_0p5_0p02_0037_0012.uasset" 5951
"../../../Engine/Content/EngineMaterials/Substrate/GLints/dict_16_192_64_0p5_0p02_0037_0015.uasset" 5952
"../../../Engine/Content/EngineMaterials/Substrate/GLints/dict_16_192_64_0p5_0p02_0037_0004.uasset" 5953
"../../../Engine/Content/EngineMaterials/Substrate/GLints/dict_16_192_64_0p5_0p02_0038_0003.uasset" 5954
"../../../Engine/Content/EngineMaterials/Substrate/GLints/dict_16_192_64_0p5_0p02_0037_0010.uasset" 5955
"../../../Engine/Content/EngineMaterials/Substrate/GLints/dict_16_192_64_0p5_0p02_0037_0001.uasset" 5956
"../../../Engine/Content/EngineMaterials/Substrate/GLints/dict_16_192_64_0p5_0p02_0037_0009.uasset" 5957
"../../../Engine/Content/EngineMaterials/Substrate/GLints/dict_16_192_64_0p5_0p02_0037_0007.uasset" 5958
"../../../Engine/Content/EngineMaterials/Substrate/GLints/dict_16_192_64_0p5_0p02_0037_0013.uasset" 5959
"../../../Engine/Content/EngineMaterials/Substrate/GLints/dict_16_192_64_0p5_0p02_0038_0011.uasset" 5960
"../../../Engine/Content/EngineMaterials/Substrate/GLints/dict_16_192_64_0p5_0p02_0038_0009.uasset" 5961
"../../../Engine/Content/EngineMaterials/Substrate/GLints/dict_16_192_64_0p5_0p02_0038_0001.uasset" 5962
"../../../Engine/Content/EngineMaterials/Substrate/GLints/dict_16_192_64_0p5_0p02_0037_0005.uasset" 5963
"../../../Engine/Content/EngineMaterials/Substrate/GLints/dict_16_192_64_0p5_0p02_0038_0010.uasset" 5964
"../../../Engine/Content/EngineMaterials/Substrate/GLints/dict_16_192_64_0p5_0p02_0037_0008.uasset" 5965
"/Engine/EngineMaterials/Substrate/GLints/dict_16_192_64_0p5_0p02_0038_0012" 5966
"/Engine/EngineMaterials/Substrate/GLints/dict_16_192_64_0p5_0p02_0038_0011" 5967
"/Engine/EngineMaterials/Substrate/GLints/dict_16_192_64_0p5_0p02_0038_0010" 5968
"/Engine/EngineMaterials/Substrate/GLints/dict_16_192_64_0p5_0p02_0038_0009" 5969
"/Engine/EngineMaterials/Substrate/GLints/dict_16_192_64_0p5_0p02_0038_0008" 5970
"/Engine/EngineMaterials/Substrate/GLints/dict_16_192_64_0p5_0p02_0038_0007" 5971
"/Engine/EngineMaterials/Substrate/GLints/dict_16_192_64_0p5_0p02_0038_0006" 5972
"/Engine/EngineMaterials/Substrate/GLints/dict_16_192_64_0p5_0p02_0038_0005" 5973
"/Engine/EngineMaterials/Substrate/GLints/dict_16_192_64_0p5_0p02_0038_0004" 5974
"/Engine/EngineMaterials/Substrate/GLints/dict_16_192_64_0p5_0p02_0038_0003" 5975
"/Engine/EngineMaterials/Substrate/GLints/dict_16_192_64_0p5_0p02_0038_0002" 5976
"/Engine/EngineMaterials/Substrate/GLints/dict_16_192_64_0p5_0p02_0038_0001" 5977
"/Engine/EngineMaterials/Substrate/GLints/dict_16_192_64_0p5_0p02_0038_0000" 5978
"/Engine/EngineMaterials/Substrate/GLints/dict_16_192_64_0p5_0p02_0037_0015" 5979
"/Engine/EngineMaterials/Substrate/GLints/dict_16_192_64_0p5_0p02_0037_0014" 5980
"/Engine/EngineMaterials/Substrate/GLints/dict_16_192_64_0p5_0p02_0037_0013" 5981
"/Engine/EngineMaterials/Substrate/GLints/dict_16_192_64_0p5_0p02_0037_0012" 5982
"/Engine/EngineMaterials/Substrate/GLints/dict_16_192_64_0p5_0p02_0037_0011" 5983
"/Engine/EngineMaterials/Substrate/GLints/dict_16_192_64_0p5_0p02_0037_0010" 5984
"/Engine/EngineMaterials/Substrate/GLints/dict_16_192_64_0p5_0p02_0037_0009" 5985
"/Engine/EngineMaterials/Substrate/GLints/dict_16_192_64_0p5_0p02_0037_0008" 5986
"/Engine/EngineMaterials/Substrate/GLints/dict_16_192_64_0p5_0p02_0037_0007" 5987
"/Engine/EngineMaterials/Substrate/GLints/dict_16_192_64_0p5_0p02_0037_0006" 5988
"/Engine/EngineMaterials/Substrate/GLints/dict_16_192_64_0p5_0p02_0037_0005" 5989
"/Engine/EngineMaterials/Substrate/GLints/dict_16_192_64_0p5_0p02_0037_0004" 5990
"/Engine/EngineMaterials/Substrate/GLints/dict_16_192_64_0p5_0p02_0037_0003" 5991
"/Engine/EngineMaterials/Substrate/GLints/dict_16_192_64_0p5_0p02_0037_0002" 5992
"/Engine/EngineMaterials/Substrate/GLints/dict_16_192_64_0p5_0p02_0037_0001" 5993
"/Engine/EngineMaterials/Substrate/GLints/dict_16_192_64_0p5_0p02_0037_0000" 5994
"/Engine/EngineMaterials/Substrate/GLints/dict_16_192_64_0p5_0p02_0036_0015" 5995
"/Engine/EngineMaterials/Substrate/GLints/dict_16_192_64_0p5_0p02_0036_0014" 5996
"/Engine/EngineMaterials/Substrate/GLints/dict_16_192_64_0p5_0p02_0036_0013" 5997
"../../../Engine/Content/EngineMaterials/Substrate/GLints/dict_16_192_64_0p5_0p02_0038_0013.uasset" 5998
"../../../Engine/Content/EngineMaterials/Substrate/GLints/dict_16_192_64_0p5_0p02_0039_0003.uasset" 5999
"../../../Engine/Content/EngineMaterials/Substrate/GLints/dict_16_192_64_0p5_0p02_0039_0002.uasset" 6000
"../../../Engine/Content/EngineMaterials/Substrate/GLints/dict_16_192_64_0p5_0p02_0039_0000.uasset" 6001
"../../../Engine/Content/EngineMaterials/Substrate/GLints/dict_16_192_64_0p5_0p02_0038_0014.uasset" 6002
"../../../Engine/Content/EngineMaterials/Substrate/GLints/dict_16_192_64_0p5_0p02_0038_0015.uasset" 6003
"../../../Engine/Content/EngineMaterials/Substrate/GLints/dict_16_192_64_0p5_0p02_0039_0006.uasset" 6004
"../../../Engine/Content/EngineMaterials/Substrate/GLints/dict_16_192_64_0p5_0p02_0040_0001.uasset" 6005
"../../../Engine/Content/EngineMaterials/Substrate/GLints/dict_16_192_64_0p5_0p02_0039_0009.uasset" 6006
"../../../Engine/Content/EngineMaterials/Substrate/GLints/dict_16_192_64_0p5_0p02_0039_0010.uasset" 6007
"../../../Engine/Content/EngineMaterials/Substrate/GLints/dict_16_192_64_0p5_0p02_0039_0012.uasset" 6008
"../../../Engine/Content/EngineMaterials/Substrate/GLints/dict_16_192_64_0p5_0p02_0039_0013.uasset" 6009
"../../../Engine/Content/EngineMaterials/Substrate/GLints/dict_16_192_64_0p5_0p02_0040_0000.uasset" 6010
"../../../Engine/Content/EngineMaterials/Substrate/GLints/dict_16_192_64_0p5_0p02_0040_0004.uasset" 6011
"../../../Engine/Content/EngineMaterials/Substrate/GLints/dict_16_192_64_0p5_0p02_0040_0006.uasset" 6012
"../../../Engine/Content/EngineMaterials/Substrate/GLints/dict_16_192_64_0p5_0p02_0040_0003.uasset" 6013
"../../../Engine/Content/EngineMaterials/Substrate/GLints/dict_16_192_64_0p5_0p02_0040_0009.uasset" 6014
"../../../Engine/Content/EngineMaterials/Substrate/GLints/dict_16_192_64_0p5_0p02_0040_0010.uasset" 6015
"../../../Engine/Content/EngineMaterials/Substrate/GLints/dict_16_192_64_0p5_0p02_0039_0005.uasset" 6016
"/Engine/EngineMaterials/Substrate/GLints/dict_16_192_64_0p5_0p02_0040_0010" 6017
"../../../Engine/Content/EngineMaterials/Substrate/GLints/dict_16_192_64_0p5_0p02_0039_0001.uasset" 6018
"/Engine/EngineMaterials/Substrate/GLints/dict_16_192_64_0p5_0p02_0040_0009" 6019
"/Engine/EngineMaterials/Substrate/GLints/dict_16_192_64_0p5_0p02_0040_0006" 6020
"/Engine/EngineMaterials/Substrate/GLints/dict_16_192_64_0p5_0p02_0040_0004" 6021
"/Engine/EngineMaterials/Substrate/GLints/dict_16_192_64_0p5_0p02_0040_0003" 6022
"/Engine/EngineMaterials/Substrate/GLints/dict_16_192_64_0p5_0p02_0040_0001" 6023
"../../../Engine/Content/EngineMaterials/Substrate/GLints/dict_16_192_64_0p5_0p02_0039_0011.uasset" 6024
"/Engine/EngineMaterials/Substrate/GLints/dict_16_192_64_0p5_0p02_0040_0000" 6025
"/Engine/EngineMaterials/Substrate/GLints/dict_16_192_64_0p5_0p02_0039_0013" 6026
"/Engine/EngineMaterials/Substrate/GLints/dict_16_192_64_0p5_0p02_0039_0012" 6027
"../../../Engine/Content/EngineMaterials/Substrate/GLints/dict_16_192_64_0p5_0p02_0039_0015.uasset" 6028
"/Engine/EngineMaterials/Substrate/GLints/dict_16_192_64_0p5_0p02_0039_0010" 6029
"/Engine/EngineMaterials/Substrate/GLints/dict_16_192_64_0p5_0p02_0039_0009" 6030
"../../../Engine/Content/EngineMaterials/Substrate/GLints/dict_16_192_64_0p5_0p02_0040_0005.uasset" 6031
"/Engine/EngineMaterials/Substrate/GLints/dict_16_192_64_0p5_0p02_0039_0006" 6032
"../../../Engine/Content/EngineMaterials/Substrate/GLints/dict_16_192_64_0p5_0p02_0039_0004.uasset" 6033
"/Engine/EngineMaterials/Substrate/GLints/dict_16_192_64_0p5_0p02_0039_0005" 6034
"../../../Engine/Content/EngineMaterials/Substrate/GLints/dict_16_192_64_0p5_0p02_0040_0011.uasset" 6035
"/Engine/EngineMaterials/Substrate/GLints/dict_16_192_64_0p5_0p02_0039_0003" 6036
"../../../Engine/Content/EngineMaterials/Substrate/GLints/dict_16_192_64_0p5_0p02_0040_0012.uasset" 6037
"/Engine/EngineMaterials/Substrate/GLints/dict_16_192_64_0p5_0p02_0039_0002" 6038
"../../../Engine/Content/EngineMaterials/Substrate/GLints/dict_16_192_64_0p5_0p02_0039_0014.uasset" 6039
"/Engine/EngineMaterials/Substrate/GLints/dict_16_192_64_0p5_0p02_0039_0000" 6040
"../../../Engine/Content/EngineMaterials/Substrate/GLints/dict_16_192_64_0p5_0p02_0040_0002.uasset" 6041
"/Engine/EngineMaterials/Substrate/GLints/dict_16_192_64_0p5_0p02_0038_0015" 6042
"../../../Engine/Content/EngineMaterials/Substrate/GLints/dict_16_192_64_0p5_0p02_0040_0008.uasset" 6043
"/Engine/EngineMaterials/Substrate/GLints/dict_16_192_64_0p5_0p02_0038_0014" 6044
"../../../Engine/Content/EngineMaterials/Substrate/GLints/dict_16_192_64_0p5_0p02_0039_0007.uasset" 6045
"/Engine/EngineMaterials/Substrate/GLints/dict_16_192_64_0p5_0p02_0038_0013" 6046
"../../../Engine/Content/EngineMaterials/Substrate/GLints/dict_16_192_64_0p5_0p02_0039_0008.uasset" 6047
"/Engine/EngineMaterials/Substrate/GLints/dict_16_192_64_0p5_0p02_0040_0012" 6048
"../../../Engine/Content/EngineMaterials/Substrate/GLints/dict_16_192_64_0p5_0p02_0040_0007.uasset" 6049
"/Engine/EngineMaterials/Substrate/GLints/dict_16_192_64_0p5_0p02_0040_0011" 6050
"/Engine/EngineMaterials/Substrate/GLints/dict_16_192_64_0p5_0p02_0040_0008" 6051
"/Engine/EngineMaterials/Substrate/GLints/dict_16_192_64_0p5_0p02_0040_0005" 6052
"/Engine/EngineMaterials/Substrate/GLints/dict_16_192_64_0p5_0p02_0040_0002" 6053
"/Engine/EngineMaterials/Substrate/GLints/dict_16_192_64_0p5_0p02_0039_0015" 6054
"/Engine/EngineMaterials/Substrate/GLints/dict_16_192_64_0p5_0p02_0039_0014" 6055
"/Engine/EngineMaterials/Substrate/GLints/dict_16_192_64_0p5_0p02_0039_0011" 6056
"/Engine/EngineMaterials/Substrate/GLints/dict_16_192_64_0p5_0p02_0039_0008" 6057
"/Engine/EngineMaterials/Substrate/GLints/dict_16_192_64_0p5_0p02_0039_0007" 6058
"../../../Engine/Content/EngineMaterials/Substrate/GLints/dict_16_192_64_0p5_0p02_0040_0013.uasset" 6059
"/Engine/EngineMaterials/Substrate/GLints/dict_16_192_64_0p5_0p02_0039_0004" 6060
"../../../Engine/Content/EngineMaterials/Substrate/GLints/dict_16_192_64_0p5_0p02_0041_0005.uasset" 6061
"/Engine/EngineMaterials/Substrate/GLints/dict_16_192_64_0p5_0p02_0039_0001" 6062
"../../../Engine/Content/EngineMaterials/Substrate/GLints/dict_16_192_64_0p5_0p02_0041_0000.uasset" 6063
"/Engine/EngineMaterials/Substrate/GLints/dict_16_192_64_0p5_0p02_0040_0007" 6064
"/Engine/EngineMaterials/Substrate/GLints/dict_16_192_64_0p5_0p02_0041_0005" 6065
"/Engine/EngineMaterials/Substrate/GLints/dict_16_192_64_0p5_0p02_0040_0013" 6066
"../../../Engine/Content/EngineMaterials/Substrate/GLints/dict_16_192_64_0p5_0p02_0041_0012.uasset" 6067
"/Engine/EngineMaterials/Substrate/GLints/dict_16_192_64_0p5_0p02_0041_0012" 6068
"../../../Engine/Content/EngineMaterials/Substrate/GLints/dict_16_192_64_0p5_0p02_0040_0014.uasset" 6069
"/Engine/EngineMaterials/Substrate/GLints/dict_16_192_64_0p5_0p02_0041_0000" 6070
"/Engine/EngineMaterials/Substrate/GLints/dict_16_192_64_0p5_0p02_0040_0014" 6071
"../../../Engine/Content/EngineMaterials/Substrate/GLints/dict_16_192_64_0p5_0p02_0042_0003.uasset" 6072
"../../../Engine/Content/EngineMaterials/Substrate/GLints/dict_16_192_64_0p5_0p02_0041_0002.uasset" 6073
"../../../Engine/Content/EngineMaterials/Substrate/GLints/dict_16_192_64_0p5_0p02_0040_0015.uasset" 6074
"../../../Engine/Content/EngineMaterials/Substrate/GLints/dict_16_192_64_0p5_0p02_0041_0006.uasset" 6075
"../../../Engine/Content/EngineMaterials/Substrate/GLints/dict_16_192_64_0p5_0p02_0041_0009.uasset" 6076
"../../../Engine/Content/EngineMaterials/Substrate/GLints/dict_16_192_64_0p5_0p02_0041_0011.uasset" 6077
"../../../Engine/Content/EngineMaterials/Substrate/GLints/dict_16_192_64_0p5_0p02_0043_0001.uasset" 6078
"../../../Engine/Content/EngineMaterials/Substrate/GLints/dict_16_192_64_0p5_0p02_0041_0007.uasset" 6079
"../../../Engine/Content/EngineMaterials/Substrate/GLints/dict_16_192_64_0p5_0p02_0041_0015.uasset" 6080
"../../../Engine/Content/EngineMaterials/Substrate/GLints/dict_16_192_64_0p5_0p02_0041_0004.uasset" 6081
"../../../Engine/Content/EngineMaterials/Substrate/GLints/dict_16_192_64_0p5_0p02_0042_0006.uasset" 6082
"../../../Engine/Content/EngineMaterials/Substrate/GLints/dict_16_192_64_0p5_0p02_0041_0008.uasset" 6083
"../../../Engine/Content/EngineMaterials/Substrate/GLints/dict_16_192_64_0p5_0p02_0042_0010.uasset" 6084
"../../../Engine/Content/EngineMaterials/Substrate/GLints/dict_16_192_64_0p5_0p02_0042_0011.uasset" 6085
"../../../Engine/Content/EngineMaterials/Substrate/GLints/dict_16_192_64_0p5_0p02_0042_0008.uasset" 6086
"../../../Engine/Content/EngineMaterials/Substrate/GLints/dict_16_192_64_0p5_0p02_0042_0009.uasset" 6087
"../../../Engine/Content/EngineMaterials/Substrate/GLints/dict_16_192_64_0p5_0p02_0042_0013.uasset" 6088
"../../../Engine/Content/EngineMaterials/Substrate/GLints/dict_16_192_64_0p5_0p02_0041_0001.uasset" 6089
"../../../Engine/Content/EngineMaterials/Substrate/GLints/dict_16_192_64_0p5_0p02_0042_0000.uasset" 6090
"../../../Engine/Content/EngineMaterials/Substrate/GLints/dict_16_192_64_0p5_0p02_0041_0010.uasset" 6091
"../../../Engine/Content/EngineMaterials/Substrate/GLints/dict_16_192_64_0p5_0p02_0042_0002.uasset" 6092
"../../../Engine/Content/EngineMaterials/Substrate/GLints/dict_16_192_64_0p5_0p02_0041_0003.uasset" 6093
"../../../Engine/Content/EngineMaterials/Substrate/GLints/dict_16_192_64_0p5_0p02_0042_0005.uasset" 6094
"../../../Engine/Content/EngineMaterials/Substrate/GLints/dict_16_192_64_0p5_0p02_0042_0007.uasset" 6095
"../../../Engine/Content/EngineMaterials/Substrate/GLints/dict_16_192_64_0p5_0p02_0042_0004.uasset" 6096
"../../../Engine/Content/EngineMaterials/Substrate/GLints/dict_16_192_64_0p5_0p02_0043_0000.uasset" 6097
"../../../Engine/Content/EngineMaterials/Substrate/GLints/dict_16_192_64_0p5_0p02_0042_0015.uasset" 6098
"../../../Engine/Content/EngineMaterials/Substrate/GLints/dict_16_192_64_0p5_0p02_0042_0001.uasset" 6099
"../../../Engine/Content/EngineMaterials/Substrate/GLints/dict_16_192_64_0p5_0p02_0041_0014.uasset" 6100
"../../../Engine/Content/EngineMaterials/Substrate/GLints/dict_16_192_64_0p5_0p02_0042_0014.uasset" 6101
"../../../Engine/Content/EngineMaterials/Substrate/GLints/dict_16_192_64_0p5_0p02_0042_0012.uasset" 6102
"../../../Engine/Content/EngineMaterials/Substrate/GLints/dict_16_192_64_0p5_0p02_0041_0013.uasset" 6103
"/Engine/EngineMaterials/Substrate/GLints/dict_16_192_64_0p5_0p02_0042_0011" 6104
"/Engine/EngineMaterials/Substrate/GLints/dict_16_192_64_0p5_0p02_0042_0010" 6105
"/Engine/EngineMaterials/Substrate/GLints/dict_16_192_64_0p5_0p02_0041_0015" 6106
"/Engine/EngineMaterials/Substrate/GLints/dict_16_192_64_0p5_0p02_0041_0014" 6107
"/Engine/EngineMaterials/Substrate/GLints/dict_16_192_64_0p5_0p02_0042_0009" 6108
"/Engine/EngineMaterials/Substrate/GLints/dict_16_192_64_0p5_0p02_0042_0014" 6109
"/Engine/EngineMaterials/Substrate/GLints/dict_16_192_64_0p5_0p02_0041_0013" 6110
"/Engine/EngineMaterials/Substrate/GLints/dict_16_192_64_0p5_0p02_0042_0008" 6111
"/Engine/EngineMaterials/Substrate/GLints/dict_16_192_64_0p5_0p02_0043_0000" 6112
"/Engine/EngineMaterials/Substrate/GLints/dict_16_192_64_0p5_0p02_0041_0011" 6113
"/Engine/EngineMaterials/Substrate/GLints/dict_16_192_64_0p5_0p02_0042_0007" 6114
"/Engine/EngineMaterials/Substrate/GLints/dict_16_192_64_0p5_0p02_0041_0010" 6115
"/Engine/EngineMaterials/Substrate/GLints/dict_16_192_64_0p5_0p02_0041_0009" 6116
"/Engine/EngineMaterials/Substrate/GLints/dict_16_192_64_0p5_0p02_0042_0006" 6117
"/Engine/EngineMaterials/Substrate/GLints/dict_16_192_64_0p5_0p02_0042_0005" 6118
"/Engine/EngineMaterials/Substrate/GLints/dict_16_192_64_0p5_0p02_0041_0008" 6119
"/Engine/EngineMaterials/Substrate/GLints/dict_16_192_64_0p5_0p02_0041_0007" 6120
"/Engine/EngineMaterials/Substrate/GLints/dict_16_192_64_0p5_0p02_0042_0004" 6121
"/Engine/EngineMaterials/Substrate/GLints/dict_16_192_64_0p5_0p02_0041_0006" 6122
"/Engine/EngineMaterials/Substrate/GLints/dict_16_192_64_0p5_0p02_0042_0013" 6123
"/Engine/EngineMaterials/Substrate/GLints/dict_16_192_64_0p5_0p02_0042_0003" 6124
"/Engine/EngineMaterials/Substrate/GLints/dict_16_192_64_0p5_0p02_0042_0002" 6125
"/Engine/EngineMaterials/Substrate/GLints/dict_16_192_64_0p5_0p02_0041_0004" 6126
"/Engine/EngineMaterials/Substrate/GLints/dict_16_192_64_0p5_0p02_0041_0003" 6127
"/Engine/EngineMaterials/Substrate/GLints/dict_16_192_64_0p5_0p02_0042_0001" 6128
"/Engine/EngineMaterials/Substrate/GLints/dict_16_192_64_0p5_0p02_0041_0002" 6129
"/Engine/EngineMaterials/Substrate/GLints/dict_16_192_64_0p5_0p02_0041_0001" 6130
"/Engine/EngineMaterials/Substrate/GLints/dict_16_192_64_0p5_0p02_0042_0000" 6131
"/Engine/EngineMaterials/Substrate/GLints/dict_16_192_64_0p5_0p02_0042_0015" 6132
"/Engine/EngineMaterials/Substrate/GLints/dict_16_192_64_0p5_0p02_0040_0015" 6133
"/Engine/EngineMaterials/Substrate/GLints/dict_16_192_64_0p5_0p02_0043_0001" 6134
"/Engine/EngineMaterials/Substrate/GLints/dict_16_192_64_0p5_0p02_0042_0012" 6135
"../../../Engine/Content/EngineMaterials/Substrate/GLints/dict_16_192_64_0p5_0p02_0043_0007.uasset" 6136
"../../../Engine/Content/EngineMaterials/Substrate/GLints/dict_16_192_64_0p5_0p02_0043_0005.uasset" 6137
"../../../Engine/Content/EngineMaterials/Substrate/GLints/dict_16_192_64_0p5_0p02_0043_0003.uasset" 6138
"../../../Engine/Content/EngineMaterials/Substrate/GLints/dict_16_192_64_0p5_0p02_0043_0004.uasset" 6139
"../../../Engine/Content/EngineMaterials/Substrate/GLints/dict_16_192_64_0p5_0p02_0043_0006.uasset" 6140
"../../../Engine/Content/EngineMaterials/Substrate/GLints/dict_16_192_64_0p5_0p02_0043_0008.uasset" 6141
"../../../Engine/Content/EngineMaterials/Substrate/GLints/dict_16_192_64_0p5_0p02_0044_0000.uasset" 6142
"../../../Engine/Content/EngineMaterials/Substrate/GLints/dict_16_192_64_0p5_0p02_0043_0014.uasset" 6143
"../../../Engine/Content/EngineMaterials/Substrate/GLints/dict_16_192_64_0p5_0p02_0044_0001.uasset" 6144
"../../../Engine/Content/EngineMaterials/Substrate/GLints/dict_16_192_64_0p5_0p02_0044_0002.uasset" 6145
"../../../Engine/Content/EngineMaterials/Substrate/GLints/dict_16_192_64_0p5_0p02_0044_0004.uasset" 6146
"../../../Engine/Content/EngineMaterials/Substrate/GLints/dict_16_192_64_0p5_0p02_0044_0006.uasset" 6147
"../../../Engine/Content/EngineMaterials/Substrate/GLints/dict_16_192_64_0p5_0p02_0043_0011.uasset" 6148
"../../../Engine/Content/EngineMaterials/Substrate/GLints/dict_16_192_64_0p5_0p02_0044_0008.uasset" 6149
"../../../Engine/Content/EngineMaterials/Substrate/GLints/dict_16_192_64_0p5_0p02_0043_0015.uasset" 6150
"../../../Engine/Content/EngineMaterials/Substrate/GLints/dict_16_192_64_0p5_0p02_0043_0010.uasset" 6151
"../../../Engine/Content/EngineMaterials/Substrate/GLints/dict_16_192_64_0p5_0p02_0045_0000.uasset" 6152
"../../../Engine/Content/EngineMaterials/Substrate/GLints/dict_16_192_64_0p5_0p02_0044_0011.uasset" 6153
"../../../Engine/Content/EngineMaterials/Substrate/GLints/dict_16_192_64_0p5_0p02_0045_0001.uasset" 6154
"../../../Engine/Content/EngineMaterials/Substrate/GLints/dict_16_192_64_0p5_0p02_0044_0015.uasset" 6155
"../../../Engine/Content/EngineMaterials/Substrate/GLints/dict_16_192_64_0p5_0p02_0043_0002.uasset" 6156
"../../../Engine/Content/EngineMaterials/Substrate/GLints/dict_16_192_64_0p5_0p02_0044_0005.uasset" 6157
"../../../Engine/Content/EngineMaterials/Substrate/GLints/dict_16_192_64_0p5_0p02_0044_0007.uasset" 6158
"../../../Engine/Content/EngineMaterials/Substrate/GLints/dict_16_192_64_0p5_0p02_0044_0009.uasset" 6159
"../../../Engine/Content/EngineMaterials/Substrate/GLints/dict_16_192_64_0p5_0p02_0044_0010.uasset" 6160
"../../../Engine/Content/EngineMaterials/Substrate/GLints/dict_16_192_64_0p5_0p02_0044_0014.uasset" 6161
"../../../Engine/Content/EngineMaterials/Substrate/GLints/dict_16_192_64_0p5_0p02_0043_0012.uasset" 6162
"../../../Engine/Content/EngineMaterials/Substrate/GLints/dict_16_192_64_0p5_0p02_0044_0003.uasset" 6163
"../../../Engine/Content/EngineMaterials/Substrate/GLints/dict_16_192_64_0p5_0p02_0044_0013.uasset" 6164
"../../../Engine/Content/EngineMaterials/Substrate/GLints/dict_16_192_64_0p5_0p02_0043_0009.uasset" 6165
"../../../Engine/Content/EngineMaterials/Substrate/GLints/dict_16_192_64_0p5_0p02_0044_0012.uasset" 6166
"../../../Engine/Content/EngineMaterials/Substrate/GLints/dict_16_192_64_0p5_0p02_0043_0013.uasset" 6167
"/Engine/EngineMaterials/Substrate/GLints/dict_16_192_64_0p5_0p02_0045_0001" 6168
"/Engine/EngineMaterials/Substrate/GLints/dict_16_192_64_0p5_0p02_0045_0000" 6169
"/Engine/EngineMaterials/Substrate/GLints/dict_16_192_64_0p5_0p02_0044_0015" 6170
"/Engine/EngineMaterials/Substrate/GLints/dict_16_192_64_0p5_0p02_0044_0014" 6171
"/Engine/EngineMaterials/Substrate/GLints/dict_16_192_64_0p5_0p02_0044_0013" 6172
"/Engine/EngineMaterials/Substrate/GLints/dict_16_192_64_0p5_0p02_0044_0012" 6173
"/Engine/EngineMaterials/Substrate/GLints/dict_16_192_64_0p5_0p02_0044_0011" 6174
"/Engine/EngineMaterials/Substrate/GLints/dict_16_192_64_0p5_0p02_0044_0010" 6175
"/Engine/EngineMaterials/Substrate/GLints/dict_16_192_64_0p5_0p02_0044_0009" 6176
"/Engine/EngineMaterials/Substrate/GLints/dict_16_192_64_0p5_0p02_0044_0008" 6177
"/Engine/EngineMaterials/Substrate/GLints/dict_16_192_64_0p5_0p02_0044_0007" 6178
"/Engine/EngineMaterials/Substrate/GLints/dict_16_192_64_0p5_0p02_0044_0006" 6179
"/Engine/EngineMaterials/Substrate/GLints/dict_16_192_64_0p5_0p02_0044_0005" 6180
"/Engine/EngineMaterials/Substrate/GLints/dict_16_192_64_0p5_0p02_0044_0004" 6181
"/Engine/EngineMaterials/Substrate/GLints/dict_16_192_64_0p5_0p02_0044_0003" 6182
"/Engine/EngineMaterials/Substrate/GLints/dict_16_192_64_0p5_0p02_0044_0002" 6183
"/Engine/EngineMaterials/Substrate/GLints/dict_16_192_64_0p5_0p02_0044_0001" 6184
"/Engine/EngineMaterials/Substrate/GLints/dict_16_192_64_0p5_0p02_0044_0000" 6185
"/Engine/EngineMaterials/Substrate/GLints/dict_16_192_64_0p5_0p02_0043_0015" 6186
"/Engine/EngineMaterials/Substrate/GLints/dict_16_192_64_0p5_0p02_0043_0014" 6187
"/Engine/EngineMaterials/Substrate/GLints/dict_16_192_64_0p5_0p02_0043_0013" 6188
"/Engine/EngineMaterials/Substrate/GLints/dict_16_192_64_0p5_0p02_0043_0012" 6189
"/Engine/EngineMaterials/Substrate/GLints/dict_16_192_64_0p5_0p02_0043_0011" 6190
"/Engine/EngineMaterials/Substrate/GLints/dict_16_192_64_0p5_0p02_0043_0010" 6191
"/Engine/EngineMaterials/Substrate/GLints/dict_16_192_64_0p5_0p02_0043_0009" 6192
"/Engine/EngineMaterials/Substrate/GLints/dict_16_192_64_0p5_0p02_0043_0008" 6193
"/Engine/EngineMaterials/Substrate/GLints/dict_16_192_64_0p5_0p02_0043_0007" 6194
"/Engine/EngineMaterials/Substrate/GLints/dict_16_192_64_0p5_0p02_0043_0006" 6195
"/Engine/EngineMaterials/Substrate/GLints/dict_16_192_64_0p5_0p02_0043_0005" 6196
"/Engine/EngineMaterials/Substrate/GLints/dict_16_192_64_0p5_0p02_0043_0004" 6197
"/Engine/EngineMaterials/Substrate/GLints/dict_16_192_64_0p5_0p02_0043_0003" 6198
"/Engine/EngineMaterials/Substrate/GLints/dict_16_192_64_0p5_0p02_0043_0002" 6199
"../../../Engine/Content/EngineMaterials/Substrate/GLints/dict_16_192_64_0p5_0p02_0045_0005.uasset" 6200
"../../../Engine/Content/EngineMaterials/Substrate/GLints/dict_16_192_64_0p5_0p02_0046_0002.uasset" 6201
"../../../Engine/Content/EngineMaterials/Substrate/GLints/dict_16_192_64_0p5_0p02_0045_0015.uasset" 6202
"../../../Engine/Content/EngineMaterials/Substrate/GLints/dict_16_192_64_0p5_0p02_0045_0007.uasset" 6203
"../../../Engine/Content/EngineMaterials/Substrate/GLints/dict_16_192_64_0p5_0p02_0045_0006.uasset" 6204
"../../../Engine/Content/EngineMaterials/Substrate/GLints/dict_16_192_64_0p5_0p02_0045_0010.uasset" 6205
"../../../Engine/Content/EngineMaterials/Substrate/GLints/dict_16_192_64_0p5_0p02_0046_0013.uasset" 6206
"../../../Engine/Content/EngineMaterials/Substrate/GLints/dict_16_192_64_0p5_0p02_0045_0002.uasset" 6207
"../../../Engine/Content/EngineMaterials/Substrate/GLints/dict_16_192_64_0p5_0p02_0046_0006.uasset" 6208
"../../../Engine/Content/EngineMaterials/Substrate/GLints/dict_16_192_64_0p5_0p02_0046_0010.uasset" 6209
"../../../Engine/Content/EngineMaterials/Substrate/GLints/dict_16_192_64_0p5_0p02_0046_0004.uasset" 6210
"../../../Engine/Content/EngineMaterials/Substrate/GLints/dict_16_192_64_0p5_0p02_0047_0000.uasset" 6211
"../../../Engine/Content/EngineMaterials/Substrate/GLints/dict_16_192_64_0p5_0p02_0046_0005.uasset" 6212
"../../../Engine/Content/EngineMaterials/Substrate/GLints/dict_16_192_64_0p5_0p02_0045_0014.uasset" 6213
"../../../Engine/Content/EngineMaterials/Substrate/GLints/dict_16_192_64_0p5_0p02_0045_0004.uasset" 6214
"../../../Engine/Content/EngineMaterials/Substrate/GLints/dict_16_192_64_0p5_0p02_0046_0015.uasset" 6215
"../../../Engine/Content/EngineMaterials/Substrate/GLints/dict_16_192_64_0p5_0p02_0046_0000.uasset" 6216
"../../../Engine/Content/EngineMaterials/Substrate/GLints/dict_16_192_64_0p5_0p02_0047_0001.uasset" 6217
"../../../Engine/Content/EngineMaterials/Substrate/GLints/dict_16_192_64_0p5_0p02_0046_0011.uasset" 6218
"../../../Engine/Content/EngineMaterials/Substrate/GLints/dict_16_192_64_0p5_0p02_0046_0009.uasset" 6219
"../../../Engine/Content/EngineMaterials/Substrate/GLints/dict_16_192_64_0p5_0p02_0046_0012.uasset" 6220
"/Engine/EngineMaterials/Substrate/GLints/dict_16_192_64_0p5_0p02_0047_0001" 6221
"../../../Engine/Content/EngineMaterials/Substrate/GLints/dict_16_192_64_0p5_0p02_0046_0001.uasset" 6222
"/Engine/EngineMaterials/Substrate/GLints/dict_16_192_64_0p5_0p02_0047_0000" 6223
"../../../Engine/Content/EngineMaterials/Substrate/GLints/dict_16_192_64_0p5_0p02_0045_0013.uasset" 6224
"/Engine/EngineMaterials/Substrate/GLints/dict_16_192_64_0p5_0p02_0046_0015" 6225
"../../../Engine/Content/EngineMaterials/Substrate/GLints/dict_16_192_64_0p5_0p02_0045_0009.uasset" 6226
"/Engine/EngineMaterials/Substrate/GLints/dict_16_192_64_0p5_0p02_0046_0013" 6227
"../../../Engine/Content/EngineMaterials/Substrate/GLints/dict_16_192_64_0p5_0p02_0045_0011.uasset" 6228
"/Engine/EngineMaterials/Substrate/GLints/dict_16_192_64_0p5_0p02_0046_0012" 6229
"../../../Engine/Content/EngineMaterials/Substrate/GLints/dict_16_192_64_0p5_0p02_0046_0003.uasset" 6230
"/Engine/EngineMaterials/Substrate/GLints/dict_16_192_64_0p5_0p02_0046_0011" 6231
"/Engine/EngineMaterials/Substrate/GLints/dict_16_192_64_0p5_0p02_0046_0010" 6232
"../../../Engine/Content/EngineMaterials/Substrate/GLints/dict_16_192_64_0p5_0p02_0045_0003.uasset" 6233
"/Engine/EngineMaterials/Substrate/GLints/dict_16_192_64_0p5_0p02_0046_0009" 6234
"../../../Engine/Content/EngineMaterials/Substrate/GLints/dict_16_192_64_0p5_0p02_0046_0008.uasset" 6235
"/Engine/EngineMaterials/Substrate/GLints/dict_16_192_64_0p5_0p02_0046_0006" 6236
"../../../Engine/Content/EngineMaterials/Substrate/GLints/dict_16_192_64_0p5_0p02_0046_0007.uasset" 6237
"/Engine/EngineMaterials/Substrate/GLints/dict_16_192_64_0p5_0p02_0046_0005" 6238
"/Engine/EngineMaterials/Substrate/GLints/dict_16_192_64_0p5_0p02_0046_0004" 6239
"../../../Engine/Content/EngineMaterials/Substrate/GLints/dict_16_192_64_0p5_0p02_0046_0014.uasset" 6240
"/Engine/EngineMaterials/Substrate/GLints/dict_16_192_64_0p5_0p02_0046_0002" 6241
"../../../Engine/Content/EngineMaterials/Substrate/GLints/dict_16_192_64_0p5_0p02_0045_0008.uasset" 6242
"/Engine/EngineMaterials/Substrate/GLints/dict_16_192_64_0p5_0p02_0046_0000" 6243
"../../../Engine/Content/EngineMaterials/Substrate/GLints/dict_16_192_64_0p5_0p02_0045_0012.uasset" 6244
"/Engine/EngineMaterials/Substrate/GLints/dict_16_192_64_0p5_0p02_0045_0015" 6245
"/Engine/EngineMaterials/Substrate/GLints/dict_16_192_64_0p5_0p02_0045_0014" 6246
"/Engine/EngineMaterials/Substrate/GLints/dict_16_192_64_0p5_0p02_0045_0010" 6247
"/Engine/EngineMaterials/Substrate/GLints/dict_16_192_64_0p5_0p02_0045_0007" 6248
"/Engine/EngineMaterials/Substrate/GLints/dict_16_192_64_0p5_0p02_0045_0006" 6249
"/Engine/EngineMaterials/Substrate/GLints/dict_16_192_64_0p5_0p02_0045_0005" 6250
"/Engine/EngineMaterials/Substrate/GLints/dict_16_192_64_0p5_0p02_0045_0004" 6251
"/Engine/EngineMaterials/Substrate/GLints/dict_16_192_64_0p5_0p02_0045_0002" 6252
"/Engine/EngineMaterials/Substrate/GLints/dict_16_192_64_0p5_0p02_0046_0014" 6253
"/Engine/EngineMaterials/Substrate/GLints/dict_16_192_64_0p5_0p02_0046_0008" 6254
"/Engine/EngineMaterials/Substrate/GLints/dict_16_192_64_0p5_0p02_0046_0007" 6255
"/Engine/EngineMaterials/Substrate/GLints/dict_16_192_64_0p5_0p02_0046_0003" 6256
"/Engine/EngineMaterials/Substrate/GLints/dict_16_192_64_0p5_0p02_0046_0001" 6257
"/Engine/EngineMaterials/Substrate/GLints/dict_16_192_64_0p5_0p02_0045_0013" 6258
"/Engine/EngineMaterials/Substrate/GLints/dict_16_192_64_0p5_0p02_0045_0012" 6259
"/Engine/EngineMaterials/Substrate/GLints/dict_16_192_64_0p5_0p02_0045_0011" 6260
"/Engine/EngineMaterials/Substrate/GLints/dict_16_192_64_0p5_0p02_0045_0009" 6261
"../../../Engine/Content/EngineMaterials/Substrate/GLints/dict_16_192_64_0p5_0p02_0047_0005.uasset" 6262
"/Engine/EngineMaterials/Substrate/GLints/dict_16_192_64_0p5_0p02_0045_0008" 6263
"../../../Engine/Content/EngineMaterials/Substrate/GLints/dict_16_192_64_0p5_0p02_0047_0004.uasset" 6264
"/Engine/EngineMaterials/Substrate/GLints/dict_16_192_64_0p5_0p02_0045_0003" 6265
"/Engine/EngineMaterials/Substrate/GLints/dict_16_192_64_0p5_0p02_0047_0005" 6266
"../../../Engine/Content/EngineMaterials/Substrate/GLints/dict_16_192_64_0p5_0p02_0047_0003.uasset" 6267
"/Engine/EngineMaterials/Substrate/GLints/dict_16_192_64_0p5_0p02_0047_0004" 6268
"/Engine/EngineMaterials/Substrate/GLints/dict_16_192_64_0p5_0p02_0047_0003" 6269
"../../../Engine/Content/EngineMaterials/Substrate/GLints/dict_16_192_64_0p5_0p02_0048_0004.uasset" 6270
"../../../Engine/Content/EngineMaterials/Substrate/GLints/dict_16_192_64_0p5_0p02_0047_0002.uasset" 6271
"../../../Engine/Content/EngineMaterials/Substrate/GLints/dict_16_192_64_0p5_0p02_0047_0011.uasset" 6272
"../../../Engine/Content/EngineMaterials/Substrate/GLints/dict_16_192_64_0p5_0p02_0047_0009.uasset" 6273
"../../../Engine/Content/EngineMaterials/Substrate/GLints/dict_16_192_64_0p5_0p02_0047_0007.uasset" 6274
"../../../Engine/Content/EngineMaterials/Substrate/GLints/dict_16_192_64_0p5_0p02_0048_0003.uasset" 6275
"../../../Engine/Content/EngineMaterials/Substrate/GLints/dict_16_192_64_0p5_0p02_0047_0006.uasset" 6276
"../../../Engine/Content/EngineMaterials/Substrate/GLints/dict_16_192_64_0p5_0p02_0047_0012.uasset" 6277
"../../../Engine/Content/EngineMaterials/Substrate/GLints/dict_16_192_64_0p5_0p02_0048_0000.uasset" 6278
"../../../Engine/Content/EngineMaterials/Substrate/GLints/dict_16_192_64_0p5_0p02_0047_0010.uasset" 6279
"../../../Engine/Content/EngineMaterials/Substrate/GLints/dict_16_192_64_0p5_0p02_0048_0007.uasset" 6280
"../../../Engine/Content/EngineMaterials/Substrate/GLints/dict_16_192_64_0p5_0p02_0048_0005.uasset" 6281
"../../../Engine/Content/EngineMaterials/Substrate/GLints/dict_16_192_64_0p5_0p02_0048_0012.uasset" 6282
"../../../Engine/Content/EngineMaterials/Substrate/GLints/dict_16_192_64_0p5_0p02_0048_0010.uasset" 6283
"../../../Engine/Content/EngineMaterials/Substrate/GLints/dict_16_192_64_0p5_0p02_0049_0001.uasset" 6284
"../../../Engine/Content/EngineMaterials/Substrate/GLints/dict_16_192_64_0p5_0p02_0049_0002.uasset" 6285
"../../../Engine/Content/EngineMaterials/Substrate/GLints/dict_16_192_64_0p5_0p02_0048_0002.uasset" 6286
"../../../Engine/Content/EngineMaterials/Substrate/GLints/dict_16_192_64_0p5_0p02_0047_0008.uasset" 6287
"../../../Engine/Content/EngineMaterials/Substrate/GLints/dict_16_192_64_0p5_0p02_0047_0015.uasset" 6288
"../../../Engine/Content/EngineMaterials/Substrate/GLints/dict_16_192_64_0p5_0p02_0047_0014.uasset" 6289
"../../../Engine/Content/EngineMaterials/Substrate/GLints/dict_16_192_64_0p5_0p02_0048_0006.uasset" 6290
"../../../Engine/Content/EngineMaterials/Substrate/GLints/dict_16_192_64_0p5_0p02_0048_0009.uasset" 6291
"../../../Engine/Content/EngineMaterials/Substrate/GLints/dict_16_192_64_0p5_0p02_0048_0013.uasset" 6292
"../../../Engine/Content/EngineMaterials/Substrate/GLints/dict_16_192_64_0p5_0p02_0048_0015.uasset" 6293
"../../../Engine/Content/EngineMaterials/Substrate/GLints/dict_16_192_64_0p5_0p02_0048_0014.uasset" 6294
"../../../Engine/Content/EngineMaterials/Substrate/GLints/dict_16_192_64_0p5_0p02_0049_0003.uasset" 6295
"../../../Engine/Content/EngineMaterials/Substrate/GLints/dict_16_192_64_0p5_0p02_0048_0008.uasset" 6296
"../../../Engine/Content/EngineMaterials/Substrate/GLints/dict_16_192_64_0p5_0p02_0049_0000.uasset" 6297
"../../../Engine/Content/EngineMaterials/Substrate/GLints/dict_16_192_64_0p5_0p02_0049_0004.uasset" 6298
"/Engine/EngineMaterials/Substrate/GLints/dict_16_192_64_0p5_0p02_0048_0006" 6299
"../../../Engine/Content/EngineMaterials/Substrate/GLints/dict_16_192_64_0p5_0p02_0048_0001.uasset" 6300
"../../../Engine/Content/EngineMaterials/Substrate/GLints/dict_16_192_64_0p5_0p02_0047_0013.uasset" 6301
"/Engine/EngineMaterials/Substrate/GLints/dict_16_192_64_0p5_0p02_0048_0005" 6302
"../../../Engine/Content/EngineMaterials/Substrate/GLints/dict_16_192_64_0p5_0p02_0048_0011.uasset" 6303
"/Engine/EngineMaterials/Substrate/GLints/dict_16_192_64_0p5_0p02_0048_0004" 6304
"/Engine/EngineMaterials/Substrate/GLints/dict_16_192_64_0p5_0p02_0049_0001" 6305
"/Engine/EngineMaterials/Substrate/GLints/dict_16_192_64_0p5_0p02_0048_0003" 6306
"/Engine/EngineMaterials/Substrate/GLints/dict_16_192_64_0p5_0p02_0048_0002" 6307
"/Engine/EngineMaterials/Substrate/GLints/dict_16_192_64_0p5_0p02_0048_0000" 6308
"/Engine/EngineMaterials/Substrate/GLints/dict_16_192_64_0p5_0p02_0047_0015" 6309
"/Engine/EngineMaterials/Substrate/GLints/dict_16_192_64_0p5_0p02_0049_0000" 6310
"/Engine/EngineMaterials/Substrate/GLints/dict_16_192_64_0p5_0p02_0048_0015" 6311
"/Engine/EngineMaterials/Substrate/GLints/dict_16_192_64_0p5_0p02_0047_0014" 6312
"/Engine/EngineMaterials/Substrate/GLints/dict_16_192_64_0p5_0p02_0047_0012" 6313
"/Engine/EngineMaterials/Substrate/GLints/dict_16_192_64_0p5_0p02_0048_0014" 6314
"/Engine/EngineMaterials/Substrate/GLints/dict_16_192_64_0p5_0p02_0047_0011" 6315
"/Engine/EngineMaterials/Substrate/GLints/dict_16_192_64_0p5_0p02_0048_0013" 6316
"/Engine/EngineMaterials/Substrate/GLints/dict_16_192_64_0p5_0p02_0047_0010" 6317
"/Engine/EngineMaterials/Substrate/GLints/dict_16_192_64_0p5_0p02_0047_0009" 6318
"/Engine/EngineMaterials/Substrate/GLints/dict_16_192_64_0p5_0p02_0047_0008" 6319
"/Engine/EngineMaterials/Substrate/GLints/dict_16_192_64_0p5_0p02_0048_0012" 6320
"/Engine/EngineMaterials/Substrate/GLints/dict_16_192_64_0p5_0p02_0048_0010" 6321
"/Engine/EngineMaterials/Substrate/GLints/dict_16_192_64_0p5_0p02_0047_0007" 6322
"/Engine/EngineMaterials/Substrate/GLints/dict_16_192_64_0p5_0p02_0048_0009" 6323
"/Engine/EngineMaterials/Substrate/GLints/dict_16_192_64_0p5_0p02_0048_0008" 6324
"/Engine/EngineMaterials/Substrate/GLints/dict_16_192_64_0p5_0p02_0047_0006" 6325
"/Engine/EngineMaterials/Substrate/GLints/dict_16_192_64_0p5_0p02_0049_0003" 6326
"/Engine/EngineMaterials/Substrate/GLints/dict_16_192_64_0p5_0p02_0049_0002" 6327
"/Engine/EngineMaterials/Substrate/GLints/dict_16_192_64_0p5_0p02_0048_0007" 6328
"/Engine/EngineMaterials/Substrate/GLints/dict_16_192_64_0p5_0p02_0047_0002" 6329
"/Engine/EngineMaterials/Substrate/GLints/dict_16_192_64_0p5_0p02_0048_0001" 6330
"/Engine/EngineMaterials/Substrate/GLints/dict_16_192_64_0p5_0p02_0047_0013" 6331
"/Engine/EngineMaterials/Substrate/GLints/dict_16_192_64_0p5_0p02_0048_0011" 6332
"/Engine/EngineMaterials/Substrate/GLints/dict_16_192_64_0p5_0p02_0049_0004" 6333
"../../../Engine/Content/EngineMaterials/Substrate/GLints/dict_16_192_64_0p5_0p02_0049_0013.uasset" 6334
"../../../Engine/Content/EngineMaterials/Substrate/GLints/dict_16_192_64_0p5_0p02_0049_0011.uasset" 6335
"../../../Engine/Content/EngineMaterials/Substrate/GLints/dict_16_192_64_0p5_0p02_0050_0004.uasset" 6336
"../../../Engine/Content/EngineMaterials/Substrate/GLints/dict_16_192_64_0p5_0p02_0049_0007.uasset" 6337
"../../../Engine/Content/EngineMaterials/Substrate/GLints/dict_16_192_64_0p5_0p02_0050_0008.uasset" 6338
"../../../Engine/Content/EngineMaterials/Substrate/GLints/dict_16_192_64_0p5_0p02_0049_0006.uasset" 6339
"../../../Engine/Content/EngineMaterials/Substrate/GLints/dict_16_192_64_0p5_0p02_0049_0015.uasset" 6340
"../../../Engine/Content/EngineMaterials/Substrate/GLints/dict_16_192_64_0p5_0p02_0050_0005.uasset" 6341
"../../../Engine/Content/EngineMaterials/Substrate/GLints/dict_16_192_64_0p5_0p02_0049_0009.uasset" 6342
"../../../Engine/Content/EngineMaterials/Substrate/GLints/dict_16_192_64_0p5_0p02_0049_0008.uasset" 6343
"../../../Engine/Content/EngineMaterials/Substrate/GLints/dict_16_192_64_0p5_0p02_0050_0003.uasset" 6344
"../../../Engine/Content/EngineMaterials/Substrate/GLints/dict_16_192_64_0p5_0p02_0050_0010.uasset" 6345
"../../../Engine/Content/EngineMaterials/Substrate/GLints/dict_16_192_64_0p5_0p02_0050_0014.uasset" 6346
"../../../Engine/Content/EngineMaterials/Substrate/GLints/dict_16_192_64_0p5_0p02_0050_0006.uasset" 6347
"../../../Engine/Content/EngineMaterials/Substrate/GLints/dict_16_192_64_0p5_0p02_0049_0014.uasset" 6348
"../../../Engine/Content/EngineMaterials/Substrate/GLints/dict_16_192_64_0p5_0p02_0049_0010.uasset" 6349
"../../../Engine/Content/EngineMaterials/Substrate/GLints/dict_16_192_64_0p5_0p02_0050_0002.uasset" 6350
"../../../Engine/Content/EngineMaterials/Substrate/GLints/dict_16_192_64_0p5_0p02_0050_0011.uasset" 6351
"../../../Engine/Content/EngineMaterials/Substrate/GLints/dict_16_192_64_0p5_0p02_0051_0002.uasset" 6352
"../../../Engine/Content/EngineMaterials/Substrate/GLints/dict_16_192_64_0p5_0p02_0050_0015.uasset" 6353
"../../../Engine/Content/EngineMaterials/Substrate/GLints/dict_16_192_64_0p5_0p02_0050_0001.uasset" 6354
"../../../Engine/Content/EngineMaterials/Substrate/GLints/dict_16_192_64_0p5_0p02_0050_0009.uasset" 6355
"../../../Engine/Content/EngineMaterials/Substrate/GLints/dict_16_192_64_0p5_0p02_0050_0013.uasset" 6356
"../../../Engine/Content/EngineMaterials/Substrate/GLints/dict_16_192_64_0p5_0p02_0049_0005.uasset" 6357
"../../../Engine/Content/EngineMaterials/Substrate/GLints/dict_16_192_64_0p5_0p02_0051_0004.uasset" 6358
"../../../Engine/Content/EngineMaterials/Substrate/GLints/dict_16_192_64_0p5_0p02_0051_0003.uasset" 6359
"../../../Engine/Content/EngineMaterials/Substrate/GLints/dict_16_192_64_0p5_0p02_0050_0012.uasset" 6360
"../../../Engine/Content/EngineMaterials/Substrate/GLints/dict_16_192_64_0p5_0p02_0050_0000.uasset" 6361
"../../../Engine/Content/EngineMaterials/Substrate/GLints/dict_16_192_64_0p5_0p02_0051_0001.uasset" 6362
"../../../Engine/Content/EngineMaterials/Substrate/GLints/dict_16_192_64_0p5_0p02_0050_0007.uasset" 6363
"../../../Engine/Content/EngineMaterials/Substrate/GLints/dict_16_192_64_0p5_0p02_0049_0012.uasset" 6364
"../../../Engine/Content/EngineMaterials/Substrate/GLints/dict_16_192_64_0p5_0p02_0051_0000.uasset" 6365
"/Engine/EngineMaterials/Substrate/GLints/dict_16_192_64_0p5_0p02_0051_0000" 6366
"/Engine/EngineMaterials/Substrate/GLints/dict_16_192_64_0p5_0p02_0050_0015" 6367
"/Engine/EngineMaterials/Substrate/GLints/dict_16_192_64_0p5_0p02_0050_0014" 6368
"/Engine/EngineMaterials/Substrate/GLints/dict_16_192_64_0p5_0p02_0050_0013" 6369
"/Engine/EngineMaterials/Substrate/GLints/dict_16_192_64_0p5_0p02_0050_0012" 6370
"/Engine/EngineMaterials/Substrate/GLints/dict_16_192_64_0p5_0p02_0050_0011" 6371
"/Engine/EngineMaterials/Substrate/GLints/dict_16_192_64_0p5_0p02_0051_0004" 6372
"/Engine/EngineMaterials/Substrate/GLints/dict_16_192_64_0p5_0p02_0050_0010" 6373
"/Engine/EngineMaterials/Substrate/GLints/dict_16_192_64_0p5_0p02_0050_0009" 6374
"/Engine/EngineMaterials/Substrate/GLints/dict_16_192_64_0p5_0p02_0050_0008" 6375
"/Engine/EngineMaterials/Substrate/GLints/dict_16_192_64_0p5_0p02_0050_0007" 6376
"/Engine/EngineMaterials/Substrate/GLints/dict_16_192_64_0p5_0p02_0050_0006" 6377
"/Engine/EngineMaterials/Substrate/GLints/dict_16_192_64_0p5_0p02_0051_0003" 6378
"/Engine/EngineMaterials/Substrate/GLints/dict_16_192_64_0p5_0p02_0050_0005" 6379
"/Engine/EngineMaterials/Substrate/GLints/dict_16_192_64_0p5_0p02_0050_0004" 6380
"/Engine/EngineMaterials/Substrate/GLints/dict_16_192_64_0p5_0p02_0050_0003" 6381
"/Engine/EngineMaterials/Substrate/GLints/dict_16_192_64_0p5_0p02_0050_0002" 6382
"/Engine/EngineMaterials/Substrate/GLints/dict_16_192_64_0p5_0p02_0050_0001" 6383
"/Engine/EngineMaterials/Substrate/GLints/dict_16_192_64_0p5_0p02_0050_0000" 6384
"/Engine/EngineMaterials/Substrate/GLints/dict_16_192_64_0p5_0p02_0049_0015" 6385
"/Engine/EngineMaterials/Substrate/GLints/dict_16_192_64_0p5_0p02_0049_0014" 6386
"/Engine/EngineMaterials/Substrate/GLints/dict_16_192_64_0p5_0p02_0051_0002" 6387
"/Engine/EngineMaterials/Substrate/GLints/dict_16_192_64_0p5_0p02_0049_0013" 6388
"/Engine/EngineMaterials/Substrate/GLints/dict_16_192_64_0p5_0p02_0049_0012" 6389
"/Engine/EngineMaterials/Substrate/GLints/dict_16_192_64_0p5_0p02_0049_0011" 6390
"/Engine/EngineMaterials/Substrate/GLints/dict_16_192_64_0p5_0p02_0049_0010" 6391
"/Engine/EngineMaterials/Substrate/GLints/dict_16_192_64_0p5_0p02_0049_0009" 6392
"/Engine/EngineMaterials/Substrate/GLints/dict_16_192_64_0p5_0p02_0049_0008" 6393
"/Engine/EngineMaterials/Substrate/GLints/dict_16_192_64_0p5_0p02_0049_0007" 6394
"/Engine/EngineMaterials/Substrate/GLints/dict_16_192_64_0p5_0p02_0051_0001" 6395
"/Engine/EngineMaterials/Substrate/GLints/dict_16_192_64_0p5_0p02_0049_0006" 6396
"/Engine/EngineMaterials/Substrate/GLints/dict_16_192_64_0p5_0p02_0049_0005" 6397
"../../../Engine/Content/EngineMaterials/Substrate/GLints/dict_16_192_64_0p5_0p02_0051_0011.uasset" 6398
"../../../Engine/Content/EngineMaterials/Substrate/GLints/dict_16_192_64_0p5_0p02_0051_0014.uasset" 6399
"../../../Engine/Content/EngineMaterials/Substrate/GLints/dict_16_192_64_0p5_0p02_0051_0012.uasset" 6400
"../../../Engine/Content/EngineMaterials/Substrate/GLints/dict_16_192_64_0p5_0p02_0052_0011.uasset" 6401
"../../../Engine/Content/EngineMaterials/Substrate/GLints/dict_16_192_64_0p5_0p02_0052_0009.uasset" 6402
"../../../Engine/Content/EngineMaterials/Substrate/GLints/dict_16_192_64_0p5_0p02_0051_0008.uasset" 6403
"../../../Engine/Content/EngineMaterials/Substrate/GLints/dict_16_192_64_0p5_0p02_0051_0005.uasset" 6404
"../../../Engine/Content/EngineMaterials/Substrate/GLints/dict_16_192_64_0p5_0p02_0052_0013.uasset" 6405
"../../../Engine/Content/EngineMaterials/Substrate/GLints/dict_16_192_64_0p5_0p02_0051_0006.uasset" 6406
"../../../Engine/Content/EngineMaterials/Substrate/GLints/dict_16_192_64_0p5_0p02_0052_0012.uasset" 6407
"../../../Engine/Content/EngineMaterials/Substrate/GLints/dict_16_192_64_0p5_0p02_0051_0010.uasset" 6408
"../../../Engine/Content/EngineMaterials/Substrate/GLints/dict_16_192_64_0p5_0p02_0052_0000.uasset" 6409
"../../../Engine/Content/EngineMaterials/Substrate/GLints/dict_16_192_64_0p5_0p02_0052_0006.uasset" 6410
"../../../Engine/Content/EngineMaterials/Substrate/GLints/dict_16_192_64_0p5_0p02_0052_0008.uasset" 6411
"../../../Engine/Content/EngineMaterials/Substrate/GLints/dict_16_192_64_0p5_0p02_0052_0002.uasset" 6412
"../../../Engine/Content/EngineMaterials/Substrate/GLints/dict_16_192_64_0p5_0p02_0052_0004.uasset" 6413
"../../../Engine/Content/EngineMaterials/Substrate/GLints/dict_16_192_64_0p5_0p02_0052_0015.uasset" 6414
"../../../Engine/Content/EngineMaterials/Substrate/GLints/dict_16_192_64_0p5_0p02_0053_0004.uasset" 6415
"../../../Engine/Content/EngineMaterials/Substrate/GLints/dict_16_192_64_0p5_0p02_0051_0009.uasset" 6416
"../../../Engine/Content/EngineMaterials/Substrate/GLints/dict_16_192_64_0p5_0p02_0051_0013.uasset" 6417
"../../../Engine/Content/EngineMaterials/Substrate/GLints/dict_16_192_64_0p5_0p02_0051_0007.uasset" 6418
"../../../Engine/Content/EngineMaterials/Substrate/GLints/dict_16_192_64_0p5_0p02_0052_0001.uasset" 6419
"../../../Engine/Content/EngineMaterials/Substrate/GLints/dict_16_192_64_0p5_0p02_0051_0015.uasset" 6420
"../../../Engine/Content/EngineMaterials/Substrate/GLints/dict_16_192_64_0p5_0p02_0053_0000.uasset" 6421
"../../../Engine/Content/EngineMaterials/Substrate/GLints/dict_16_192_64_0p5_0p02_0053_0002.uasset" 6422
"../../../Engine/Content/EngineMaterials/Substrate/GLints/dict_16_192_64_0p5_0p02_0053_0001.uasset" 6423
"/Engine/EngineMaterials/Substrate/GLints/dict_16_192_64_0p5_0p02_0053_0004" 6424
"../../../Engine/Content/EngineMaterials/Substrate/GLints/dict_16_192_64_0p5_0p02_0053_0003.uasset" 6425
"/Engine/EngineMaterials/Substrate/GLints/dict_16_192_64_0p5_0p02_0053_0002" 6426
"../../../Engine/Content/EngineMaterials/Substrate/GLints/dict_16_192_64_0p5_0p02_0052_0003.uasset" 6427
"/Engine/EngineMaterials/Substrate/GLints/dict_16_192_64_0p5_0p02_0053_0000" 6428
"../../../Engine/Content/EngineMaterials/Substrate/GLints/dict_16_192_64_0p5_0p02_0052_0005.uasset" 6429
"/Engine/EngineMaterials/Substrate/GLints/dict_16_192_64_0p5_0p02_0052_0015" 6430
"../../../Engine/Content/EngineMaterials/Substrate/GLints/dict_16_192_64_0p5_0p02_0052_0007.uasset" 6431
"/Engine/EngineMaterials/Substrate/GLints/dict_16_192_64_0p5_0p02_0052_0013" 6432
"../../../Engine/Content/EngineMaterials/Substrate/GLints/dict_16_192_64_0p5_0p02_0052_0014.uasset" 6433
"/Engine/EngineMaterials/Substrate/GLints/dict_16_192_64_0p5_0p02_0052_0012" 6434
"../../../Engine/Content/EngineMaterials/Substrate/GLints/dict_16_192_64_0p5_0p02_0052_0010.uasset" 6435
"/Engine/EngineMaterials/Substrate/GLints/dict_16_192_64_0p5_0p02_0052_0011" 6436
"/Engine/EngineMaterials/Substrate/GLints/dict_16_192_64_0p5_0p02_0052_0009" 6437
"/Engine/EngineMaterials/Substrate/GLints/dict_16_192_64_0p5_0p02_0052_0008" 6438
"/Engine/EngineMaterials/Substrate/GLints/dict_16_192_64_0p5_0p02_0052_0006" 6439
"/Engine/EngineMaterials/Substrate/GLints/dict_16_192_64_0p5_0p02_0052_0004" 6440
"/Engine/EngineMaterials/Substrate/GLints/dict_16_192_64_0p5_0p02_0052_0002" 6441
"/Engine/EngineMaterials/Substrate/GLints/dict_16_192_64_0p5_0p02_0052_0001" 6442
"/Engine/EngineMaterials/Substrate/GLints/dict_16_192_64_0p5_0p02_0052_0000" 6443
"/Engine/EngineMaterials/Substrate/GLints/dict_16_192_64_0p5_0p02_0051_0015" 6444
"/Engine/EngineMaterials/Substrate/GLints/dict_16_192_64_0p5_0p02_0051_0014" 6445
"/Engine/EngineMaterials/Substrate/GLints/dict_16_192_64_0p5_0p02_0051_0013" 6446
"/Engine/EngineMaterials/Substrate/GLints/dict_16_192_64_0p5_0p02_0051_0012" 6447
"/Engine/EngineMaterials/Substrate/GLints/dict_16_192_64_0p5_0p02_0051_0011" 6448
"/Engine/EngineMaterials/Substrate/GLints/dict_16_192_64_0p5_0p02_0051_0010" 6449
"/Engine/EngineMaterials/Substrate/GLints/dict_16_192_64_0p5_0p02_0051_0009" 6450
"/Engine/EngineMaterials/Substrate/GLints/dict_16_192_64_0p5_0p02_0051_0008" 6451
"/Engine/EngineMaterials/Substrate/GLints/dict_16_192_64_0p5_0p02_0051_0007" 6452
"/Engine/EngineMaterials/Substrate/GLints/dict_16_192_64_0p5_0p02_0051_0006" 6453
"/Engine/EngineMaterials/Substrate/GLints/dict_16_192_64_0p5_0p02_0051_0005" 6454
"/Engine/EngineMaterials/Substrate/GLints/dict_16_192_64_0p5_0p02_0053_0003" 6455
"/Engine/EngineMaterials/Substrate/GLints/dict_16_192_64_0p5_0p02_0053_0001" 6456
"/Engine/EngineMaterials/Substrate/GLints/dict_16_192_64_0p5_0p02_0052_0014" 6457
"/Engine/EngineMaterials/Substrate/GLints/dict_16_192_64_0p5_0p02_0052_0010" 6458
"/Engine/EngineMaterials/Substrate/GLints/dict_16_192_64_0p5_0p02_0052_0007" 6459
"/Engine/EngineMaterials/Substrate/GLints/dict_16_192_64_0p5_0p02_0052_0005" 6460
"/Engine/EngineMaterials/Substrate/GLints/dict_16_192_64_0p5_0p02_0052_0003" 6461
"../../../Engine/Content/EngineMaterials/Substrate/GLints/dict_16_192_64_0p5_0p02_0053_0005.uasset" 6462
"../../../Engine/Content/EngineMaterials/Substrate/GLints/dict_16_192_64_0p5_0p02_0054_0007.uasset" 6463
"../../../Engine/Content/EngineMaterials/Substrate/GLints/dict_16_192_64_0p5_0p02_0053_0008.uasset" 6464
"../../../Engine/Content/EngineMaterials/Substrate/GLints/dict_16_192_64_0p5_0p02_0053_0012.uasset" 6465
"../../../Engine/Content/EngineMaterials/Substrate/GLints/dict_16_192_64_0p5_0p02_0053_0013.uasset" 6466
"../../../Engine/Content/EngineMaterials/Substrate/GLints/dict_16_192_64_0p5_0p02_0054_0001.uasset" 6467
"../../../Engine/Content/EngineMaterials/Substrate/GLints/dict_16_192_64_0p5_0p02_0055_0002.uasset" 6468
"../../../Engine/Content/EngineMaterials/Substrate/GLints/dict_16_192_64_0p5_0p02_0054_0005.uasset" 6469
"../../../Engine/Content/EngineMaterials/Substrate/GLints/dict_16_192_64_0p5_0p02_0053_0006.uasset" 6470
"../../../Engine/Content/EngineMaterials/Substrate/GLints/dict_16_192_64_0p5_0p02_0054_0006.uasset" 6471
"../../../Engine/Content/EngineMaterials/Substrate/GLints/dict_16_192_64_0p5_0p02_0054_0008.uasset" 6472
"../../../Engine/Content/EngineMaterials/Substrate/GLints/dict_16_192_64_0p5_0p02_0053_0011.uasset" 6473
"../../../Engine/Content/EngineMaterials/Substrate/GLints/dict_16_192_64_0p5_0p02_0054_0012.uasset" 6474
"../../../Engine/Content/EngineMaterials/Substrate/GLints/dict_16_192_64_0p5_0p02_0054_0013.uasset" 6475
"../../../Engine/Content/EngineMaterials/Substrate/GLints/dict_16_192_64_0p5_0p02_0053_0015.uasset" 6476
"../../../Engine/Content/EngineMaterials/Substrate/GLints/dict_16_192_64_0p5_0p02_0055_0000.uasset" 6477
"../../../Engine/Content/EngineMaterials/Substrate/GLints/dict_16_192_64_0p5_0p02_0054_0015.uasset" 6478
"../../../Engine/Content/EngineMaterials/Substrate/GLints/dict_16_192_64_0p5_0p02_0055_0004.uasset" 6479
"../../../Engine/Content/EngineMaterials/Substrate/GLints/dict_16_192_64_0p5_0p02_0054_0000.uasset" 6480
"../../../Engine/Content/EngineMaterials/Substrate/GLints/dict_16_192_64_0p5_0p02_0053_0007.uasset" 6481
"../../../Engine/Content/EngineMaterials/Substrate/GLints/dict_16_192_64_0p5_0p02_0054_0003.uasset" 6482
"../../../Engine/Content/EngineMaterials/Substrate/GLints/dict_16_192_64_0p5_0p02_0054_0010.uasset" 6483
"../../../Engine/Content/EngineMaterials/Substrate/GLints/dict_16_192_64_0p5_0p02_0054_0011.uasset" 6484
"../../../Engine/Content/EngineMaterials/Substrate/GLints/dict_16_192_64_0p5_0p02_0053_0009.uasset" 6485
"../../../Engine/Content/EngineMaterials/Substrate/GLints/dict_16_192_64_0p5_0p02_0054_0014.uasset" 6486
"../../../Engine/Content/EngineMaterials/Substrate/GLints/dict_16_192_64_0p5_0p02_0055_0003.uasset" 6487
"/Engine/EngineMaterials/Substrate/GLints/dict_16_192_64_0p5_0p02_0054_0013" 6488
"/Engine/EngineMaterials/Substrate/GLints/dict_16_192_64_0p5_0p02_0055_0004" 6489
"../../../Engine/Content/EngineMaterials/Substrate/GLints/dict_16_192_64_0p5_0p02_0054_0009.uasset" 6490
"/Engine/EngineMaterials/Substrate/GLints/dict_16_192_64_0p5_0p02_0054_0012" 6491
"/Engine/EngineMaterials/Substrate/GLints/dict_16_192_64_0p5_0p02_0055_0003" 6492
"/Engine/EngineMaterials/Substrate/GLints/dict_16_192_64_0p5_0p02_0054_0011" 6493
"/Engine/EngineMaterials/Substrate/GLints/dict_16_192_64_0p5_0p02_0054_0010" 6494
"../../../Engine/Content/EngineMaterials/Substrate/GLints/dict_16_192_64_0p5_0p02_0054_0004.uasset" 6495
"/Engine/EngineMaterials/Substrate/GLints/dict_16_192_64_0p5_0p02_0055_0002" 6496
"/Engine/EngineMaterials/Substrate/GLints/dict_16_192_64_0p5_0p02_0054_0008" 6497
"/Engine/EngineMaterials/Substrate/GLints/dict_16_192_64_0p5_0p02_0054_0007" 6498
"../../../Engine/Content/EngineMaterials/Substrate/GLints/dict_16_192_64_0p5_0p02_0055_0001.uasset" 6499
"/Engine/EngineMaterials/Substrate/GLints/dict_16_192_64_0p5_0p02_0054_0006" 6500
"/Engine/EngineMaterials/Substrate/GLints/dict_16_192_64_0p5_0p02_0054_0005" 6501
"/Engine/EngineMaterials/Substrate/GLints/dict_16_192_64_0p5_0p02_0055_0000" 6502
"/Engine/EngineMaterials/Substrate/GLints/dict_16_192_64_0p5_0p02_0054_0015" 6503
"../../../Engine/Content/EngineMaterials/Substrate/GLints/dict_16_192_64_0p5_0p02_0053_0014.uasset" 6504
"/Engine/EngineMaterials/Substrate/GLints/dict_16_192_64_0p5_0p02_0054_0003" 6505
"/Engine/EngineMaterials/Substrate/GLints/dict_16_192_64_0p5_0p02_0054_0014" 6506
"/Engine/EngineMaterials/Substrate/GLints/dict_16_192_64_0p5_0p02_0054_0001" 6507
"/Engine/EngineMaterials/Substrate/GLints/dict_16_192_64_0p5_0p02_0054_0000" 6508
"../../../Engine/Content/EngineMaterials/Substrate/GLints/dict_16_192_64_0p5_0p02_0054_0002.uasset" 6509
"/Engine/EngineMaterials/Substrate/GLints/dict_16_192_64_0p5_0p02_0053_0015" 6510
"/Engine/EngineMaterials/Substrate/GLints/dict_16_192_64_0p5_0p02_0053_0013" 6511
"/Engine/EngineMaterials/Substrate/GLints/dict_16_192_64_0p5_0p02_0053_0012" 6512
"/Engine/EngineMaterials/Substrate/GLints/dict_16_192_64_0p5_0p02_0053_0011" 6513
"/Engine/EngineMaterials/Substrate/GLints/dict_16_192_64_0p5_0p02_0053_0009" 6514
"../../../Engine/Content/EngineMaterials/Substrate/GLints/dict_16_192_64_0p5_0p02_0053_0010.uasset" 6515
"/Engine/EngineMaterials/Substrate/GLints/dict_16_192_64_0p5_0p02_0053_0008" 6516
"/Engine/EngineMaterials/Substrate/GLints/dict_16_192_64_0p5_0p02_0053_0007" 6517
"/Engine/EngineMaterials/Substrate/GLints/dict_16_192_64_0p5_0p02_0053_0006" 6518
"/Engine/EngineMaterials/Substrate/GLints/dict_16_192_64_0p5_0p02_0053_0005" 6519
"/Engine/EngineMaterials/Substrate/GLints/dict_16_192_64_0p5_0p02_0054_0009" 6520
"/Engine/EngineMaterials/Substrate/GLints/dict_16_192_64_0p5_0p02_0055_0001" 6521
"/Engine/EngineMaterials/Substrate/GLints/dict_16_192_64_0p5_0p02_0054_0004" 6522
"/Engine/EngineMaterials/Substrate/GLints/dict_16_192_64_0p5_0p02_0054_0002" 6523
"/Engine/EngineMaterials/Substrate/GLints/dict_16_192_64_0p5_0p02_0053_0014" 6524
"/Engine/EngineMaterials/Substrate/GLints/dict_16_192_64_0p5_0p02_0053_0010" 6525
"../../../Engine/Content/EngineMaterials/Substrate/GLints/dict_16_192_64_0p5_0p02_0055_0005.uasset" 6526
"../../../Engine/Content/EngineMaterials/Substrate/GLints/dict_16_192_64_0p5_0p02_0055_0009.uasset" 6527
"../../../Engine/Content/EngineMaterials/Substrate/GLints/dict_16_192_64_0p5_0p02_0055_0007.uasset" 6528
"../../../Engine/Content/EngineMaterials/Substrate/GLints/dict_16_192_64_0p5_0p02_0055_0011.uasset" 6529
"../../../Engine/Content/EngineMaterials/Substrate/GLints/dict_16_192_64_0p5_0p02_0055_0006.uasset" 6530
"../../../Engine/Content/EngineMaterials/Substrate/GLints/dict_16_192_64_0p5_0p02_0056_0003.uasset" 6531
"../../../Engine/Content/EngineMaterials/Substrate/GLints/dict_16_192_64_0p5_0p02_0056_0002.uasset" 6532
"../../../Engine/Content/EngineMaterials/Substrate/GLints/dict_16_192_64_0p5_0p02_0056_0006.uasset" 6533
"../../../Engine/Content/EngineMaterials/Substrate/GLints/dict_16_192_64_0p5_0p02_0056_0004.uasset" 6534
"../../../Engine/Content/EngineMaterials/Substrate/GLints/dict_16_192_64_0p5_0p02_0056_0005.uasset" 6535
"../../../Engine/Content/EngineMaterials/Substrate/GLints/dict_16_192_64_0p5_0p02_0056_0008.uasset" 6536
"../../../Engine/Content/EngineMaterials/Substrate/GLints/dict_16_192_64_0p5_0p02_0055_0012.uasset" 6537
"../../../Engine/Content/EngineMaterials/Substrate/GLints/dict_16_192_64_0p5_0p02_0056_0011.uasset" 6538
"../../../Engine/Content/EngineMaterials/Substrate/GLints/dict_16_192_64_0p5_0p02_0057_0001.uasset" 6539
"../../../Engine/Content/EngineMaterials/Substrate/GLints/dict_16_192_64_0p5_0p02_0056_0010.uasset" 6540
"../../../Engine/Content/EngineMaterials/Substrate/GLints/dict_16_192_64_0p5_0p02_0056_0015.uasset" 6541
"../../../Engine/Content/EngineMaterials/Substrate/GLints/dict_16_192_64_0p5_0p02_0057_0002.uasset" 6542
"../../../Engine/Content/EngineMaterials/Substrate/GLints/dict_16_192_64_0p5_0p02_0055_0014.uasset" 6543
"../../../Engine/Content/EngineMaterials/Substrate/GLints/dict_16_192_64_0p5_0p02_0055_0013.uasset" 6544
"../../../Engine/Content/EngineMaterials/Substrate/GLints/dict_16_192_64_0p5_0p02_0056_0001.uasset" 6545
"../../../Engine/Content/EngineMaterials/Substrate/GLints/dict_16_192_64_0p5_0p02_0056_0000.uasset" 6546
"../../../Engine/Content/EngineMaterials/Substrate/GLints/dict_16_192_64_0p5_0p02_0056_0009.uasset" 6547
"../../../Engine/Content/EngineMaterials/Substrate/GLints/dict_16_192_64_0p5_0p02_0056_0014.uasset" 6548
"../../../Engine/Content/EngineMaterials/Substrate/GLints/dict_16_192_64_0p5_0p02_0056_0013.uasset" 6549
"../../../Engine/Content/EngineMaterials/Substrate/GLints/dict_16_192_64_0p5_0p02_0055_0008.uasset" 6550
"../../../Engine/Content/EngineMaterials/Substrate/GLints/dict_16_192_64_0p5_0p02_0057_0004.uasset" 6551
"../../../Engine/Content/EngineMaterials/Substrate/GLints/dict_16_192_64_0p5_0p02_0057_0003.uasset" 6552
"../../../Engine/Content/EngineMaterials/Substrate/GLints/dict_16_192_64_0p5_0p02_0055_0015.uasset" 6553
"../../../Engine/Content/EngineMaterials/Substrate/GLints/dict_16_192_64_0p5_0p02_0055_0010.uasset" 6554
"/Engine/EngineMaterials/Substrate/GLints/dict_16_192_64_0p5_0p02_0056_0014" 6555
"../../../Engine/Content/EngineMaterials/Substrate/GLints/dict_16_192_64_0p5_0p02_0057_0000.uasset" 6556
"/Engine/EngineMaterials/Substrate/GLints/dict_16_192_64_0p5_0p02_0056_0013" 6557
"../../../Engine/Content/EngineMaterials/Substrate/GLints/dict_16_192_64_0p5_0p02_0056_0007.uasset" 6558
"/Engine/EngineMaterials/Substrate/GLints/dict_16_192_64_0p5_0p02_0056_0011" 6559
"/Engine/EngineMaterials/Substrate/GLints/dict_16_192_64_0p5_0p02_0056_0010" 6560
"../../../Engine/Content/EngineMaterials/Substrate/GLints/dict_16_192_64_0p5_0p02_0056_0012.uasset" 6561
"/Engine/EngineMaterials/Substrate/GLints/dict_16_192_64_0p5_0p02_0056_0009" 6562
"/Engine/EngineMaterials/Substrate/GLints/dict_16_192_64_0p5_0p02_0056_0008" 6563
"/Engine/EngineMaterials/Substrate/GLints/dict_16_192_64_0p5_0p02_0057_0004" 6564
"/Engine/EngineMaterials/Substrate/GLints/dict_16_192_64_0p5_0p02_0056_0006" 6565
"/Engine/EngineMaterials/Substrate/GLints/dict_16_192_64_0p5_0p02_0057_0003" 6566
"/Engine/EngineMaterials/Substrate/GLints/dict_16_192_64_0p5_0p02_0056_0005" 6567
"/Engine/EngineMaterials/Substrate/GLints/dict_16_192_64_0p5_0p02_0056_0004" 6568
"/Engine/EngineMaterials/Substrate/GLints/dict_16_192_64_0p5_0p02_0056_0003" 6569
"/Engine/EngineMaterials/Substrate/GLints/dict_16_192_64_0p5_0p02_0057_0002" 6570
"/Engine/EngineMaterials/Substrate/GLints/dict_16_192_64_0p5_0p02_0056_0002" 6571
"/Engine/EngineMaterials/Substrate/GLints/dict_16_192_64_0p5_0p02_0056_0001" 6572
"/Engine/EngineMaterials/Substrate/GLints/dict_16_192_64_0p5_0p02_0056_0000" 6573
"/Engine/EngineMaterials/Substrate/GLints/dict_16_192_64_0p5_0p02_0057_0001" 6574
"/Engine/EngineMaterials/Substrate/GLints/dict_16_192_64_0p5_0p02_0055_0015" 6575
"/Engine/EngineMaterials/Substrate/GLints/dict_16_192_64_0p5_0p02_0055_0014" 6576
"/Engine/EngineMaterials/Substrate/GLints/dict_16_192_64_0p5_0p02_0055_0013" 6577
"/Engine/EngineMaterials/Substrate/GLints/dict_16_192_64_0p5_0p02_0055_0012" 6578
"/Engine/EngineMaterials/Substrate/GLints/dict_16_192_64_0p5_0p02_0055_0011" 6579
"/Engine/EngineMaterials/Substrate/GLints/dict_16_192_64_0p5_0p02_0055_0010" 6580
"/Engine/EngineMaterials/Substrate/GLints/dict_16_192_64_0p5_0p02_0056_0015" 6581
"/Engine/EngineMaterials/Substrate/GLints/dict_16_192_64_0p5_0p02_0055_0009" 6582
"/Engine/EngineMaterials/Substrate/GLints/dict_16_192_64_0p5_0p02_0055_0008" 6583
"/Engine/EngineMaterials/Substrate/GLints/dict_16_192_64_0p5_0p02_0055_0007" 6584
"/Engine/EngineMaterials/Substrate/GLints/dict_16_192_64_0p5_0p02_0055_0006" 6585
"/Engine/EngineMaterials/Substrate/GLints/dict_16_192_64_0p5_0p02_0055_0005" 6586
"/Engine/EngineMaterials/Substrate/GLints/dict_16_192_64_0p5_0p02_0056_0012" 6587
"/Engine/EngineMaterials/Substrate/GLints/dict_16_192_64_0p5_0p02_0056_0007" 6588
"/Engine/EngineMaterials/Substrate/GLints/dict_16_192_64_0p5_0p02_0057_0000" 6589
"../../../Engine/Content/EngineMaterials/Substrate/GLints/dict_16_192_64_0p5_0p02_0057_0010.uasset" 6590
"../../../Engine/Content/EngineMaterials/Substrate/GLints/dict_16_192_64_0p5_0p02_0057_0014.uasset" 6591
"../../../Engine/Content/EngineMaterials/Substrate/GLints/dict_16_192_64_0p5_0p02_0058_0002.uasset" 6592
"../../../Engine/Content/EngineMaterials/Substrate/GLints/dict_16_192_64_0p5_0p02_0057_0007.uasset" 6593
"../../../Engine/Content/EngineMaterials/Substrate/GLints/dict_16_192_64_0p5_0p02_0058_0005.uasset" 6594
"../../../Engine/Content/EngineMaterials/Substrate/GLints/dict_16_192_64_0p5_0p02_0057_0008.uasset" 6595
"../../../Engine/Content/EngineMaterials/Substrate/GLints/dict_16_192_64_0p5_0p02_0057_0012.uasset" 6596
"../../../Engine/Content/EngineMaterials/Substrate/GLints/dict_16_192_64_0p5_0p02_0058_0007.uasset" 6597
"../../../Engine/Content/EngineMaterials/Substrate/GLints/dict_16_192_64_0p5_0p02_0058_0003.uasset" 6598
"../../../Engine/Content/EngineMaterials/Substrate/GLints/dict_16_192_64_0p5_0p02_0058_0006.uasset" 6599
"../../../Engine/Content/EngineMaterials/Substrate/GLints/dict_16_192_64_0p5_0p02_0058_0012.uasset" 6600
"../../../Engine/Content/EngineMaterials/Substrate/GLints/dict_16_192_64_0p5_0p02_0057_0009.uasset" 6601
"../../../Engine/Content/EngineMaterials/Substrate/GLints/dict_16_192_64_0p5_0p02_0057_0015.uasset" 6602
"../../../Engine/Content/EngineMaterials/Substrate/GLints/dict_16_192_64_0p5_0p02_0057_0005.uasset" 6603
"../../../Engine/Content/EngineMaterials/Substrate/GLints/dict_16_192_64_0p5_0p02_0058_0011.uasset" 6604
"../../../Engine/Content/EngineMaterials/Substrate/GLints/dict_16_192_64_0p5_0p02_0058_0015.uasset" 6605
"/Engine/EngineMaterials/Substrate/GLints/dict_16_192_64_0p5_0p02_0058_0015" 6606
"../../../Engine/Content/EngineMaterials/Substrate/GLints/dict_16_192_64_0p5_0p02_0058_0014.uasset" 6607
"/Engine/EngineMaterials/Substrate/GLints/dict_16_192_64_0p5_0p02_0058_0012" 6608
"/Engine/EngineMaterials/Substrate/GLints/dict_16_192_64_0p5_0p02_0058_0011" 6609
"/Engine/EngineMaterials/Substrate/GLints/dict_16_192_64_0p5_0p02_0058_0007" 6610
"../../../Engine/Content/EngineMaterials/Substrate/GLints/dict_16_192_64_0p5_0p02_0059_0004.uasset" 6611
"/Engine/EngineMaterials/Substrate/GLints/dict_16_192_64_0p5_0p02_0058_0006" 6612
"/Engine/EngineMaterials/Substrate/GLints/dict_16_192_64_0p5_0p02_0058_0005" 6613
"/Engine/EngineMaterials/Substrate/GLints/dict_16_192_64_0p5_0p02_0058_0003" 6614
"../../../Engine/Content/EngineMaterials/Substrate/GLints/dict_16_192_64_0p5_0p02_0058_0001.uasset" 6615
"/Engine/EngineMaterials/Substrate/GLints/dict_16_192_64_0p5_0p02_0058_0002" 6616
"/Engine/EngineMaterials/Substrate/GLints/dict_16_192_64_0p5_0p02_0057_0015" 6617
"/Engine/EngineMaterials/Substrate/GLints/dict_16_192_64_0p5_0p02_0057_0014" 6618
"../../../Engine/Content/EngineMaterials/Substrate/GLints/dict_16_192_64_0p5_0p02_0057_0006.uasset" 6619
"/Engine/EngineMaterials/Substrate/GLints/dict_16_192_64_0p5_0p02_0057_0012" 6620
"/Engine/EngineMaterials/Substrate/GLints/dict_16_192_64_0p5_0p02_0057_0010" 6621
"/Engine/EngineMaterials/Substrate/GLints/dict_16_192_64_0p5_0p02_0057_0009" 6622
"../../../Engine/Content/EngineMaterials/Substrate/GLints/dict_16_192_64_0p5_0p02_0058_0008.uasset" 6623
"/Engine/EngineMaterials/Substrate/GLints/dict_16_192_64_0p5_0p02_0057_0008" 6624
"/Engine/EngineMaterials/Substrate/GLints/dict_16_192_64_0p5_0p02_0057_0007" 6625
"../../../Engine/Content/EngineMaterials/Substrate/GLints/dict_16_192_64_0p5_0p02_0058_0010.uasset" 6626
"/Engine/EngineMaterials/Substrate/GLints/dict_16_192_64_0p5_0p02_0057_0005" 6627
"/Engine/EngineMaterials/Substrate/GLints/dict_16_192_64_0p5_0p02_0059_0004" 6628
"../../../Engine/Content/EngineMaterials/Substrate/GLints/dict_16_192_64_0p5_0p02_0059_0001.uasset" 6629
"/Engine/EngineMaterials/Substrate/GLints/dict_16_192_64_0p5_0p02_0058_0014" 6630
"/Engine/EngineMaterials/Substrate/GLints/dict_16_192_64_0p5_0p02_0058_0010" 6631
"../../../Engine/Content/EngineMaterials/Substrate/GLints/dict_16_192_64_0p5_0p02_0058_0009.uasset" 6632
"/Engine/EngineMaterials/Substrate/GLints/dict_16_192_64_0p5_0p02_0058_0008" 6633
"/Engine/EngineMaterials/Substrate/GLints/dict_16_192_64_0p5_0p02_0058_0001" 6634
"/Engine/EngineMaterials/Substrate/GLints/dict_16_192_64_0p5_0p02_0057_0006" 6635
"/Engine/EngineMaterials/Substrate/GLints/dict_16_192_64_0p5_0p02_0059_0001" 6636
"../../../Engine/Content/EngineMaterials/Substrate/GLints/dict_16_192_64_0p5_0p02_0059_0003.uasset" 6637
"../../../Engine/Content/EngineMaterials/Substrate/GLints/dict_16_192_64_0p5_0p02_0057_0013.uasset" 6638
"/Engine/EngineMaterials/Substrate/GLints/dict_16_192_64_0p5_0p02_0058_0009" 6639
"/Engine/EngineMaterials/Substrate/GLints/dict_16_192_64_0p5_0p02_0059_0003" 6640
"../../../Engine/Content/EngineMaterials/Substrate/GLints/dict_16_192_64_0p5_0p02_0058_0004.uasset" 6641
"/Engine/EngineMaterials/Substrate/GLints/dict_16_192_64_0p5_0p02_0057_0013" 6642
"../../../Engine/Content/EngineMaterials/Substrate/GLints/dict_16_192_64_0p5_0p02_0058_0013.uasset" 6643
"/Engine/EngineMaterials/Substrate/GLints/dict_16_192_64_0p5_0p02_0058_0013" 6644
"../../../Engine/Content/EngineMaterials/Substrate/GLints/dict_16_192_64_0p5_0p02_0059_0002.uasset" 6645
"/Engine/EngineMaterials/Substrate/GLints/dict_16_192_64_0p5_0p02_0058_0004" 6646
"/Engine/EngineMaterials/Substrate/GLints/dict_16_192_64_0p5_0p02_0059_0002" 6647
"../../../Engine/Content/EngineMaterials/Substrate/GLints/dict_16_192_64_0p5_0p02_0057_0011.uasset" 6648
"/Engine/EngineMaterials/Substrate/GLints/dict_16_192_64_0p5_0p02_0057_0011" 6649
"../../../Engine/Content/EngineMaterials/Substrate/GLints/dict_16_192_64_0p5_0p02_0059_0007.uasset" 6650
"../../../Engine/Content/EngineMaterials/Substrate/GLints/dict_16_192_64_0p5_0p02_0059_0000.uasset" 6651
"../../../Engine/Content/EngineMaterials/Substrate/GLints/dict_16_192_64_0p5_0p02_0059_0005.uasset" 6652
"../../../Engine/Content/EngineMaterials/Substrate/GLints/dict_16_192_64_0p5_0p02_0060_0002.uasset" 6653
"../../../Engine/Content/EngineMaterials/Substrate/GLints/dict_16_192_64_0p5_0p02_0059_0012.uasset" 6654
"../../../Engine/Content/EngineMaterials/Substrate/GLints/dict_16_192_64_0p5_0p02_0059_0015.uasset" 6655
"../../../Engine/Content/EngineMaterials/Substrate/GLints/dict_16_192_64_0p5_0p02_0060_0003.uasset" 6656
"../../../Engine/Content/EngineMaterials/Substrate/GLints/dict_16_192_64_0p5_0p02_0060_0004.uasset" 6657
"../../../Engine/Content/EngineMaterials/Substrate/GLints/dict_16_192_64_0p5_0p02_0058_0000.uasset" 6658
"../../../Engine/Content/EngineMaterials/Substrate/GLints/dict_16_192_64_0p5_0p02_0059_0010.uasset" 6659
"../../../Engine/Content/EngineMaterials/Substrate/GLints/dict_16_192_64_0p5_0p02_0060_0010.uasset" 6660
"../../../Engine/Content/EngineMaterials/Substrate/GLints/dict_16_192_64_0p5_0p02_0060_0008.uasset" 6661
"../../../Engine/Content/EngineMaterials/Substrate/GLints/dict_16_192_64_0p5_0p02_0060_0012.uasset" 6662
"../../../Engine/Content/EngineMaterials/Substrate/GLints/dict_16_192_64_0p5_0p02_0060_0014.uasset" 6663
"../../../Engine/Content/EngineMaterials/Substrate/GLints/dict_16_192_64_0p5_0p02_0060_0015.uasset" 6664
"../../../Engine/Content/EngineMaterials/Substrate/GLints/dict_16_192_64_0p5_0p02_0061_0001.uasset" 6665
"../../../Engine/Content/EngineMaterials/Substrate/GLints/dict_16_192_64_0p5_0p02_0059_0013.uasset" 6666
"../../../Engine/Content/EngineMaterials/Substrate/GLints/dict_16_192_64_0p5_0p02_0061_0002.uasset" 6667
"../../../Engine/Content/EngineMaterials/Substrate/GLints/dict_16_192_64_0p5_0p02_0059_0011.uasset" 6668
"../../../Engine/Content/EngineMaterials/Substrate/GLints/dict_16_192_64_0p5_0p02_0059_0014.uasset" 6669
"../../../Engine/Content/EngineMaterials/Substrate/GLints/dict_16_192_64_0p5_0p02_0060_0006.uasset" 6670
"/Engine/EngineMaterials/Substrate/GLints/dict_16_192_64_0p5_0p02_0060_0012" 6671
"/Engine/EngineMaterials/Substrate/GLints/dict_16_192_64_0p5_0p02_0059_0000" 6672
"/Engine/EngineMaterials/Substrate/GLints/dict_16_192_64_0p5_0p02_0060_0010" 6673
"../../../Engine/Content/EngineMaterials/Substrate/GLints/dict_16_192_64_0p5_0p02_0060_0009.uasset" 6674
"/Engine/EngineMaterials/Substrate/GLints/dict_16_192_64_0p5_0p02_0060_0004" 6675
"/Engine/EngineMaterials/Substrate/GLints/dict_16_192_64_0p5_0p02_0060_0003" 6676
"/Engine/EngineMaterials/Substrate/GLints/dict_16_192_64_0p5_0p02_0060_0002" 6677
"/Engine/EngineMaterials/Substrate/GLints/dict_16_192_64_0p5_0p02_0060_0014" 6678
"../../../Engine/Content/EngineMaterials/Substrate/GLints/dict_16_192_64_0p5_0p02_0060_0011.uasset" 6679
"../../../Engine/Content/EngineMaterials/Substrate/GLints/dict_16_192_64_0p5_0p02_0060_0013.uasset" 6680
"/Engine/EngineMaterials/Substrate/GLints/dict_16_192_64_0p5_0p02_0060_0008" 6681
"../../../Engine/Content/EngineMaterials/Substrate/GLints/dict_16_192_64_0p5_0p02_0061_0000.uasset" 6682
"/Engine/EngineMaterials/Substrate/GLints/dict_16_192_64_0p5_0p02_0059_0015" 6683
"../../../Engine/Content/EngineMaterials/Substrate/GLints/dict_16_192_64_0p5_0p02_0059_0008.uasset" 6684
"/Engine/EngineMaterials/Substrate/GLints/dict_16_192_64_0p5_0p02_0060_0015" 6685
"../../../Engine/Content/EngineMaterials/Substrate/GLints/dict_16_192_64_0p5_0p02_0059_0009.uasset" 6686
"/Engine/EngineMaterials/Substrate/GLints/dict_16_192_64_0p5_0p02_0059_0014" 6687
"../../../Engine/Content/EngineMaterials/Substrate/GLints/dict_16_192_64_0p5_0p02_0060_0007.uasset" 6688
"/Engine/EngineMaterials/Substrate/GLints/dict_16_192_64_0p5_0p02_0059_0013" 6689
"../../../Engine/Content/EngineMaterials/Substrate/GLints/dict_16_192_64_0p5_0p02_0060_0001.uasset" 6690
"../../../Engine/Content/EngineMaterials/Substrate/GLints/dict_16_192_64_0p5_0p02_0060_0005.uasset" 6691
"/Engine/EngineMaterials/Substrate/GLints/dict_16_192_64_0p5_0p02_0060_0006" 6692
"../../../Engine/Content/EngineMaterials/Substrate/GLints/dict_16_192_64_0p5_0p02_0060_0000.uasset" 6693
"/Engine/EngineMaterials/Substrate/GLints/dict_16_192_64_0p5_0p02_0058_0000" 6694
"../../../Engine/Content/EngineMaterials/Substrate/GLints/dict_16_192_64_0p5_0p02_0059_0006.uasset" 6695
"/Engine/EngineMaterials/Substrate/GLints/dict_16_192_64_0p5_0p02_0059_0012" 6696
"/Engine/EngineMaterials/Substrate/GLints/dict_16_192_64_0p5_0p02_0059_0011" 6697
"/Engine/EngineMaterials/Substrate/GLints/dict_16_192_64_0p5_0p02_0061_0001" 6698
"/Engine/EngineMaterials/Substrate/GLints/dict_16_192_64_0p5_0p02_0059_0010" 6699
"/Engine/EngineMaterials/Substrate/GLints/dict_16_192_64_0p5_0p02_0061_0002" 6700
"/Engine/EngineMaterials/Substrate/GLints/dict_16_192_64_0p5_0p02_0059_0007" 6701
"/Engine/EngineMaterials/Substrate/GLints/dict_16_192_64_0p5_0p02_0059_0005" 6702
"/Engine/EngineMaterials/Substrate/GLints/dict_16_192_64_0p5_0p02_0060_0009" 6703
"/Engine/EngineMaterials/Substrate/GLints/dict_16_192_64_0p5_0p02_0061_0000" 6704
"/Engine/EngineMaterials/Substrate/GLints/dict_16_192_64_0p5_0p02_0060_0011" 6705
"/Engine/EngineMaterials/Substrate/GLints/dict_16_192_64_0p5_0p02_0060_0007" 6706
"/Engine/EngineMaterials/Substrate/GLints/dict_16_192_64_0p5_0p02_0060_0001" 6707
"/Engine/EngineMaterials/Substrate/GLints/dict_16_192_64_0p5_0p02_0060_0000" 6708
"/Engine/EngineMaterials/Substrate/GLints/dict_16_192_64_0p5_0p02_0060_0013" 6709
"/Engine/EngineMaterials/Substrate/GLints/dict_16_192_64_0p5_0p02_0059_0009" 6710
"/Engine/EngineMaterials/Substrate/GLints/dict_16_192_64_0p5_0p02_0059_0008" 6711
"../../../Engine/Content/EngineMaterials/Substrate/GLints/dict_16_192_64_0p5_0p02_0061_0006.uasset" 6712
"/Engine/EngineMaterials/Substrate/GLints/dict_16_192_64_0p5_0p02_0059_0006" 6713
"/Engine/EngineMaterials/Substrate/GLints/dict_16_192_64_0p5_0p02_0060_0005" 6714
"../../../Engine/Content/EngineMaterials/Substrate/GLints/dict_16_192_64_0p5_0p02_0062_0006.uasset" 6715
"/Engine/EngineMaterials/Substrate/GLints/dict_16_192_64_0p5_0p02_0062_0006" 6716
"/Engine/EngineMaterials/Substrate/GLints/dict_16_192_64_0p5_0p02_0061_0006" 6717
"../../../Engine/Content/EngineMaterials/Substrate/GLints/dict_16_192_64_0p5_0p02_0062_0003.uasset" 6718
"../../../Engine/Content/EngineMaterials/Substrate/GLints/dict_16_192_64_0p5_0p02_0061_0008.uasset" 6719
"../../../Engine/Content/EngineMaterials/Substrate/GLints/dict_16_192_64_0p5_0p02_0061_0010.uasset" 6720
"../../../Engine/Content/EngineMaterials/Substrate/GLints/dict_16_192_64_0p5_0p02_0061_0009.uasset" 6721
"../../../Engine/Content/EngineMaterials/Substrate/GLints/dict_16_192_64_0p5_0p02_0061_0004.uasset" 6722
"../../../Engine/Content/EngineMaterials/Substrate/GLints/dict_16_192_64_0p5_0p02_0061_0007.uasset" 6723
"../../../Engine/Content/EngineMaterials/Substrate/GLints/dict_16_192_64_0p5_0p02_0061_0011.uasset" 6724
"../../../Engine/Content/EngineMaterials/Substrate/GLints/dict_16_192_64_0p5_0p02_0061_0015.uasset" 6725
"../../../Engine/Content/EngineMaterials/Substrate/GLints/dict_16_192_64_0p5_0p02_0062_0009.uasset" 6726
"../../../Engine/Content/EngineMaterials/Substrate/GLints/dict_16_192_64_0p5_0p02_0061_0013.uasset" 6727
"../../../Engine/Content/EngineMaterials/Substrate/GLints/dict_16_192_64_0p5_0p02_0062_0000.uasset" 6728
"../../../Engine/Content/EngineMaterials/Substrate/GLints/dict_16_192_64_0p5_0p02_0061_0012.uasset" 6729
"../../../Engine/Content/EngineMaterials/Substrate/GLints/dict_16_192_64_0p5_0p02_0062_0004.uasset" 6730
"../../../Engine/Content/EngineMaterials/Substrate/GLints/dict_16_192_64_0p5_0p02_0062_0005.uasset" 6731
"../../../Engine/Content/EngineMaterials/Substrate/GLints/dict_16_192_64_0p5_0p02_0062_0008.uasset" 6732
"../../../Engine/Content/EngineMaterials/Substrate/GLints/dict_16_192_64_0p5_0p02_0063_0002.uasset" 6733
"../../../Engine/Content/EngineMaterials/Substrate/GLints/dict_16_192_64_0p5_0p02_0062_0015.uasset" 6734
"../../../Engine/Content/EngineMaterials/Substrate/GLints/dict_16_192_64_0p5_0p02_0063_0000.uasset" 6735
"../../../Engine/Content/EngineMaterials/Substrate/GLints/dict_16_192_64_0p5_0p02_0062_0001.uasset" 6736
"../../../Engine/Content/EngineMaterials/Substrate/GLints/dict_16_192_64_0p5_0p02_0061_0014.uasset" 6737
"../../../Engine/Content/EngineMaterials/Substrate/GLints/dict_16_192_64_0p5_0p02_0061_0005.uasset" 6738
"../../../Engine/Content/EngineMaterials/Substrate/GLints/dict_16_192_64_0p5_0p02_0062_0011.uasset" 6739
"../../../Engine/Content/EngineMaterials/Substrate/GLints/dict_16_192_64_0p5_0p02_0062_0002.uasset" 6740
"../../../Engine/Content/EngineMaterials/Substrate/GLints/dict_16_192_64_0p5_0p02_0062_0014.uasset" 6741
"../../../Engine/Content/EngineMaterials/Substrate/GLints/dict_16_192_64_0p5_0p02_0063_0001.uasset" 6742
"../../../Engine/Content/EngineMaterials/Substrate/GLints/dict_16_192_64_0p5_0p02_0063_0003.uasset" 6743
"../../../Engine/Content/EngineMaterials/Substrate/GLints/dict_16_192_64_0p5_0p02_0062_0012.uasset" 6744
"../../../Engine/Content/EngineMaterials/Substrate/GLints/dict_16_192_64_0p5_0p02_0062_0010.uasset" 6745
"../../../Engine/Content/EngineMaterials/Substrate/GLints/dict_16_192_64_0p5_0p02_0062_0013.uasset" 6746
"../../../Engine/Content/EngineMaterials/Substrate/GLints/dict_16_192_64_0p5_0p02_0062_0007.uasset" 6747
"../../../Engine/Content/EngineMaterials/Substrate/GLints/dict_16_192_64_0p5_0p02_0063_0004.uasset" 6748
"../../../Engine/Content/EngineMaterials/Substrate/GLints/dict_16_192_64_0p5_0p02_0061_0003.uasset" 6749
"/Engine/EngineMaterials/Substrate/GLints/dict_16_192_64_0p5_0p02_0062_0007" 6750
"/Engine/EngineMaterials/Substrate/GLints/dict_16_192_64_0p5_0p02_0063_0004" 6751
"/Engine/EngineMaterials/Substrate/GLints/dict_16_192_64_0p5_0p02_0062_0005" 6752
"/Engine/EngineMaterials/Substrate/GLints/dict_16_192_64_0p5_0p02_0062_0004" 6753
"/Engine/EngineMaterials/Substrate/GLints/dict_16_192_64_0p5_0p02_0063_0002" 6754
"/Engine/EngineMaterials/Substrate/GLints/dict_16_192_64_0p5_0p02_0063_0001" 6755
"/Engine/EngineMaterials/Substrate/GLints/dict_16_192_64_0p5_0p02_0062_0003" 6756
"/Engine/EngineMaterials/Substrate/GLints/dict_16_192_64_0p5_0p02_0062_0002" 6757
"/Engine/EngineMaterials/Substrate/GLints/dict_16_192_64_0p5_0p02_0062_0001" 6758
"/Engine/EngineMaterials/Substrate/GLints/dict_16_192_64_0p5_0p02_0062_0000" 6759
"/Engine/EngineMaterials/Substrate/GLints/dict_16_192_64_0p5_0p02_0063_0000" 6760
"/Engine/EngineMaterials/Substrate/GLints/dict_16_192_64_0p5_0p02_0062_0015" 6761
"/Engine/EngineMaterials/Substrate/GLints/dict_16_192_64_0p5_0p02_0062_0014" 6762
"/Engine/EngineMaterials/Substrate/GLints/dict_16_192_64_0p5_0p02_0062_0013" 6763
"/Engine/EngineMaterials/Substrate/GLints/dict_16_192_64_0p5_0p02_0061_0015" 6764
"/Engine/EngineMaterials/Substrate/GLints/dict_16_192_64_0p5_0p02_0061_0014" 6765
"/Engine/EngineMaterials/Substrate/GLints/dict_16_192_64_0p5_0p02_0061_0013" 6766
"/Engine/EngineMaterials/Substrate/GLints/dict_16_192_64_0p5_0p02_0061_0012" 6767
"/Engine/EngineMaterials/Substrate/GLints/dict_16_192_64_0p5_0p02_0061_0011" 6768
"/Engine/EngineMaterials/Substrate/GLints/dict_16_192_64_0p5_0p02_0061_0010" 6769
"/Engine/EngineMaterials/Substrate/GLints/dict_16_192_64_0p5_0p02_0061_0009" 6770
"/Engine/EngineMaterials/Substrate/GLints/dict_16_192_64_0p5_0p02_0061_0008" 6771
"/Engine/EngineMaterials/Substrate/GLints/dict_16_192_64_0p5_0p02_0061_0007" 6772
"/Engine/EngineMaterials/Substrate/GLints/dict_16_192_64_0p5_0p02_0062_0012" 6773
"/Engine/EngineMaterials/Substrate/GLints/dict_16_192_64_0p5_0p02_0063_0003" 6774
"/Engine/EngineMaterials/Substrate/GLints/dict_16_192_64_0p5_0p02_0061_0005" 6775
"/Engine/EngineMaterials/Substrate/GLints/dict_16_192_64_0p5_0p02_0062_0011" 6776
"/Engine/EngineMaterials/Substrate/GLints/dict_16_192_64_0p5_0p02_0062_0010" 6777
"/Engine/EngineMaterials/Substrate/GLints/dict_16_192_64_0p5_0p02_0061_0004" 6778
"/Engine/EngineMaterials/Substrate/GLints/dict_16_192_64_0p5_0p02_0062_0009" 6779
"/Engine/EngineMaterials/Substrate/GLints/dict_16_192_64_0p5_0p02_0062_0008" 6780
"/Engine/EngineMaterials/Substrate/GLints/dict_16_192_64_0p5_0p02_0061_0003" 6781
"../../../Engine/Content/EngineMaterials/Substrate/Glints2/dict_0000_0001.uasset" 6782
"../../../Engine/Content/EngineMaterials/Substrate/GLints/dict_16_192_64_0p5_0p02_0063_0006.uasset" 6783
"../../../Engine/Content/EngineMaterials/Substrate/GLints/dict_16_192_64_0p5_0p02_0063_0015.uasset" 6784
"../../../Engine/Content/EngineMaterials/Substrate/GLints/dict_16_192_64_0p5_0p02_0063_0010.uasset" 6785
"../../../Engine/Content/EngineMaterials/Substrate/GLints/dict_16_192_64_0p5_0p02_0063_0007.uasset" 6786
"../../../Engine/Content/EngineMaterials/Substrate/GLints/dict_16_192_64_0p5_0p02_0063_0009.uasset" 6787
"../../../Engine/Content/EngineMaterials/Substrate/GLints/dict_16_192_64_0p5_0p02_0063_0012.uasset" 6788
"../../../Engine/Content/EngineMaterials/Substrate/GLints/dict_16_192_64_0p5_0p02_0063_0014.uasset" 6789
"../../../Engine/Content/EngineMaterials/Substrate/Glints2/dict_0000_0002.uasset" 6790
"../../../Engine/Content/EngineMaterials/Substrate/Glints2/dict_0000_0003.uasset" 6791
"../../../Engine/Content/EngineMaterials/Substrate/Glints2/dict_0000_0000.uasset" 6792
"../../../Engine/Content/EngineMaterials/Substrate/GLints/dict_16_192_64_0p5_0p02_0063_0013.uasset" 6793
"../../../Engine/Content/EngineMaterials/Substrate/Glints2/dict_0000_0007.uasset" 6794
"../../../Engine/Content/EngineMaterials/Substrate/Glints2/dict_0000_0009.uasset" 6795
"../../../Engine/Content/EngineMaterials/Substrate/Glints2/dict_0000_0016.uasset" 6796
"../../../Engine/Content/EngineMaterials/Substrate/Glints2/dict_0000_0006.uasset" 6797
"../../../Engine/Content/EngineMaterials/Substrate/Glints2/dict_0000_0011.uasset" 6798
"../../../Engine/Content/EngineMaterials/Substrate/Glints2/dict_0000_0010.uasset" 6799
"../../../Engine/Content/EngineMaterials/Substrate/Glints2/dict_0000_0013.uasset" 6800
"../../../Engine/Content/EngineMaterials/Substrate/Glints2/dict_0000_0014.uasset" 6801
"../../../Engine/Content/EngineMaterials/Substrate/GLints/dict_16_192_64_0p5_0p02_0063_0011.uasset" 6802
"../../../Engine/Content/EngineMaterials/Substrate/Glints2/dict_0000_0004.uasset" 6803
"../../../Engine/Content/EngineMaterials/Substrate/Glints2/dict_0000_0008.uasset" 6804
"../../../Engine/Content/EngineMaterials/Substrate/GLints/AGlintTex2dArray.uasset" 6805
"../../../Engine/Content/EngineMaterials/Substrate/Glints2/dict_0000_0017.uasset" 6806
"../../../Engine/Content/EngineMaterials/Substrate/Glints2/dict_0000_0018.uasset" 6807
"../../../Engine/Content/EngineMaterials/Substrate/GLints/dict_16_192_64_0p5_0p02_0063_0005.uasset" 6808
"../../../Engine/Content/EngineMaterials/Substrate/Glints2/dict_0000_0012.uasset" 6809
"../../../Engine/Content/EngineMaterials/Substrate/Glints2/dict_0000_0015.uasset" 6810
"../../../Engine/Content/EngineMaterials/Substrate/GLints/dict_16_192_64_0p5_0p02_0063_0008.uasset" 6811
"../../../Engine/Content/EngineMaterials/Substrate/Glints2/dict_0000_0005.uasset" 6812
"../../../Engine/Content/EngineMaterials/Substrate/Glints2/dict_0000_0019.uasset" 6813
"/Engine/EngineMaterials/Substrate/Glints2/dict_0000_0019" 6814
"/Engine/EngineMaterials/Substrate/Glints2/dict_0000_0018" 6815
"/Engine/EngineMaterials/Substrate/Glints2/dict_0000_0017" 6816
"/Engine/EngineMaterials/Substrate/Glints2/dict_0000_0016" 6817
"/Engine/EngineMaterials/Substrate/Glints2/dict_0000_0015" 6818
"/Engine/EngineMaterials/Substrate/Glints2/dict_0000_0014" 6819
"/Engine/EngineMaterials/Substrate/Glints2/dict_0000_0013" 6820
"/Engine/EngineMaterials/Substrate/Glints2/dict_0000_0012" 6821
"/Engine/EngineMaterials/Substrate/Glints2/dict_0000_0011" 6822
"/Engine/EngineMaterials/Substrate/Glints2/dict_0000_0010" 6823
"/Engine/EngineMaterials/Substrate/Glints2/dict_0000_0009" 6824
"/Engine/EngineMaterials/Substrate/Glints2/dict_0000_0008" 6825
"/Engine/EngineMaterials/Substrate/Glints2/dict_0000_0007" 6826
"/Engine/EngineMaterials/Substrate/Glints2/dict_0000_0006" 6827
"/Engine/EngineMaterials/Substrate/Glints2/dict_0000_0005" 6828
"/Engine/EngineMaterials/Substrate/Glints2/dict_0000_0004" 6829
"/Engine/EngineMaterials/Substrate/Glints2/dict_0000_0003" 6830
"/Engine/EngineMaterials/Substrate/Glints2/dict_0000_0002" 6831
"/Engine/EngineMaterials/Substrate/Glints2/dict_0000_0001" 6832
"/Engine/EngineMaterials/Substrate/Glints2/dict_0000_0000" 6833
"/Engine/EngineMaterials/Substrate/GLints/AGlintTex2dArray" 6834
"../../../Engine/Content/EngineMaterials/Substrate/Glints2/dict_0000_0020.uasset" 6835
"../../../Engine/Content/EngineMaterials/Substrate/Glints2/dict_0000_0029.uasset" 6836
"../../../Engine/Content/EngineMaterials/Substrate/Glints2/dict_0000_0021.uasset" 6837
"../../../Engine/Content/EngineMaterials/Substrate/Glints2/dict_0000_0032.uasset" 6838
"../../../Engine/Content/EngineMaterials/Substrate/Glints2/dict_0000_0033.uasset" 6839
"../../../Engine/Content/EngineMaterials/Substrate/Glints2/dict_0000_0028.uasset" 6840
"../../../Engine/Content/EngineMaterials/Substrate/Glints2/dict_0000_0026.uasset" 6841
"../../../Engine/Content/EngineMaterials/Substrate/Glints2/dict_0000_0023.uasset" 6842
"../../../Engine/Content/EngineMaterials/Substrate/Glints2/dict_0000_0024.uasset" 6843
"../../../Engine/Content/EngineMaterials/Substrate/Glints2/dict_0000_0030.uasset" 6844
"../../../Engine/Content/EngineMaterials/Substrate/Glints2/dict_0000_0040.uasset" 6845
"../../../Engine/Content/EngineMaterials/Substrate/Glints2/dict_0000_0045.uasset" 6846
"../../../Engine/Content/EngineMaterials/Substrate/Glints2/dict_0000_0048.uasset" 6847
"../../../Engine/Content/EngineMaterials/Substrate/Glints2/dict_0000_0046.uasset" 6848
"../../../Engine/Content/EngineMaterials/Substrate/Glints2/dict_0000_0039.uasset" 6849
"../../../Engine/Content/EngineMaterials/Substrate/Glints2/dict_0000_0042.uasset" 6850
"../../../Engine/Content/EngineMaterials/Substrate/Glints2/dict_0000_0037.uasset" 6851
"../../../Engine/Content/EngineMaterials/Substrate/Glints2/dict_0000_0047.uasset" 6852
"../../../Engine/Content/EngineMaterials/Substrate/Glints2/dict_0000_0049.uasset" 6853
"../../../Engine/Content/EngineMaterials/Substrate/Glints2/dict_0000_0050.uasset" 6854
"../../../Engine/Content/EngineMaterials/Substrate/Glints2/dict_0000_0034.uasset" 6855
"../../../Engine/Content/EngineMaterials/Substrate/Glints2/dict_0000_0044.uasset" 6856
"../../../Engine/Content/EngineMaterials/Substrate/Glints2/dict_0000_0027.uasset" 6857
"../../../Engine/Content/EngineMaterials/Substrate/Glints2/dict_0000_0041.uasset" 6858
"../../../Engine/Content/EngineMaterials/Substrate/Glints2/dict_0000_0035.uasset" 6859
"../../../Engine/Content/EngineMaterials/Substrate/Glints2/dict_0000_0031.uasset" 6860
"/Engine/EngineMaterials/Substrate/Glints2/dict_0000_0050" 6861
"../../../Engine/Content/EngineMaterials/Substrate/Glints2/dict_0000_0051.uasset" 6862
"../../../Engine/Content/EngineMaterials/Substrate/Glints2/dict_0000_0022.uasset" 6863
"/Engine/EngineMaterials/Substrate/Glints2/dict_0000_0049" 6864
"../../../Engine/Content/EngineMaterials/Substrate/Glints2/dict_0000_0038.uasset" 6865
"/Engine/EngineMaterials/Substrate/Glints2/dict_0000_0048" 6866
"../../../Engine/Content/EngineMaterials/Substrate/Glints2/dict_0000_0036.uasset" 6867
"/Engine/EngineMaterials/Substrate/Glints2/dict_0000_0047" 6868
"/Engine/EngineMaterials/Substrate/Glints2/dict_0000_0046" 6869
"../../../Engine/Content/EngineMaterials/Substrate/Glints2/dict_0000_0025.uasset" 6870
"../../../Engine/Content/EngineMaterials/Substrate/Glints2/dict_0000_0043.uasset" 6871
"/Engine/EngineMaterials/Substrate/Glints2/dict_0000_0045" 6872
"/Engine/EngineMaterials/Substrate/Glints2/dict_0000_0044" 6873
"/Engine/EngineMaterials/Substrate/Glints2/dict_0000_0042" 6874
"/Engine/EngineMaterials/Substrate/Glints2/dict_0000_0041" 6875
"/Engine/EngineMaterials/Substrate/Glints2/dict_0000_0040" 6876
"/Engine/EngineMaterials/Substrate/Glints2/dict_0000_0039" 6877
"/Engine/EngineMaterials/Substrate/Glints2/dict_0000_0037" 6878
"/Engine/EngineMaterials/Substrate/Glints2/dict_0000_0035" 6879
"/Engine/EngineMaterials/Substrate/Glints2/dict_0000_0034" 6880
"/Engine/EngineMaterials/Substrate/Glints2/dict_0000_0033" 6881
"/Engine/EngineMaterials/Substrate/Glints2/dict_0000_0032" 6882
"/Engine/EngineMaterials/Substrate/Glints2/dict_0000_0031" 6883
"/Engine/EngineMaterials/Substrate/Glints2/dict_0000_0030" 6884
"/Engine/EngineMaterials/Substrate/Glints2/dict_0000_0029" 6885
"/Engine/EngineMaterials/Substrate/Glints2/dict_0000_0028" 6886
"/Engine/EngineMaterials/Substrate/Glints2/dict_0000_0027" 6887
"/Engine/EngineMaterials/Substrate/Glints2/dict_0000_0026" 6888
"/Engine/EngineMaterials/Substrate/Glints2/dict_0000_0024" 6889
"/Engine/EngineMaterials/Substrate/Glints2/dict_0000_0023" 6890
"/Engine/EngineMaterials/Substrate/Glints2/dict_0000_0021" 6891
"/Engine/EngineMaterials/Substrate/Glints2/dict_0000_0020" 6892
"/Engine/EngineMaterials/Substrate/Glints2/dict_0000_0051" 6893
"/Engine/EngineMaterials/Substrate/Glints2/dict_0000_0043" 6894
"/Engine/EngineMaterials/Substrate/Glints2/dict_0000_0038" 6895
"../../../Engine/Content/EngineMaterials/Substrate/Glints2/dict_0000_0053.uasset" 6896
"../../../Engine/Content/EngineMaterials/Substrate/Glints2/dict_0000_0052.uasset" 6897
"/Engine/EngineMaterials/Substrate/Glints2/dict_0000_0036" 6898
"/Engine/EngineMaterials/Substrate/Glints2/dict_0000_0025" 6899
"../../../Engine/Content/EngineMaterials/Substrate/Glints2/dict_0000_0055.uasset" 6900
"../../../Engine/Content/EngineMaterials/Substrate/Glints2/dict_0000_0056.uasset" 6901
"/Engine/EngineMaterials/Substrate/Glints2/dict_0000_0022" 6902
"../../../Engine/Content/EngineMaterials/Substrate/Glints2/dict_0000_0054.uasset" 6903
"/Engine/EngineMaterials/Substrate/Glints2/dict_0000_0056" 6904
"../../../Engine/Content/EngineMaterials/Substrate/Glints2/dict_0000_0058.uasset" 6905
"/Engine/EngineMaterials/Substrate/Glints2/dict_0000_0055" 6906
"/Engine/EngineMaterials/Substrate/Glints2/dict_0000_0054" 6907
"/Engine/EngineMaterials/Substrate/Glints2/dict_0000_0053" 6908
"../../../Engine/Content/EngineMaterials/Substrate/Glints2/dict_0000_0057.uasset" 6909
"/Engine/EngineMaterials/Substrate/Glints2/dict_0000_0052" 6910
"../../../Engine/Content/EngineMaterials/Substrate/Glints2/dict_0000_0059.uasset" 6911
"/Engine/EngineMaterials/Substrate/Glints2/dict_0000_0059" 6912
"../../../Engine/Content/EngineMaterials/Substrate/Glints2/dict_0000_0063.uasset" 6913
"/Engine/EngineMaterials/Substrate/Glints2/dict_0000_0058" 6914
"../../../Engine/Content/EngineMaterials/Substrate/Glints2/dict_0000_0064.uasset" 6915
"/Engine/EngineMaterials/Substrate/Glints2/dict_0000_0057" 6916
"../../../Engine/Content/EngineMaterials/Substrate/Glints2/dict_0000_0073.uasset" 6917
"/Engine/EngineMaterials/Substrate/Glints2/dict_0000_0073" 6918
"../../../Engine/Content/EngineMaterials/Substrate/Glints2/dict_0000_0067.uasset" 6919
"/Engine/EngineMaterials/Substrate/Glints2/dict_0000_0064" 6920
"../../../Engine/Content/EngineMaterials/Substrate/Glints2/dict_0000_0065.uasset" 6921
"/Engine/EngineMaterials/Substrate/Glints2/dict_0000_0063" 6922
"../../../Engine/Content/EngineMaterials/Substrate/Glints2/dict_0000_0079.uasset" 6923
"/Engine/EngineMaterials/Substrate/Glints2/dict_0000_0067" 6924
"/Engine/EngineMaterials/Substrate/Glints2/dict_0000_0065" 6925
"../../../Engine/Content/EngineMaterials/Substrate/Glints2/dict_0000_0071.uasset" 6926
"/Engine/EngineMaterials/Substrate/Glints2/dict_0000_0079" 6927
"../../../Engine/Content/EngineMaterials/Substrate/Glints2/dict_0000_0084.uasset" 6928
"/Engine/EngineMaterials/Substrate/Glints2/dict_0000_0071" 6929
"/Engine/EngineMaterials/Substrate/Glints2/dict_0000_0084" 6930
"../../../Engine/Content/EngineMaterials/Substrate/Glints2/dict_0000_0074.uasset" 6931
"/Engine/EngineMaterials/Substrate/Glints2/dict_0000_0074" 6932
"../../../Engine/Content/EngineMaterials/Substrate/Glints2/dict_0000_0070.uasset" 6933
"/Engine/EngineMaterials/Substrate/Glints2/dict_0000_0070" 6934
"../../../Engine/Content/EngineMaterials/Substrate/Glints2/dict_0000_0072.uasset" 6935
"/Engine/EngineMaterials/Substrate/Glints2/dict_0000_0072" 6936
"../../../Engine/Content/EngineMaterials/Substrate/Glints2/dict_0000_0068.uasset" 6937
"../../../Engine/Content/EngineMaterials/Substrate/Glints2/dict_0000_0069.uasset" 6938
"../../../Engine/Content/EngineMaterials/Substrate/Glints2/dict_0000_0083.uasset" 6939
"../../../Engine/Content/EngineMaterials/Substrate/Glints2/dict_0000_0081.uasset" 6940
"../../../Engine/Content/EngineMaterials/Substrate/Glints2/dict_0000_0060.uasset" 6941
"../../../Engine/Content/EngineMaterials/Substrate/Glints2/dict_0000_0086.uasset" 6942
"../../../Engine/Content/EngineMaterials/Substrate/Glints2/dict_0000_0087.uasset" 6943
"../../../Engine/Content/EngineMaterials/Substrate/Glints2/dict_0000_0088.uasset" 6944
"../../../Engine/Content/EngineMaterials/Substrate/Glints2/dict_0000_0089.uasset" 6945
"../../../Engine/Content/EngineMaterials/Substrate/Glints2/dict_0000_0090.uasset" 6946
"../../../Engine/Content/EngineMaterials/Substrate/Glints2/dict_0000_0092.uasset" 6947
"../../../Engine/Content/EngineMaterials/Substrate/Glints2/dict_0000_0094.uasset" 6948
"../../../Engine/Content/EngineMaterials/Substrate/Glints2/dict_0000_0096.uasset" 6949
"../../../Engine/Content/EngineMaterials/Substrate/Glints2/dict_0000_0095.uasset" 6950
"../../../Engine/Content/EngineMaterials/Substrate/Glints2/dict_0000_0098.uasset" 6951
"../../../Engine/Content/EngineMaterials/Substrate/Glints2/dict_0000_0099.uasset" 6952
"../../../Engine/Content/EngineMaterials/Substrate/Glints2/dict_0000_0080.uasset" 6953
"../../../Engine/Content/EngineMaterials/Substrate/Glints2/dict_0000_0101.uasset" 6954
"../../../Engine/Content/EngineMaterials/Substrate/Glints2/dict_0000_0078.uasset" 6955
"../../../Engine/Content/EngineMaterials/Substrate/Glints2/dict_0000_0085.uasset" 6956
"../../../Engine/Content/EngineMaterials/Substrate/Glints2/dict_0000_0076.uasset" 6957
"../../../Engine/Content/EngineMaterials/Substrate/Glints2/dict_0000_0075.uasset" 6958
"../../../Engine/Content/EngineMaterials/Substrate/Glints2/dict_0000_0097.uasset" 6959
"/Engine/EngineMaterials/Substrate/Glints2/dict_0000_0083" 6960
"../../../Engine/Content/EngineMaterials/Substrate/Glints2/dict_0000_0062.uasset" 6961
"/Engine/EngineMaterials/Substrate/Glints2/dict_0000_0076" 6962
"../../../Engine/Content/EngineMaterials/Substrate/Glints2/dict_0000_0082.uasset" 6963
"/Engine/EngineMaterials/Substrate/Glints2/dict_0000_0075" 6964
"/Engine/EngineMaterials/Substrate/Glints2/dict_0000_0094" 6965
"../../../Engine/Content/EngineMaterials/Substrate/Glints2/dict_0000_0061.uasset" 6966
"/Engine/EngineMaterials/Substrate/Glints2/dict_0000_0099" 6967
"/Engine/EngineMaterials/Substrate/Glints2/dict_0000_0101" 6968
"/Engine/EngineMaterials/Substrate/Glints2/dict_0000_0069" 6969
"../../../Engine/Content/EngineMaterials/Substrate/Glints2/dict_0000_0077.uasset" 6970
"/Engine/EngineMaterials/Substrate/Glints2/dict_0000_0068" 6971
"/Engine/EngineMaterials/Substrate/Glints2/dict_0000_0081" 6972
"../../../Engine/Content/EngineMaterials/Substrate/Glints2/dict_0000_0093.uasset" 6973
"/Engine/EngineMaterials/Substrate/Glints2/dict_0000_0080" 6974
"/Engine/EngineMaterials/Substrate/Glints2/dict_0000_0096" 6975
"../../../Engine/Content/EngineMaterials/Substrate/Glints2/dict_0000_0066.uasset" 6976
"/Engine/EngineMaterials/Substrate/Glints2/dict_0000_0092" 6977
"/Engine/EngineMaterials/Substrate/Glints2/dict_0000_0060" 6978
"../../../Engine/Content/EngineMaterials/Substrate/Glints2/dict_0000_0102.uasset" 6979
"/Engine/EngineMaterials/Substrate/Glints2/dict_0000_0090" 6980
"/Engine/EngineMaterials/Substrate/Glints2/dict_0000_0089" 6981
"/Engine/EngineMaterials/Substrate/Glints2/dict_0000_0088" 6982
"../../../Engine/Content/EngineMaterials/Substrate/Glints2/dict_0000_0091.uasset" 6983
"/Engine/EngineMaterials/Substrate/Glints2/dict_0000_0095" 6984
"/Engine/EngineMaterials/Substrate/Glints2/dict_0000_0087" 6985
"../../../Engine/Content/EngineMaterials/Substrate/Glints2/dict_0000_0100.uasset" 6986
"/Engine/EngineMaterials/Substrate/Glints2/dict_0000_0086" 6987
"/Engine/EngineMaterials/Substrate/Glints2/dict_0000_0078" 6988
"/Engine/EngineMaterials/Substrate/Glints2/dict_0000_0085" 6989
"/Engine/EngineMaterials/Substrate/Glints2/dict_0000_0098" 6990
"/Engine/EngineMaterials/Substrate/Glints2/dict_0000_0077" 6991
"/Engine/EngineMaterials/Substrate/Glints2/dict_0000_0100" 6992
"/Engine/EngineMaterials/Substrate/Glints2/dict_0000_0102" 6993
"/Engine/EngineMaterials/Substrate/Glints2/dict_0000_0082" 6994
"/Engine/EngineMaterials/Substrate/Glints2/dict_0000_0097" 6995
"/Engine/EngineMaterials/Substrate/Glints2/dict_0000_0066" 6996
"/Engine/EngineMaterials/Substrate/Glints2/dict_0000_0093" 6997
"/Engine/EngineMaterials/Substrate/Glints2/dict_0000_0062" 6998
"/Engine/EngineMaterials/Substrate/Glints2/dict_0000_0061" 6999
"/Engine/EngineMaterials/Substrate/Glints2/dict_0000_0091" 7000
"../../../Engine/Content/EngineMaterials/Substrate/Glints2/dict_0000_0109.uasset" 7001
"../../../Engine/Content/EngineMaterials/Substrate/Glints2/dict_0000_0119.uasset" 7002
"../../../Engine/Content/EngineMaterials/Substrate/Glints2/dict_0000_0115.uasset" 7003
"../../../Engine/Content/EngineMaterials/Substrate/Glints2/dict_0000_0112.uasset" 7004
"../../../Engine/Content/EngineMaterials/Substrate/Glints2/dict_0000_0103.uasset" 7005
"../../../Engine/Content/EngineMaterials/Substrate/Glints2/dict_0000_0122.uasset" 7006
"../../../Engine/Content/EngineMaterials/Substrate/Glints2/dict_0000_0106.uasset" 7007
"../../../Engine/Content/EngineMaterials/Substrate/Glints2/dict_0000_0121.uasset" 7008
"../../../Engine/Content/EngineMaterials/Substrate/Glints2/dict_0000_0120.uasset" 7009
"../../../Engine/Content/EngineMaterials/Substrate/Glints2/dict_0000_0107.uasset" 7010
"../../../Engine/Content/EngineMaterials/Substrate/Glints2/dict_0000_0104.uasset" 7011
"../../../Engine/Content/EngineMaterials/Substrate/Glints2/dict_0000_0110.uasset" 7012
"../../../Engine/Content/EngineMaterials/Substrate/Glints2/dict_0000_0124.uasset" 7013
"../../../Engine/Content/EngineMaterials/Substrate/Glints2/dict_0000_0123.uasset" 7014
"../../../Engine/Content/EngineMaterials/Substrate/Glints2/dict_0000_0114.uasset" 7015
"../../../Engine/Content/EngineMaterials/Substrate/Glints2/dict_0000_0128.uasset" 7016
"../../../Engine/Content/EngineMaterials/Substrate/Glints2/dict_0000_0108.uasset" 7017
"../../../Engine/Content/EngineMaterials/Substrate/Glints2/dict_0000_0131.uasset" 7018
"../../../Engine/Content/EngineMaterials/Substrate/Glints2/dict_0000_0125.uasset" 7019
"../../../Engine/Content/EngineMaterials/Substrate/Glints2/dict_0000_0130.uasset" 7020
"../../../Engine/Content/EngineMaterials/Substrate/Glints2/dict_0000_0113.uasset" 7021
"../../../Engine/Content/EngineMaterials/Substrate/Glints2/dict_0000_0117.uasset" 7022
"../../../Engine/Content/EngineMaterials/Substrate/Glints2/dict_0000_0127.uasset" 7023
"../../../Engine/Content/EngineMaterials/Substrate/Glints2/dict_0000_0126.uasset" 7024
"../../../Engine/Content/EngineMaterials/Substrate/Glints2/dict_0000_0134.uasset" 7025
"../../../Engine/Content/EngineMaterials/Substrate/Glints2/dict_0000_0129.uasset" 7026
"../../../Engine/Content/EngineMaterials/Substrate/Glints2/dict_0000_0111.uasset" 7027
"../../../Engine/Content/EngineMaterials/Substrate/Glints2/dict_0000_0118.uasset" 7028
"../../../Engine/Content/EngineMaterials/Substrate/Glints2/dict_0000_0116.uasset" 7029
"../../../Engine/Content/EngineMaterials/Substrate/Glints2/dict_0000_0133.uasset" 7030
"../../../Engine/Content/EngineMaterials/Substrate/Glints2/dict_0000_0105.uasset" 7031
"../../../Engine/Content/EngineMaterials/Substrate/Glints2/dict_0000_0132.uasset" 7032
"/Engine/EngineMaterials/Substrate/Glints2/dict_0000_0124" 7033
"/Engine/EngineMaterials/Substrate/Glints2/dict_0000_0134" 7034
"/Engine/EngineMaterials/Substrate/Glints2/dict_0000_0123" 7035
"/Engine/EngineMaterials/Substrate/Glints2/dict_0000_0122" 7036
"/Engine/EngineMaterials/Substrate/Glints2/dict_0000_0133" 7037
"/Engine/EngineMaterials/Substrate/Glints2/dict_0000_0121" 7038
"/Engine/EngineMaterials/Substrate/Glints2/dict_0000_0132" 7039
"/Engine/EngineMaterials/Substrate/Glints2/dict_0000_0120" 7040
"/Engine/EngineMaterials/Substrate/Glints2/dict_0000_0131" 7041
"/Engine/EngineMaterials/Substrate/Glints2/dict_0000_0119" 7042
"/Engine/EngineMaterials/Substrate/Glints2/dict_0000_0118" 7043
"/Engine/EngineMaterials/Substrate/Glints2/dict_0000_0117" 7044
"/Engine/EngineMaterials/Substrate/Glints2/dict_0000_0130" 7045
"/Engine/EngineMaterials/Substrate/Glints2/dict_0000_0116" 7046
"/Engine/EngineMaterials/Substrate/Glints2/dict_0000_0129" 7047
"/Engine/EngineMaterials/Substrate/Glints2/dict_0000_0115" 7048
"/Engine/EngineMaterials/Substrate/Glints2/dict_0000_0114" 7049
"/Engine/EngineMaterials/Substrate/Glints2/dict_0000_0128" 7050
"/Engine/EngineMaterials/Substrate/Glints2/dict_0000_0113" 7051
"/Engine/EngineMaterials/Substrate/Glints2/dict_0000_0127" 7052
"/Engine/EngineMaterials/Substrate/Glints2/dict_0000_0126" 7053
"/Engine/EngineMaterials/Substrate/Glints2/dict_0000_0112" 7054
"/Engine/EngineMaterials/Substrate/Glints2/dict_0000_0125" 7055
"/Engine/EngineMaterials/Substrate/Glints2/dict_0000_0111" 7056
"/Engine/EngineMaterials/Substrate/Glints2/dict_0000_0110" 7057
"/Engine/EngineMaterials/Substrate/Glints2/dict_0000_0109" 7058
"/Engine/EngineMaterials/Substrate/Glints2/dict_0000_0108" 7059
"/Engine/EngineMaterials/Substrate/Glints2/dict_0000_0107" 7060
"/Engine/EngineMaterials/Substrate/Glints2/dict_0000_0106" 7061
"/Engine/EngineMaterials/Substrate/Glints2/dict_0000_0105" 7062
"/Engine/EngineMaterials/Substrate/Glints2/dict_0000_0104" 7063
"/Engine/EngineMaterials/Substrate/Glints2/dict_0000_0103" 7064
"../../../Engine/Content/EngineMaterials/Substrate/Glints2/dict_0000_0138.uasset" 7065
"../../../Engine/Content/EngineMaterials/Substrate/Glints2/dict_0000_0140.uasset" 7066
"../../../Engine/Content/EngineMaterials/Substrate/Glints2/dict_0000_0141.uasset" 7067
"../../../Engine/Content/EngineMaterials/Substrate/Glints2/dict_0000_0143.uasset" 7068
"../../../Engine/Content/EngineMaterials/Substrate/Glints2/dict_0000_0158.uasset" 7069
"../../../Engine/Content/EngineMaterials/Substrate/Glints2/dict_0000_0153.uasset" 7070
"../../../Engine/Content/EngineMaterials/Substrate/Glints2/dict_0000_0148.uasset" 7071
"../../../Engine/Content/EngineMaterials/Substrate/Glints2/dict_0000_0144.uasset" 7072
"../../../Engine/Content/EngineMaterials/Substrate/Glints2/dict_0000_0151.uasset" 7073
"../../../Engine/Content/EngineMaterials/Substrate/Glints2/dict_0000_0157.uasset" 7074
"../../../Engine/Content/EngineMaterials/Substrate/Glints2/dict_0000_0145.uasset" 7075
"../../../Engine/Content/EngineMaterials/Substrate/Glints2/dict_0000_0154.uasset" 7076
"../../../Engine/Content/EngineMaterials/Substrate/Glints2/dict_0000_0155.uasset" 7077
"../../../Engine/Content/EngineMaterials/Substrate/Glints2/dict_0000_0162.uasset" 7078
"../../../Engine/Content/EngineMaterials/Substrate/Glints2/dict_0000_0166.uasset" 7079
"../../../Engine/Content/EngineMaterials/Substrate/Glints2/dict_0000_0152.uasset" 7080
"../../../Engine/Content/EngineMaterials/Substrate/Glints2/dict_0000_0150.uasset" 7081
"../../../Engine/Content/EngineMaterials/Substrate/Glints2/dict_0000_0165.uasset" 7082
"../../../Engine/Content/EngineMaterials/Substrate/Glints2/dict_0000_0136.uasset" 7083
"../../../Engine/Content/EngineMaterials/Substrate/Glints2/dict_0000_0160.uasset" 7084
"../../../Engine/Content/EngineMaterials/Substrate/Glints2/dict_0000_0146.uasset" 7085
"../../../Engine/Content/EngineMaterials/Substrate/Glints2/dict_0000_0147.uasset" 7086
"../../../Engine/Content/EngineMaterials/Substrate/Glints2/dict_0000_0163.uasset" 7087
"../../../Engine/Content/EngineMaterials/Substrate/Glints2/dict_0000_0156.uasset" 7088
"../../../Engine/Content/EngineMaterials/Substrate/Glints2/dict_0000_0135.uasset" 7089
"../../../Engine/Content/EngineMaterials/Substrate/Glints2/dict_0000_0149.uasset" 7090
"../../../Engine/Content/EngineMaterials/Substrate/Glints2/dict_0000_0137.uasset" 7091
"../../../Engine/Content/EngineMaterials/Substrate/Glints2/dict_0000_0139.uasset" 7092
"/Engine/EngineMaterials/Substrate/Glints2/dict_0000_0166" 7093
"../../../Engine/Content/EngineMaterials/Substrate/Glints2/dict_0000_0159.uasset" 7094
"../../../Engine/Content/EngineMaterials/Substrate/Glints2/dict_0000_0142.uasset" 7095
"../../../Engine/Content/EngineMaterials/Substrate/Glints2/dict_0000_0164.uasset" 7096
"/Engine/EngineMaterials/Substrate/Glints2/dict_0000_0165" 7097
"/Engine/EngineMaterials/Substrate/Glints2/dict_0000_0163" 7098
"../../../Engine/Content/EngineMaterials/Substrate/Glints2/dict_0000_0161.uasset" 7099
"/Engine/EngineMaterials/Substrate/Glints2/dict_0000_0162" 7100
"/Engine/EngineMaterials/Substrate/Glints2/dict_0000_0160" 7101
"/Engine/EngineMaterials/Substrate/Glints2/dict_0000_0158" 7102
"/Engine/EngineMaterials/Substrate/Glints2/dict_0000_0157" 7103
"/Engine/EngineMaterials/Substrate/Glints2/dict_0000_0156" 7104
"/Engine/EngineMaterials/Substrate/Glints2/dict_0000_0155" 7105
"/Engine/EngineMaterials/Substrate/Glints2/dict_0000_0154" 7106
"/Engine/EngineMaterials/Substrate/Glints2/dict_0000_0153" 7107
"/Engine/EngineMaterials/Substrate/Glints2/dict_0000_0152" 7108
"/Engine/EngineMaterials/Substrate/Glints2/dict_0000_0151" 7109
"/Engine/EngineMaterials/Substrate/Glints2/dict_0000_0150" 7110
"/Engine/EngineMaterials/Substrate/Glints2/dict_0000_0149" 7111
"/Engine/EngineMaterials/Substrate/Glints2/dict_0000_0148" 7112
"/Engine/EngineMaterials/Substrate/Glints2/dict_0000_0147" 7113
"/Engine/EngineMaterials/Substrate/Glints2/dict_0000_0146" 7114
"/Engine/EngineMaterials/Substrate/Glints2/dict_0000_0145" 7115
"/Engine/EngineMaterials/Substrate/Glints2/dict_0000_0144" 7116
"/Engine/EngineMaterials/Substrate/Glints2/dict_0000_0143" 7117
"/Engine/EngineMaterials/Substrate/Glints2/dict_0000_0141" 7118
"/Engine/EngineMaterials/Substrate/Glints2/dict_0000_0140" 7119
"/Engine/EngineMaterials/Substrate/Glints2/dict_0000_0139" 7120
"/Engine/EngineMaterials/Substrate/Glints2/dict_0000_0138" 7121
"/Engine/EngineMaterials/Substrate/Glints2/dict_0000_0137" 7122
"/Engine/EngineMaterials/Substrate/Glints2/dict_0000_0136" 7123
"/Engine/EngineMaterials/Substrate/Glints2/dict_0000_0135" 7124
"/Engine/EngineMaterials/Substrate/Glints2/dict_0000_0164" 7125
"/Engine/EngineMaterials/Substrate/Glints2/dict_0000_0161" 7126
"/Engine/EngineMaterials/Substrate/Glints2/dict_0000_0159" 7127
"/Engine/EngineMaterials/Substrate/Glints2/dict_0000_0142" 7128
"../../../Engine/Content/EngineMaterials/Substrate/Glints2/dict_0000_0167.uasset" 7129
"../../../Engine/Content/EngineMaterials/Substrate/Glints2/dict_0000_0170.uasset" 7130
"../../../Engine/Content/EngineMaterials/Substrate/Glints2/dict_0000_0172.uasset" 7131
"../../../Engine/Content/EngineMaterials/Substrate/Glints2/dict_0000_0169.uasset" 7132
"../../../Engine/Content/EngineMaterials/Substrate/Glints2/dict_0000_0168.uasset" 7133
"../../../Engine/Content/EngineMaterials/Substrate/Glints2/dict_0000_0176.uasset" 7134
"../../../Engine/Content/EngineMaterials/Substrate/Glints2/dict_0000_0174.uasset" 7135
"../../../Engine/Content/EngineMaterials/Substrate/Glints2/dict_0000_0171.uasset" 7136
"../../../Engine/Content/EngineMaterials/Substrate/Glints2/dict_0000_0179.uasset" 7137
"../../../Engine/Content/EngineMaterials/Substrate/Glints2/dict_0000_0175.uasset" 7138
"../../../Engine/Content/EngineMaterials/Substrate/Glints2/dict_0000_0178.uasset" 7139
"../../../Engine/Content/EngineMaterials/Substrate/Glints2/dict_0000_0193.uasset" 7140
"../../../Engine/Content/EngineMaterials/Substrate/Glints2/dict_0000_0182.uasset" 7141
"../../../Engine/Content/EngineMaterials/Substrate/Glints2/dict_0000_0173.uasset" 7142
"../../../Engine/Content/EngineMaterials/Substrate/Glints2/dict_0000_0186.uasset" 7143
"../../../Engine/Content/EngineMaterials/Substrate/Glints2/dict_0000_0189.uasset" 7144
"../../../Engine/Content/EngineMaterials/Substrate/Glints2/dict_0000_0181.uasset" 7145
"../../../Engine/Content/EngineMaterials/Substrate/Glints2/dict_0000_0184.uasset" 7146
"../../../Engine/Content/EngineMaterials/Substrate/Glints2/dict_0000_0195.uasset" 7147
"../../../Engine/Content/EngineMaterials/Substrate/Glints2/dict_0000_0198.uasset" 7148
"../../../Engine/Content/EngineMaterials/Substrate/Glints2/dict_0000_0185.uasset" 7149
"../../../Engine/Content/EngineMaterials/Substrate/Glints2/dict_0000_0183.uasset" 7150
"../../../Engine/Content/EngineMaterials/Substrate/Glints2/dict_0000_0194.uasset" 7151
"../../../Engine/Content/EngineMaterials/Substrate/Glints2/dict_0000_0188.uasset" 7152
"../../../Engine/Content/EngineMaterials/Substrate/Glints2/dict_0000_0192.uasset" 7153
"../../../Engine/Content/EngineMaterials/Substrate/Glints2/dict_0000_0197.uasset" 7154
"../../../Engine/Content/EngineMaterials/Substrate/Glints2/dict_0000_0177.uasset" 7155
"../../../Engine/Content/EngineMaterials/Substrate/Glints2/dict_0000_0180.uasset" 7156
"../../../Engine/Content/EngineMaterials/Substrate/Glints2/dict_0000_0190.uasset" 7157
"../../../Engine/Content/EngineMaterials/Substrate/Glints2/dict_0000_0196.uasset" 7158
"../../../Engine/Content/EngineMaterials/Substrate/Glints2/dict_0000_0187.uasset" 7159
"../../../Engine/Content/EngineMaterials/Substrate/Glints2/dict_0000_0191.uasset" 7160
"/Engine/EngineMaterials/Substrate/Glints2/dict_0000_0194" 7161
"/Engine/EngineMaterials/Substrate/Glints2/dict_0000_0193" 7162
"/Engine/EngineMaterials/Substrate/Glints2/dict_0000_0198" 7163
"/Engine/EngineMaterials/Substrate/Glints2/dict_0000_0192" 7164
"/Engine/EngineMaterials/Substrate/Glints2/dict_0000_0191" 7165
"/Engine/EngineMaterials/Substrate/Glints2/dict_0000_0197" 7166
"/Engine/EngineMaterials/Substrate/Glints2/dict_0000_0190" 7167
"/Engine/EngineMaterials/Substrate/Glints2/dict_0000_0196" 7168
"/Engine/EngineMaterials/Substrate/Glints2/dict_0000_0189" 7169
"/Engine/EngineMaterials/Substrate/Glints2/dict_0000_0188" 7170
"/Engine/EngineMaterials/Substrate/Glints2/dict_0000_0187" 7171
"/Engine/EngineMaterials/Substrate/Glints2/dict_0000_0186" 7172
"/Engine/EngineMaterials/Substrate/Glints2/dict_0000_0185" 7173
"/Engine/EngineMaterials/Substrate/Glints2/dict_0000_0184" 7174
"/Engine/EngineMaterials/Substrate/Glints2/dict_0000_0183" 7175
"/Engine/EngineMaterials/Substrate/Glints2/dict_0000_0182" 7176
"/Engine/EngineMaterials/Substrate/Glints2/dict_0000_0181" 7177
"/Engine/EngineMaterials/Substrate/Glints2/dict_0000_0180" 7178
"/Engine/EngineMaterials/Substrate/Glints2/dict_0000_0179" 7179
"/Engine/EngineMaterials/Substrate/Glints2/dict_0000_0178" 7180
"/Engine/EngineMaterials/Substrate/Glints2/dict_0000_0177" 7181
"/Engine/EngineMaterials/Substrate/Glints2/dict_0000_0176" 7182
"/Engine/EngineMaterials/Substrate/Glints2/dict_0000_0175" 7183
"/Engine/EngineMaterials/Substrate/Glints2/dict_0000_0174" 7184
"/Engine/EngineMaterials/Substrate/Glints2/dict_0000_0195" 7185
"/Engine/EngineMaterials/Substrate/Glints2/dict_0000_0173" 7186
"/Engine/EngineMaterials/Substrate/Glints2/dict_0000_0172" 7187
"/Engine/EngineMaterials/Substrate/Glints2/dict_0000_0171" 7188
"/Engine/EngineMaterials/Substrate/Glints2/dict_0000_0170" 7189
"/Engine/EngineMaterials/Substrate/Glints2/dict_0000_0169" 7190
"/Engine/EngineMaterials/Substrate/Glints2/dict_0000_0168" 7191
"/Engine/EngineMaterials/Substrate/Glints2/dict_0000_0167" 7192
"../../../Engine/Content/EngineMaterials/Substrate/Glints2/dict_0000_0200.uasset" 7193
"../../../Engine/Content/EngineMaterials/Substrate/Glints2/dict_0000_0201.uasset" 7194
"../../../Engine/Content/EngineMaterials/Substrate/Glints2/dict_0000_0199.uasset" 7195
"../../../Engine/Content/EngineMaterials/Substrate/Glints2/dict_0000_0203.uasset" 7196
"../../../Engine/Content/EngineMaterials/Substrate/Glints2/dict_0000_0206.uasset" 7197
"../../../Engine/Content/EngineMaterials/Substrate/Glints2/dict_0000_0218.uasset" 7198
"../../../Engine/Content/EngineMaterials/Substrate/Glints2/dict_0000_0208.uasset" 7199
"../../../Engine/Content/EngineMaterials/Substrate/Glints2/dict_0000_0212.uasset" 7200
"../../../Engine/Content/EngineMaterials/Substrate/Glints2/dict_0000_0209.uasset" 7201
"../../../Engine/Content/EngineMaterials/Substrate/Glints2/dict_0000_0216.uasset" 7202
"../../../Engine/Content/EngineMaterials/Substrate/Glints2/dict_0000_0217.uasset" 7203
"../../../Engine/Content/EngineMaterials/Substrate/Glints2/dict_0000_0207.uasset" 7204
"../../../Engine/Content/EngineMaterials/Substrate/Glints2/dict_0000_0202.uasset" 7205
"../../../Engine/Content/EngineMaterials/Substrate/Glints2/dict_0000_0222.uasset" 7206
"../../../Engine/Content/EngineMaterials/Substrate/Glints2/dict_0000_0224.uasset" 7207
"../../../Engine/Content/EngineMaterials/Substrate/Glints2/dict_0000_0227.uasset" 7208
"../../../Engine/Content/EngineMaterials/Substrate/Glints2/dict_0000_0228.uasset" 7209
"../../../Engine/Content/EngineMaterials/Substrate/Glints2/dict_0000_0213.uasset" 7210
"../../../Engine/Content/EngineMaterials/Substrate/Glints2/dict_0000_0211.uasset" 7211
"../../../Engine/Content/EngineMaterials/Substrate/Glints2/dict_0000_0214.uasset" 7212
"../../../Engine/Content/EngineMaterials/Substrate/Glints2/dict_0000_0204.uasset" 7213
"../../../Engine/Content/EngineMaterials/Substrate/Glints2/dict_0000_0221.uasset" 7214
"../../../Engine/Content/EngineMaterials/Substrate/Glints2/dict_0000_0220.uasset" 7215
"../../../Engine/Content/EngineMaterials/Substrate/Glints2/dict_0000_0225.uasset" 7216
"../../../Engine/Content/EngineMaterials/Substrate/Glints2/dict_0000_0205.uasset" 7217
"../../../Engine/Content/EngineMaterials/Substrate/Glints2/dict_0000_0230.uasset" 7218
"../../../Engine/Content/EngineMaterials/Substrate/Glints2/dict_0000_0210.uasset" 7219
"../../../Engine/Content/EngineMaterials/Substrate/Glints2/dict_0000_0215.uasset" 7220
"../../../Engine/Content/EngineMaterials/Substrate/Glints2/dict_0000_0223.uasset" 7221
"../../../Engine/Content/EngineMaterials/Substrate/Glints2/dict_0000_0229.uasset" 7222
"../../../Engine/Content/EngineMaterials/Substrate/Glints2/dict_0000_0226.uasset" 7223
"../../../Engine/Content/EngineMaterials/Substrate/Glints2/dict_0000_0219.uasset" 7224
"/Engine/EngineMaterials/Substrate/Glints2/dict_0000_0230" 7225
"/Engine/EngineMaterials/Substrate/Glints2/dict_0000_0229" 7226
"/Engine/EngineMaterials/Substrate/Glints2/dict_0000_0228" 7227
"/Engine/EngineMaterials/Substrate/Glints2/dict_0000_0227" 7228
"/Engine/EngineMaterials/Substrate/Glints2/dict_0000_0226" 7229
"/Engine/EngineMaterials/Substrate/Glints2/dict_0000_0225" 7230
"/Engine/EngineMaterials/Substrate/Glints2/dict_0000_0224" 7231
"/Engine/EngineMaterials/Substrate/Glints2/dict_0000_0223" 7232
"/Engine/EngineMaterials/Substrate/Glints2/dict_0000_0222" 7233
"/Engine/EngineMaterials/Substrate/Glints2/dict_0000_0221" 7234
"/Engine/EngineMaterials/Substrate/Glints2/dict_0000_0220" 7235
"/Engine/EngineMaterials/Substrate/Glints2/dict_0000_0219" 7236
"/Engine/EngineMaterials/Substrate/Glints2/dict_0000_0218" 7237
"/Engine/EngineMaterials/Substrate/Glints2/dict_0000_0217" 7238
"/Engine/EngineMaterials/Substrate/Glints2/dict_0000_0216" 7239
"/Engine/EngineMaterials/Substrate/Glints2/dict_0000_0215" 7240
"/Engine/EngineMaterials/Substrate/Glints2/dict_0000_0214" 7241
"/Engine/EngineMaterials/Substrate/Glints2/dict_0000_0213" 7242
"/Engine/EngineMaterials/Substrate/Glints2/dict_0000_0212" 7243
"/Engine/EngineMaterials/Substrate/Glints2/dict_0000_0211" 7244
"/Engine/EngineMaterials/Substrate/Glints2/dict_0000_0210" 7245
"/Engine/EngineMaterials/Substrate/Glints2/dict_0000_0209" 7246
"/Engine/EngineMaterials/Substrate/Glints2/dict_0000_0208" 7247
"/Engine/EngineMaterials/Substrate/Glints2/dict_0000_0207" 7248
"/Engine/EngineMaterials/Substrate/Glints2/dict_0000_0206" 7249
"/Engine/EngineMaterials/Substrate/Glints2/dict_0000_0205" 7250
"/Engine/EngineMaterials/Substrate/Glints2/dict_0000_0204" 7251
"/Engine/EngineMaterials/Substrate/Glints2/dict_0000_0203" 7252
"/Engine/EngineMaterials/Substrate/Glints2/dict_0000_0202" 7253
"/Engine/EngineMaterials/Substrate/Glints2/dict_0000_0201" 7254
"/Engine/EngineMaterials/Substrate/Glints2/dict_0000_0200" 7255
"/Engine/EngineMaterials/Substrate/Glints2/dict_0000_0199" 7256
"../../../Engine/Content/EngineMaterials/Substrate/Glints2/dict_0000_0239.uasset" 7257
"../../../Engine/Content/EngineMaterials/Substrate/Glints2/dict_0000_0237.uasset" 7258
"../../../Engine/Content/EngineMaterials/Substrate/Glints2/dict_0000_0231.uasset" 7259
"../../../Engine/Content/EngineMaterials/Substrate/Glints2/dict_0000_0233.uasset" 7260
"../../../Engine/Content/EngineMaterials/Substrate/Glints2/dict_0000_0250.uasset" 7261
"../../../Engine/Content/EngineMaterials/Substrate/Glints2/dict_0000_0235.uasset" 7262
"../../../Engine/Content/EngineMaterials/Substrate/Glints2/dict_0000_0244.uasset" 7263
"../../../Engine/Content/EngineMaterials/Substrate/Glints2/dict_0000_0240.uasset" 7264
"../../../Engine/Content/EngineMaterials/Substrate/Glints2/dict_0000_0236.uasset" 7265
"../../../Engine/Content/EngineMaterials/Substrate/Glints2/dict_0000_0232.uasset" 7266
"../../../Engine/Content/EngineMaterials/Substrate/Glints2/dict_0000_0248.uasset" 7267
"../../../Engine/Content/EngineMaterials/Substrate/Glints2/dict_0000_0246.uasset" 7268
"../../../Engine/Content/EngineMaterials/Substrate/Glints2/dict_0001_0000.uasset" 7269
"../../../Engine/Content/EngineMaterials/Substrate/Glints2/dict_0000_0255.uasset" 7270
"/Engine/EngineMaterials/Substrate/Glints2/dict_0001_0000" 7271
"../../../Engine/Content/EngineMaterials/Substrate/Glints2/dict_0001_0005.uasset" 7272
"/Engine/EngineMaterials/Substrate/Glints2/dict_0000_0255" 7273
"../../../Engine/Content/EngineMaterials/Substrate/Glints2/dict_0000_0247.uasset" 7274
"/Engine/EngineMaterials/Substrate/Glints2/dict_0000_0250" 7275
"../../../Engine/Content/EngineMaterials/Substrate/Glints2/dict_0000_0245.uasset" 7276
"/Engine/EngineMaterials/Substrate/Glints2/dict_0000_0248" 7277
"../../../Engine/Content/EngineMaterials/Substrate/Glints2/dict_0000_0238.uasset" 7278
"/Engine/EngineMaterials/Substrate/Glints2/dict_0000_0246" 7279
"/Engine/EngineMaterials/Substrate/Glints2/dict_0000_0244" 7280
"../../../Engine/Content/EngineMaterials/Substrate/Glints2/dict_0000_0234.uasset" 7281
"/Engine/EngineMaterials/Substrate/Glints2/dict_0000_0240" 7282
"/Engine/EngineMaterials/Substrate/Glints2/dict_0000_0239" 7283
"../../../Engine/Content/EngineMaterials/Substrate/Glints2/dict_0000_0249.uasset" 7284
"/Engine/EngineMaterials/Substrate/Glints2/dict_0000_0237" 7285
"../../../Engine/Content/EngineMaterials/Substrate/Glints2/dict_0001_0003.uasset" 7286
"/Engine/EngineMaterials/Substrate/Glints2/dict_0000_0236" 7287
"/Engine/EngineMaterials/Substrate/Glints2/dict_0000_0235" 7288
"../../../Engine/Content/EngineMaterials/Substrate/Glints2/dict_0001_0004.uasset" 7289
"/Engine/EngineMaterials/Substrate/Glints2/dict_0000_0233" 7290
"../../../Engine/Content/EngineMaterials/Substrate/Glints2/dict_0001_0002.uasset" 7291
"/Engine/EngineMaterials/Substrate/Glints2/dict_0000_0232" 7292
"/Engine/EngineMaterials/Substrate/Glints2/dict_0000_0231" 7293
"../../../Engine/Content/EngineMaterials/Substrate/Glints2/dict_0000_0241.uasset" 7294
"../../../Engine/Content/EngineMaterials/Substrate/Glints2/dict_0000_0242.uasset" 7295
"/Engine/EngineMaterials/Substrate/Glints2/dict_0001_0005" 7296
"/Engine/EngineMaterials/Substrate/Glints2/dict_0001_0004" 7297
"../../../Engine/Content/EngineMaterials/Substrate/Glints2/dict_0000_0243.uasset" 7298
"/Engine/EngineMaterials/Substrate/Glints2/dict_0001_0003" 7299
"../../../Engine/Content/EngineMaterials/Substrate/Glints2/dict_0000_0253.uasset" 7300
"/Engine/EngineMaterials/Substrate/Glints2/dict_0001_0002" 7301
"../../../Engine/Content/EngineMaterials/Substrate/Glints2/dict_0000_0251.uasset" 7302
"/Engine/EngineMaterials/Substrate/Glints2/dict_0000_0249" 7303
"../../../Engine/Content/EngineMaterials/Substrate/Glints2/dict_0001_0001.uasset" 7304
"/Engine/EngineMaterials/Substrate/Glints2/dict_0000_0247" 7305
"/Engine/EngineMaterials/Substrate/Glints2/dict_0000_0245" 7306
"../../../Engine/Content/EngineMaterials/Substrate/Glints2/dict_0000_0252.uasset" 7307
"/Engine/EngineMaterials/Substrate/Glints2/dict_0000_0242" 7308
"/Engine/EngineMaterials/Substrate/Glints2/dict_0000_0241" 7309
"../../../Engine/Content/EngineMaterials/Substrate/Glints2/dict_0001_0006.uasset" 7310
"/Engine/EngineMaterials/Substrate/Glints2/dict_0000_0238" 7311
"/Engine/EngineMaterials/Substrate/Glints2/dict_0000_0234" 7312
"../../../Engine/Content/EngineMaterials/Substrate/Glints2/dict_0001_0013.uasset" 7313
"/Engine/EngineMaterials/Substrate/Glints2/dict_0001_0006" 7314
"../../../Engine/Content/EngineMaterials/Substrate/Glints2/dict_0001_0010.uasset" 7315
"/Engine/EngineMaterials/Substrate/Glints2/dict_0001_0001" 7316
"../../../Engine/Content/EngineMaterials/Substrate/Glints2/dict_0001_0016.uasset" 7317
"/Engine/EngineMaterials/Substrate/Glints2/dict_0000_0253" 7318
"../../../Engine/Content/EngineMaterials/Substrate/Glints2/dict_0001_0012.uasset" 7319
"/Engine/EngineMaterials/Substrate/Glints2/dict_0000_0252" 7320
"/Engine/EngineMaterials/Substrate/Glints2/dict_0000_0251" 7321
"../../../Engine/Content/EngineMaterials/Substrate/Glints2/dict_0001_0015.uasset" 7322
"/Engine/EngineMaterials/Substrate/Glints2/dict_0000_0243" 7323
"/Engine/EngineMaterials/Substrate/Glints2/dict_0001_0013" 7324
"../../../Engine/Content/EngineMaterials/Substrate/Glints2/dict_0001_0009.uasset" 7325
"/Engine/EngineMaterials/Substrate/Glints2/dict_0001_0016" 7326
"/Engine/EngineMaterials/Substrate/Glints2/dict_0001_0015" 7327
"../../../Engine/Content/EngineMaterials/Substrate/Glints2/dict_0001_0019.uasset" 7328
"/Engine/EngineMaterials/Substrate/Glints2/dict_0001_0012" 7329
"/Engine/EngineMaterials/Substrate/Glints2/dict_0001_0010" 7330
"../../../Engine/Content/EngineMaterials/Substrate/Glints2/dict_0001_0020.uasset" 7331
"/Engine/EngineMaterials/Substrate/Glints2/dict_0001_0009" 7332
"../../../Engine/Content/EngineMaterials/Substrate/Glints2/dict_0000_0254.uasset" 7333
"/Engine/EngineMaterials/Substrate/Glints2/dict_0001_0020" 7334
"/Engine/EngineMaterials/Substrate/Glints2/dict_0001_0019" 7335
"/Engine/EngineMaterials/Substrate/Glints2/dict_0000_0254" 7336
"../../../Engine/Content/EngineMaterials/Substrate/Glints2/dict_0001_0022.uasset" 7337
"/Engine/EngineMaterials/Substrate/Glints2/dict_0001_0022" 7338
"../../../Engine/Content/EngineMaterials/Substrate/Glints2/dict_0001_0021.uasset" 7339
"/Engine/EngineMaterials/Substrate/Glints2/dict_0001_0021" 7340
"../../../Engine/Content/EngineMaterials/Substrate/Glints2/dict_0001_0030.uasset" 7341
"../../../Engine/Content/EngineMaterials/Substrate/Glints2/dict_0001_0027.uasset" 7342
"../../../Engine/Content/EngineMaterials/Substrate/Glints2/dict_0001_0014.uasset" 7343
"../../../Engine/Content/EngineMaterials/Substrate/Glints2/dict_0001_0029.uasset" 7344
"../../../Engine/Content/EngineMaterials/Substrate/Glints2/dict_0001_0017.uasset" 7345
"../../../Engine/Content/EngineMaterials/Substrate/Glints2/dict_0001_0033.uasset" 7346
"../../../Engine/Content/EngineMaterials/Substrate/Glints2/dict_0001_0038.uasset" 7347
"../../../Engine/Content/EngineMaterials/Substrate/Glints2/dict_0001_0037.uasset" 7348
"../../../Engine/Content/EngineMaterials/Substrate/Glints2/dict_0001_0036.uasset" 7349
"../../../Engine/Content/EngineMaterials/Substrate/Glints2/dict_0001_0024.uasset" 7350
"../../../Engine/Content/EngineMaterials/Substrate/Glints2/dict_0001_0041.uasset" 7351
"../../../Engine/Content/EngineMaterials/Substrate/Glints2/dict_0001_0042.uasset" 7352
"../../../Engine/Content/EngineMaterials/Substrate/Glints2/dict_0001_0040.uasset" 7353
"../../../Engine/Content/EngineMaterials/Substrate/Glints2/dict_0001_0044.uasset" 7354
"../../../Engine/Content/EngineMaterials/Substrate/Glints2/dict_0001_0023.uasset" 7355
"../../../Engine/Content/EngineMaterials/Substrate/Glints2/dict_0001_0047.uasset" 7356
"../../../Engine/Content/EngineMaterials/Substrate/Glints2/dict_0001_0048.uasset" 7357
"../../../Engine/Content/EngineMaterials/Substrate/Glints2/dict_0001_0011.uasset" 7358
"../../../Engine/Content/EngineMaterials/Substrate/Glints2/dict_0001_0008.uasset" 7359
"../../../Engine/Content/EngineMaterials/Substrate/Glints2/dict_0001_0032.uasset" 7360
"../../../Engine/Content/EngineMaterials/Substrate/Glints2/dict_0001_0026.uasset" 7361
"../../../Engine/Content/EngineMaterials/Substrate/Glints2/dict_0001_0043.uasset" 7362
"../../../Engine/Content/EngineMaterials/Substrate/Glints2/dict_0001_0046.uasset" 7363
"../../../Engine/Content/EngineMaterials/Substrate/Glints2/dict_0001_0028.uasset" 7364
"../../../Engine/Content/EngineMaterials/Substrate/Glints2/dict_0001_0007.uasset" 7365
"../../../Engine/Content/EngineMaterials/Substrate/Glints2/dict_0001_0018.uasset" 7366
"../../../Engine/Content/EngineMaterials/Substrate/Glints2/dict_0001_0034.uasset" 7367
"../../../Engine/Content/EngineMaterials/Substrate/Glints2/dict_0001_0025.uasset" 7368
"../../../Engine/Content/EngineMaterials/Substrate/Glints2/dict_0001_0045.uasset" 7369
"../../../Engine/Content/EngineMaterials/Substrate/Glints2/dict_0001_0031.uasset" 7370
"../../../Engine/Content/EngineMaterials/Substrate/Glints2/dict_0001_0035.uasset" 7371
"../../../Engine/Content/EngineMaterials/Substrate/Glints2/dict_0001_0039.uasset" 7372
"/Engine/EngineMaterials/Substrate/Glints2/dict_0001_0038" 7373
"/Engine/EngineMaterials/Substrate/Glints2/dict_0001_0031" 7374
"/Engine/EngineMaterials/Substrate/Glints2/dict_0001_0030" 7375
"/Engine/EngineMaterials/Substrate/Glints2/dict_0001_0029" 7376
"/Engine/EngineMaterials/Substrate/Glints2/dict_0001_0028" 7377
"/Engine/EngineMaterials/Substrate/Glints2/dict_0001_0037" 7378
"/Engine/EngineMaterials/Substrate/Glints2/dict_0001_0046" 7379
"/Engine/EngineMaterials/Substrate/Glints2/dict_0001_0045" 7380
"/Engine/EngineMaterials/Substrate/Glints2/dict_0001_0044" 7381
"/Engine/EngineMaterials/Substrate/Glints2/dict_0001_0036" 7382
"/Engine/EngineMaterials/Substrate/Glints2/dict_0001_0035" 7383
"/Engine/EngineMaterials/Substrate/Glints2/dict_0001_0034" 7384
"/Engine/EngineMaterials/Substrate/Glints2/dict_0001_0018" 7385
"/Engine/EngineMaterials/Substrate/Glints2/dict_0001_0027" 7386
"/Engine/EngineMaterials/Substrate/Glints2/dict_0001_0017" 7387
"/Engine/EngineMaterials/Substrate/Glints2/dict_0001_0026" 7388
"/Engine/EngineMaterials/Substrate/Glints2/dict_0001_0043" 7389
"/Engine/EngineMaterials/Substrate/Glints2/dict_0001_0025" 7390
"/Engine/EngineMaterials/Substrate/Glints2/dict_0001_0042" 7391
"/Engine/EngineMaterials/Substrate/Glints2/dict_0001_0033" 7392
"/Engine/EngineMaterials/Substrate/Glints2/dict_0001_0024" 7393
"/Engine/EngineMaterials/Substrate/Glints2/dict_0001_0023" 7394
"/Engine/EngineMaterials/Substrate/Glints2/dict_0001_0014" 7395
"/Engine/EngineMaterials/Substrate/Glints2/dict_0001_0032" 7396
"/Engine/EngineMaterials/Substrate/Glints2/dict_0001_0047" 7397
"/Engine/EngineMaterials/Substrate/Glints2/dict_0001_0041" 7398
"/Engine/EngineMaterials/Substrate/Glints2/dict_0001_0011" 7399
"/Engine/EngineMaterials/Substrate/Glints2/dict_0001_0040" 7400
"/Engine/EngineMaterials/Substrate/Glints2/dict_0001_0048" 7401
"/Engine/EngineMaterials/Substrate/Glints2/dict_0001_0039" 7402
"/Engine/EngineMaterials/Substrate/Glints2/dict_0001_0008" 7403
"/Engine/EngineMaterials/Substrate/Glints2/dict_0001_0007" 7404
"../../../Engine/Content/EngineMaterials/Substrate/Glints2/dict_0001_0049.uasset" 7405
"../../../Engine/Content/EngineMaterials/Substrate/Glints2/dict_0001_0063.uasset" 7406
"../../../Engine/Content/EngineMaterials/Substrate/Glints2/dict_0001_0056.uasset" 7407
"../../../Engine/Content/EngineMaterials/Substrate/Glints2/dict_0001_0060.uasset" 7408
"../../../Engine/Content/EngineMaterials/Substrate/Glints2/dict_0001_0053.uasset" 7409
"../../../Engine/Content/EngineMaterials/Substrate/Glints2/dict_0001_0052.uasset" 7410
"../../../Engine/Content/EngineMaterials/Substrate/Glints2/dict_0001_0066.uasset" 7411
"../../../Engine/Content/EngineMaterials/Substrate/Glints2/dict_0001_0050.uasset" 7412
"../../../Engine/Content/EngineMaterials/Substrate/Glints2/dict_0001_0067.uasset" 7413
"../../../Engine/Content/EngineMaterials/Substrate/Glints2/dict_0001_0064.uasset" 7414
"../../../Engine/Content/EngineMaterials/Substrate/Glints2/dict_0001_0058.uasset" 7415
"../../../Engine/Content/EngineMaterials/Substrate/Glints2/dict_0001_0068.uasset" 7416
"../../../Engine/Content/EngineMaterials/Substrate/Glints2/dict_0001_0065.uasset" 7417
"../../../Engine/Content/EngineMaterials/Substrate/Glints2/dict_0001_0072.uasset" 7418
"../../../Engine/Content/EngineMaterials/Substrate/Glints2/dict_0001_0074.uasset" 7419
"../../../Engine/Content/EngineMaterials/Substrate/Glints2/dict_0001_0077.uasset" 7420
"../../../Engine/Content/EngineMaterials/Substrate/Glints2/dict_0001_0075.uasset" 7421
"../../../Engine/Content/EngineMaterials/Substrate/Glints2/dict_0001_0055.uasset" 7422
"../../../Engine/Content/EngineMaterials/Substrate/Glints2/dict_0001_0059.uasset" 7423
"../../../Engine/Content/EngineMaterials/Substrate/Glints2/dict_0001_0057.uasset" 7424
"../../../Engine/Content/EngineMaterials/Substrate/Glints2/dict_0001_0051.uasset" 7425
"../../../Engine/Content/EngineMaterials/Substrate/Glints2/dict_0001_0073.uasset" 7426
"../../../Engine/Content/EngineMaterials/Substrate/Glints2/dict_0001_0078.uasset" 7427
"../../../Engine/Content/EngineMaterials/Substrate/Glints2/dict_0001_0080.uasset" 7428
"../../../Engine/Content/EngineMaterials/Substrate/Glints2/dict_0001_0069.uasset" 7429
"../../../Engine/Content/EngineMaterials/Substrate/Glints2/dict_0001_0062.uasset" 7430
"../../../Engine/Content/EngineMaterials/Substrate/Glints2/dict_0001_0054.uasset" 7431
"../../../Engine/Content/EngineMaterials/Substrate/Glints2/dict_0001_0070.uasset" 7432
"../../../Engine/Content/EngineMaterials/Substrate/Glints2/dict_0001_0071.uasset" 7433
"../../../Engine/Content/EngineMaterials/Substrate/Glints2/dict_0001_0076.uasset" 7434
"../../../Engine/Content/EngineMaterials/Substrate/Glints2/dict_0001_0079.uasset" 7435
"../../../Engine/Content/EngineMaterials/Substrate/Glints2/dict_0001_0061.uasset" 7436
"/Engine/EngineMaterials/Substrate/Glints2/dict_0001_0080" 7437
"/Engine/EngineMaterials/Substrate/Glints2/dict_0001_0079" 7438
"/Engine/EngineMaterials/Substrate/Glints2/dict_0001_0078" 7439
"/Engine/EngineMaterials/Substrate/Glints2/dict_0001_0077" 7440
"/Engine/EngineMaterials/Substrate/Glints2/dict_0001_0076" 7441
"/Engine/EngineMaterials/Substrate/Glints2/dict_0001_0075" 7442
"/Engine/EngineMaterials/Substrate/Glints2/dict_0001_0074" 7443
"/Engine/EngineMaterials/Substrate/Glints2/dict_0001_0073" 7444
"/Engine/EngineMaterials/Substrate/Glints2/dict_0001_0072" 7445
"/Engine/EngineMaterials/Substrate/Glints2/dict_0001_0071" 7446
"/Engine/EngineMaterials/Substrate/Glints2/dict_0001_0070" 7447
"/Engine/EngineMaterials/Substrate/Glints2/dict_0001_0069" 7448
"/Engine/EngineMaterials/Substrate/Glints2/dict_0001_0068" 7449
"/Engine/EngineMaterials/Substrate/Glints2/dict_0001_0067" 7450
"/Engine/EngineMaterials/Substrate/Glints2/dict_0001_0066" 7451
"/Engine/EngineMaterials/Substrate/Glints2/dict_0001_0065" 7452
"/Engine/EngineMaterials/Substrate/Glints2/dict_0001_0064" 7453
"/Engine/EngineMaterials/Substrate/Glints2/dict_0001_0063" 7454
"/Engine/EngineMaterials/Substrate/Glints2/dict_0001_0062" 7455
"/Engine/EngineMaterials/Substrate/Glints2/dict_0001_0061" 7456
"/Engine/EngineMaterials/Substrate/Glints2/dict_0001_0060" 7457
"/Engine/EngineMaterials/Substrate/Glints2/dict_0001_0059" 7458
"/Engine/EngineMaterials/Substrate/Glints2/dict_0001_0058" 7459
"/Engine/EngineMaterials/Substrate/Glints2/dict_0001_0057" 7460
"/Engine/EngineMaterials/Substrate/Glints2/dict_0001_0056" 7461
"/Engine/EngineMaterials/Substrate/Glints2/dict_0001_0055" 7462
"/Engine/EngineMaterials/Substrate/Glints2/dict_0001_0054" 7463
"/Engine/EngineMaterials/Substrate/Glints2/dict_0001_0053" 7464
"/Engine/EngineMaterials/Substrate/Glints2/dict_0001_0052" 7465
"/Engine/EngineMaterials/Substrate/Glints2/dict_0001_0051" 7466
"/Engine/EngineMaterials/Substrate/Glints2/dict_0001_0050" 7467
"/Engine/EngineMaterials/Substrate/Glints2/dict_0001_0049" 7468
"../../../Engine/Content/EngineMaterials/Substrate/Glints2/dict_0001_0083.uasset" 7469
"../../../Engine/Content/EngineMaterials/Substrate/Glints2/dict_0001_0082.uasset" 7470
"../../../Engine/Content/EngineMaterials/Substrate/Glints2/dict_0001_0085.uasset" 7471
"../../../Engine/Content/EngineMaterials/Substrate/Glints2/dict_0001_0084.uasset" 7472
"../../../Engine/Content/EngineMaterials/Substrate/Glints2/dict_0001_0094.uasset" 7473
"../../../Engine/Content/EngineMaterials/Substrate/Glints2/dict_0001_0081.uasset" 7474
"../../../Engine/Content/EngineMaterials/Substrate/Glints2/dict_0001_0098.uasset" 7475
"../../../Engine/Content/EngineMaterials/Substrate/Glints2/dict_0001_0086.uasset" 7476
"../../../Engine/Content/EngineMaterials/Substrate/Glints2/dict_0001_0101.uasset" 7477
"../../../Engine/Content/EngineMaterials/Substrate/Glints2/dict_0001_0100.uasset" 7478
"../../../Engine/Content/EngineMaterials/Substrate/Glints2/dict_0001_0093.uasset" 7479
"../../../Engine/Content/EngineMaterials/Substrate/Glints2/dict_0001_0088.uasset" 7480
"../../../Engine/Content/EngineMaterials/Substrate/Glints2/dict_0001_0103.uasset" 7481
"../../../Engine/Content/EngineMaterials/Substrate/Glints2/dict_0001_0102.uasset" 7482
"../../../Engine/Content/EngineMaterials/Substrate/Glints2/dict_0001_0105.uasset" 7483
"../../../Engine/Content/EngineMaterials/Substrate/Glints2/dict_0001_0097.uasset" 7484
"../../../Engine/Content/EngineMaterials/Substrate/Glints2/dict_0001_0107.uasset" 7485
"../../../Engine/Content/EngineMaterials/Substrate/Glints2/dict_0001_0099.uasset" 7486
"../../../Engine/Content/EngineMaterials/Substrate/Glints2/dict_0001_0108.uasset" 7487
"../../../Engine/Content/EngineMaterials/Substrate/Glints2/dict_0001_0111.uasset" 7488
"../../../Engine/Content/EngineMaterials/Substrate/Glints2/dict_0001_0089.uasset" 7489
"../../../Engine/Content/EngineMaterials/Substrate/Glints2/dict_0001_0090.uasset" 7490
"../../../Engine/Content/EngineMaterials/Substrate/Glints2/dict_0001_0087.uasset" 7491
"../../../Engine/Content/EngineMaterials/Substrate/Glints2/dict_0001_0104.uasset" 7492
"../../../Engine/Content/EngineMaterials/Substrate/Glints2/dict_0001_0096.uasset" 7493
"../../../Engine/Content/EngineMaterials/Substrate/Glints2/dict_0001_0109.uasset" 7494
"../../../Engine/Content/EngineMaterials/Substrate/Glints2/dict_0001_0095.uasset" 7495
"../../../Engine/Content/EngineMaterials/Substrate/Glints2/dict_0001_0091.uasset" 7496
"../../../Engine/Content/EngineMaterials/Substrate/Glints2/dict_0001_0092.uasset" 7497
"../../../Engine/Content/EngineMaterials/Substrate/Glints2/dict_0001_0112.uasset" 7498
"../../../Engine/Content/EngineMaterials/Substrate/Glints2/dict_0001_0110.uasset" 7499
"/Engine/EngineMaterials/Substrate/Glints2/dict_0001_0112" 7500
"../../../Engine/Content/EngineMaterials/Substrate/Glints2/dict_0001_0106.uasset" 7501
"/Engine/EngineMaterials/Substrate/Glints2/dict_0001_0111" 7502
"/Engine/EngineMaterials/Substrate/Glints2/dict_0001_0109" 7503
"/Engine/EngineMaterials/Substrate/Glints2/dict_0001_0108" 7504
"/Engine/EngineMaterials/Substrate/Glints2/dict_0001_0107" 7505
"/Engine/EngineMaterials/Substrate/Glints2/dict_0001_0105" 7506
"/Engine/EngineMaterials/Substrate/Glints2/dict_0001_0104" 7507
"/Engine/EngineMaterials/Substrate/Glints2/dict_0001_0103" 7508
"/Engine/EngineMaterials/Substrate/Glints2/dict_0001_0102" 7509
"/Engine/EngineMaterials/Substrate/Glints2/dict_0001_0101" 7510
"/Engine/EngineMaterials/Substrate/Glints2/dict_0001_0100" 7511
"/Engine/EngineMaterials/Substrate/Glints2/dict_0001_0099" 7512
"/Engine/EngineMaterials/Substrate/Glints2/dict_0001_0098" 7513
"/Engine/EngineMaterials/Substrate/Glints2/dict_0001_0097" 7514
"/Engine/EngineMaterials/Substrate/Glints2/dict_0001_0096" 7515
"/Engine/EngineMaterials/Substrate/Glints2/dict_0001_0095" 7516
"/Engine/EngineMaterials/Substrate/Glints2/dict_0001_0094" 7517
"/Engine/EngineMaterials/Substrate/Glints2/dict_0001_0093" 7518
"/Engine/EngineMaterials/Substrate/Glints2/dict_0001_0092" 7519
"/Engine/EngineMaterials/Substrate/Glints2/dict_0001_0091" 7520
"/Engine/EngineMaterials/Substrate/Glints2/dict_0001_0090" 7521
"/Engine/EngineMaterials/Substrate/Glints2/dict_0001_0089" 7522
"/Engine/EngineMaterials/Substrate/Glints2/dict_0001_0088" 7523
"/Engine/EngineMaterials/Substrate/Glints2/dict_0001_0087" 7524
"/Engine/EngineMaterials/Substrate/Glints2/dict_0001_0086" 7525
"/Engine/EngineMaterials/Substrate/Glints2/dict_0001_0085" 7526
"/Engine/EngineMaterials/Substrate/Glints2/dict_0001_0084" 7527
"/Engine/EngineMaterials/Substrate/Glints2/dict_0001_0083" 7528
"/Engine/EngineMaterials/Substrate/Glints2/dict_0001_0082" 7529
"/Engine/EngineMaterials/Substrate/Glints2/dict_0001_0081" 7530
"/Engine/EngineMaterials/Substrate/Glints2/dict_0001_0110" 7531
"/Engine/EngineMaterials/Substrate/Glints2/dict_0001_0106" 7532
"../../../Engine/Content/EngineMaterials/Substrate/Glints2/dict_0001_0113.uasset" 7533
"../../../Engine/Content/EngineMaterials/Substrate/Glints2/dict_0001_0115.uasset" 7534
"../../../Engine/Content/EngineMaterials/Substrate/Glints2/dict_0001_0116.uasset" 7535
"../../../Engine/Content/EngineMaterials/Substrate/Glints2/dict_0001_0114.uasset" 7536
"../../../Engine/Content/EngineMaterials/Substrate/Glints2/dict_0001_0117.uasset" 7537
"../../../Engine/Content/EngineMaterials/Substrate/Glints2/dict_0001_0118.uasset" 7538
"../../../Engine/Content/EngineMaterials/Substrate/Glints2/dict_0001_0119.uasset" 7539
"../../../Engine/Content/EngineMaterials/Substrate/Glints2/dict_0001_0128.uasset" 7540
"../../../Engine/Content/EngineMaterials/Substrate/Glints2/dict_0001_0134.uasset" 7541
"../../../Engine/Content/EngineMaterials/Substrate/Glints2/dict_0001_0131.uasset" 7542
"../../../Engine/Content/EngineMaterials/Substrate/Glints2/dict_0001_0125.uasset" 7543
"../../../Engine/Content/EngineMaterials/Substrate/Glints2/dict_0001_0132.uasset" 7544
"../../../Engine/Content/EngineMaterials/Substrate/Glints2/dict_0001_0130.uasset" 7545
"../../../Engine/Content/EngineMaterials/Substrate/Glints2/dict_0001_0144.uasset" 7546
"../../../Engine/Content/EngineMaterials/Substrate/Glints2/dict_0001_0139.uasset" 7547
"../../../Engine/Content/EngineMaterials/Substrate/Glints2/dict_0001_0129.uasset" 7548
"/Engine/EngineMaterials/Substrate/Glints2/dict_0001_0144" 7549
"../../../Engine/Content/EngineMaterials/Substrate/Glints2/dict_0001_0142.uasset" 7550
"/Engine/EngineMaterials/Substrate/Glints2/dict_0001_0139" 7551
"/Engine/EngineMaterials/Substrate/Glints2/dict_0001_0134" 7552
"/Engine/EngineMaterials/Substrate/Glints2/dict_0001_0132" 7553
"../../../Engine/Content/EngineMaterials/Substrate/Glints2/dict_0001_0141.uasset" 7554
"/Engine/EngineMaterials/Substrate/Glints2/dict_0001_0131" 7555
"/Engine/EngineMaterials/Substrate/Glints2/dict_0001_0130" 7556
"/Engine/EngineMaterials/Substrate/Glints2/dict_0001_0129" 7557
"../../../Engine/Content/EngineMaterials/Substrate/Glints2/dict_0001_0138.uasset" 7558
"/Engine/EngineMaterials/Substrate/Glints2/dict_0001_0128" 7559
"/Engine/EngineMaterials/Substrate/Glints2/dict_0001_0125" 7560
"/Engine/EngineMaterials/Substrate/Glints2/dict_0001_0119" 7561
"../../../Engine/Content/EngineMaterials/Substrate/Glints2/dict_0001_0143.uasset" 7562
"/Engine/EngineMaterials/Substrate/Glints2/dict_0001_0118" 7563
"/Engine/EngineMaterials/Substrate/Glints2/dict_0001_0117" 7564
"../../../Engine/Content/EngineMaterials/Substrate/Glints2/dict_0001_0124.uasset" 7565
"/Engine/EngineMaterials/Substrate/Glints2/dict_0001_0116" 7566
"/Engine/EngineMaterials/Substrate/Glints2/dict_0001_0115" 7567
"../../../Engine/Content/EngineMaterials/Substrate/Glints2/dict_0001_0127.uasset" 7568
"/Engine/EngineMaterials/Substrate/Glints2/dict_0001_0114" 7569
"/Engine/EngineMaterials/Substrate/Glints2/dict_0001_0113" 7570
"../../../Engine/Content/EngineMaterials/Substrate/Glints2/dict_0001_0136.uasset" 7571
"/Engine/EngineMaterials/Substrate/Glints2/dict_0001_0142" 7572
"/Engine/EngineMaterials/Substrate/Glints2/dict_0001_0141" 7573
"../../../Engine/Content/EngineMaterials/Substrate/Glints2/dict_0001_0137.uasset" 7574
"../../../Engine/Content/EngineMaterials/Substrate/Glints2/dict_0001_0140.uasset" 7575
"/Engine/EngineMaterials/Substrate/Glints2/dict_0001_0138" 7576
"/Engine/EngineMaterials/Substrate/Glints2/dict_0001_0143" 7577
"../../../Engine/Content/EngineMaterials/Substrate/Glints2/dict_0001_0120.uasset" 7578
"/Engine/EngineMaterials/Substrate/Glints2/dict_0001_0127" 7579
"/Engine/EngineMaterials/Substrate/Glints2/dict_0001_0124" 7580
"../../../Engine/Content/EngineMaterials/Substrate/Glints2/dict_0001_0123.uasset" 7581
"/Engine/EngineMaterials/Substrate/Glints2/dict_0001_0140" 7582
"../../../Engine/Content/EngineMaterials/Substrate/Glints2/dict_0001_0133.uasset" 7583
"/Engine/EngineMaterials/Substrate/Glints2/dict_0001_0137" 7584
"../../../Engine/Content/EngineMaterials/Substrate/Glints2/dict_0001_0135.uasset" 7585
"/Engine/EngineMaterials/Substrate/Glints2/dict_0001_0136" 7586
"/Engine/EngineMaterials/Substrate/Glints2/dict_0001_0123" 7587
"/Engine/EngineMaterials/Substrate/Glints2/dict_0001_0120" 7588
"../../../Engine/Content/EngineMaterials/Substrate/Glints2/dict_0001_0121.uasset" 7589
"/Engine/EngineMaterials/Substrate/Glints2/dict_0001_0135" 7590
"/Engine/EngineMaterials/Substrate/Glints2/dict_0001_0133" 7591
"../../../Engine/Content/EngineMaterials/Substrate/Glints2/dict_0001_0145.uasset" 7592
"/Engine/EngineMaterials/Substrate/Glints2/dict_0001_0121" 7593
"/Engine/EngineMaterials/Substrate/Glints2/dict_0001_0145" 7594
"../../../Engine/Content/EngineMaterials/Substrate/Glints2/dict_0001_0148.uasset" 7595
"/Engine/EngineMaterials/Substrate/Glints2/dict_0001_0148" 7596
"../../../Engine/Content/EngineMaterials/Substrate/Glints2/dict_0001_0157.uasset" 7597
"/Engine/EngineMaterials/Substrate/Glints2/dict_0001_0157" 7598
"../../../Engine/Content/EngineMaterials/Substrate/Glints2/dict_0001_0147.uasset" 7599
"../../../Engine/Content/EngineMaterials/Substrate/Glints2/dict_0001_0161.uasset" 7600
"/Engine/EngineMaterials/Substrate/Glints2/dict_0001_0147" 7601
"/Engine/EngineMaterials/Substrate/Glints2/dict_0001_0161" 7602
"../../../Engine/Content/EngineMaterials/Substrate/Glints2/dict_0001_0158.uasset" 7603
"../../../Engine/Content/EngineMaterials/Substrate/Glints2/dict_0001_0146.uasset" 7604
"/Engine/EngineMaterials/Substrate/Glints2/dict_0001_0158" 7605
"../../../Engine/Content/EngineMaterials/Substrate/Glints2/dict_0001_0176.uasset" 7606
"/Engine/EngineMaterials/Substrate/Glints2/dict_0001_0146" 7607
"/Engine/EngineMaterials/Substrate/Glints2/dict_0001_0176" 7608
"../../../Engine/Content/EngineMaterials/Substrate/Glints2/dict_0001_0160.uasset" 7609
"/Engine/EngineMaterials/Substrate/Glints2/dict_0001_0160" 7610
"../../../Engine/Content/EngineMaterials/Substrate/Glints2/dict_0001_0149.uasset" 7611
"/Engine/EngineMaterials/Substrate/Glints2/dict_0001_0149" 7612
"../../../Engine/Content/EngineMaterials/Substrate/Glints2/dict_0001_0150.uasset" 7613
"/Engine/EngineMaterials/Substrate/Glints2/dict_0001_0150" 7614
"../../../Engine/Content/EngineMaterials/Substrate/Glints2/dict_0001_0153.uasset" 7615
"../../../Engine/Content/EngineMaterials/Substrate/Glints2/dict_0001_0166.uasset" 7616
"../../../Engine/Content/EngineMaterials/Substrate/Glints2/dict_0001_0164.uasset" 7617
"../../../Engine/Content/EngineMaterials/Substrate/Glints2/dict_0001_0156.uasset" 7618
"../../../Engine/Content/EngineMaterials/Substrate/Glints2/dict_0001_0170.uasset" 7619
"../../../Engine/Content/EngineMaterials/Substrate/Glints2/dict_0001_0151.uasset" 7620
"../../../Engine/Content/EngineMaterials/Substrate/Glints2/dict_0001_0173.uasset" 7621
"../../../Engine/Content/EngineMaterials/Substrate/Glints2/dict_0001_0169.uasset" 7622
"../../../Engine/Content/EngineMaterials/Substrate/Glints2/dict_0001_0177.uasset" 7623
"../../../Engine/Content/EngineMaterials/Substrate/Glints2/dict_0001_0159.uasset" 7624
"../../../Engine/Content/EngineMaterials/Substrate/Glints2/dict_0001_0178.uasset" 7625
"../../../Engine/Content/EngineMaterials/Substrate/Glints2/dict_0001_0179.uasset" 7626
"../../../Engine/Content/EngineMaterials/Substrate/Glints2/dict_0001_0155.uasset" 7627
"../../../Engine/Content/EngineMaterials/Substrate/Glints2/dict_0001_0180.uasset" 7628
"../../../Engine/Content/EngineMaterials/Substrate/Glints2/dict_0001_0181.uasset" 7629
"../../../Engine/Content/EngineMaterials/Substrate/Glints2/dict_0001_0183.uasset" 7630
"../../../Engine/Content/EngineMaterials/Substrate/Glints2/dict_0001_0162.uasset" 7631
"../../../Engine/Content/EngineMaterials/Substrate/Glints2/dict_0001_0152.uasset" 7632
"../../../Engine/Content/EngineMaterials/Substrate/Glints2/dict_0001_0168.uasset" 7633
"../../../Engine/Content/EngineMaterials/Substrate/Glints2/dict_0001_0167.uasset" 7634
"../../../Engine/Content/EngineMaterials/Substrate/Glints2/dict_0001_0172.uasset" 7635
"../../../Engine/Content/EngineMaterials/Substrate/Glints2/dict_0001_0174.uasset" 7636
"../../../Engine/Content/EngineMaterials/Substrate/Glints2/dict_0001_0154.uasset" 7637
"../../../Engine/Content/EngineMaterials/Substrate/Glints2/dict_0001_0182.uasset" 7638
"../../../Engine/Content/EngineMaterials/Substrate/Glints2/dict_0001_0184.uasset" 7639
"../../../Engine/Content/EngineMaterials/Substrate/Glints2/dict_0001_0171.uasset" 7640
"../../../Engine/Content/EngineMaterials/Substrate/Glints2/dict_0001_0175.uasset" 7641
"../../../Engine/Content/EngineMaterials/Substrate/Glints2/dict_0001_0126.uasset" 7642
"../../../Engine/Content/EngineMaterials/Substrate/Glints2/dict_0001_0163.uasset" 7643
"../../../Engine/Content/EngineMaterials/Substrate/Glints2/dict_0001_0185.uasset" 7644
"../../../Engine/Content/EngineMaterials/Substrate/Glints2/dict_0001_0165.uasset" 7645
"../../../Engine/Content/EngineMaterials/Substrate/Glints2/dict_0001_0122.uasset" 7646
"/Engine/EngineMaterials/Substrate/Glints2/dict_0001_0166" 7647
"/Engine/EngineMaterials/Substrate/Glints2/dict_0001_0165" 7648
"/Engine/EngineMaterials/Substrate/Glints2/dict_0001_0183" 7649
"/Engine/EngineMaterials/Substrate/Glints2/dict_0001_0171" 7650
"/Engine/EngineMaterials/Substrate/Glints2/dict_0001_0159" 7651
"/Engine/EngineMaterials/Substrate/Glints2/dict_0001_0164" 7652
"/Engine/EngineMaterials/Substrate/Glints2/dict_0001_0163" 7653
"/Engine/EngineMaterials/Substrate/Glints2/dict_0001_0170" 7654
"/Engine/EngineMaterials/Substrate/Glints2/dict_0001_0169" 7655
"/Engine/EngineMaterials/Substrate/Glints2/dict_0001_0174" 7656
"/Engine/EngineMaterials/Substrate/Glints2/dict_0001_0180" 7657
"/Engine/EngineMaterials/Substrate/Glints2/dict_0001_0173" 7658
"/Engine/EngineMaterials/Substrate/Glints2/dict_0001_0177" 7659
"/Engine/EngineMaterials/Substrate/Glints2/dict_0001_0156" 7660
"/Engine/EngineMaterials/Substrate/Glints2/dict_0001_0155" 7661
"/Engine/EngineMaterials/Substrate/Glints2/dict_0001_0154" 7662
"/Engine/EngineMaterials/Substrate/Glints2/dict_0001_0153" 7663
"/Engine/EngineMaterials/Substrate/Glints2/dict_0001_0162" 7664
"/Engine/EngineMaterials/Substrate/Glints2/dict_0001_0126" 7665
"/Engine/EngineMaterials/Substrate/Glints2/dict_0001_0152" 7666
"/Engine/EngineMaterials/Substrate/Glints2/dict_0001_0179" 7667
"/Engine/EngineMaterials/Substrate/Glints2/dict_0001_0168" 7668
"/Engine/EngineMaterials/Substrate/Glints2/dict_0001_0122" 7669
"/Engine/EngineMaterials/Substrate/Glints2/dict_0001_0172" 7670
"/Engine/EngineMaterials/Substrate/Glints2/dict_0001_0167" 7671
"/Engine/EngineMaterials/Substrate/Glints2/dict_0001_0151" 7672
"/Engine/EngineMaterials/Substrate/Glints2/dict_0001_0185" 7673
"/Engine/EngineMaterials/Substrate/Glints2/dict_0001_0184" 7674
"/Engine/EngineMaterials/Substrate/Glints2/dict_0001_0182" 7675
"/Engine/EngineMaterials/Substrate/Glints2/dict_0001_0178" 7676
"/Engine/EngineMaterials/Substrate/Glints2/dict_0001_0181" 7677
"/Engine/EngineMaterials/Substrate/Glints2/dict_0001_0175" 7678
"../../../Engine/Content/EngineMaterials/Substrate/Glints2/dict_0001_0186.uasset" 7679
"../../../Engine/Content/EngineMaterials/Substrate/Glints2/dict_0001_0189.uasset" 7680
"../../../Engine/Content/EngineMaterials/Substrate/Glints2/dict_0001_0190.uasset" 7681
"../../../Engine/Content/EngineMaterials/Substrate/Glints2/dict_0001_0194.uasset" 7682
"../../../Engine/Content/EngineMaterials/Substrate/Glints2/dict_0001_0196.uasset" 7683
"../../../Engine/Content/EngineMaterials/Substrate/Glints2/dict_0001_0188.uasset" 7684
"../../../Engine/Content/EngineMaterials/Substrate/Glints2/dict_0001_0200.uasset" 7685
"../../../Engine/Content/EngineMaterials/Substrate/Glints2/dict_0001_0205.uasset" 7686
"../../../Engine/Content/EngineMaterials/Substrate/Glints2/dict_0001_0207.uasset" 7687
"../../../Engine/Content/EngineMaterials/Substrate/Glints2/dict_0001_0204.uasset" 7688
"../../../Engine/Content/EngineMaterials/Substrate/Glints2/dict_0001_0211.uasset" 7689
"../../../Engine/Content/EngineMaterials/Substrate/Glints2/dict_0001_0187.uasset" 7690
"../../../Engine/Content/EngineMaterials/Substrate/Glints2/dict_0001_0202.uasset" 7691
"../../../Engine/Content/EngineMaterials/Substrate/Glints2/dict_0001_0210.uasset" 7692
"../../../Engine/Content/EngineMaterials/Substrate/Glints2/dict_0001_0213.uasset" 7693
"../../../Engine/Content/EngineMaterials/Substrate/Glints2/dict_0001_0201.uasset" 7694
"../../../Engine/Content/EngineMaterials/Substrate/Glints2/dict_0001_0192.uasset" 7695
"../../../Engine/Content/EngineMaterials/Substrate/Glints2/dict_0001_0193.uasset" 7696
"../../../Engine/Content/EngineMaterials/Substrate/Glints2/dict_0001_0199.uasset" 7697
"../../../Engine/Content/EngineMaterials/Substrate/Glints2/dict_0001_0212.uasset" 7698
"../../../Engine/Content/EngineMaterials/Substrate/Glints2/dict_0001_0214.uasset" 7699
"../../../Engine/Content/EngineMaterials/Substrate/Glints2/dict_0001_0197.uasset" 7700
"../../../Engine/Content/EngineMaterials/Substrate/Glints2/dict_0001_0206.uasset" 7701
"../../../Engine/Content/EngineMaterials/Substrate/Glints2/dict_0001_0216.uasset" 7702
"../../../Engine/Content/EngineMaterials/Substrate/Glints2/dict_0001_0203.uasset" 7703
"../../../Engine/Content/EngineMaterials/Substrate/Glints2/dict_0001_0198.uasset" 7704
"../../../Engine/Content/EngineMaterials/Substrate/Glints2/dict_0001_0209.uasset" 7705
"../../../Engine/Content/EngineMaterials/Substrate/Glints2/dict_0001_0191.uasset" 7706
"/Engine/EngineMaterials/Substrate/Glints2/dict_0001_0216" 7707
"/Engine/EngineMaterials/Substrate/Glints2/dict_0001_0214" 7708
"../../../Engine/Content/EngineMaterials/Substrate/Glints2/dict_0001_0208.uasset" 7709
"/Engine/EngineMaterials/Substrate/Glints2/dict_0001_0213" 7710
"/Engine/EngineMaterials/Substrate/Glints2/dict_0001_0212" 7711
"/Engine/EngineMaterials/Substrate/Glints2/dict_0001_0211" 7712
"../../../Engine/Content/EngineMaterials/Substrate/Glints2/dict_0001_0217.uasset" 7713
"/Engine/EngineMaterials/Substrate/Glints2/dict_0001_0210" 7714
"/Engine/EngineMaterials/Substrate/Glints2/dict_0001_0209" 7715
"../../../Engine/Content/EngineMaterials/Substrate/Glints2/dict_0001_0195.uasset" 7716
"/Engine/EngineMaterials/Substrate/Glints2/dict_0001_0207" 7717
"/Engine/EngineMaterials/Substrate/Glints2/dict_0001_0206" 7718
"../../../Engine/Content/EngineMaterials/Substrate/Glints2/dict_0001_0215.uasset" 7719
"/Engine/EngineMaterials/Substrate/Glints2/dict_0001_0205" 7720
"/Engine/EngineMaterials/Substrate/Glints2/dict_0001_0204" 7721
"/Engine/EngineMaterials/Substrate/Glints2/dict_0001_0203" 7722
"/Engine/EngineMaterials/Substrate/Glints2/dict_0001_0202" 7723
"/Engine/EngineMaterials/Substrate/Glints2/dict_0001_0201" 7724
"/Engine/EngineMaterials/Substrate/Glints2/dict_0001_0200" 7725
"/Engine/EngineMaterials/Substrate/Glints2/dict_0001_0199" 7726
"/Engine/EngineMaterials/Substrate/Glints2/dict_0001_0198" 7727
"/Engine/EngineMaterials/Substrate/Glints2/dict_0001_0197" 7728
"/Engine/EngineMaterials/Substrate/Glints2/dict_0001_0196" 7729
"/Engine/EngineMaterials/Substrate/Glints2/dict_0001_0194" 7730
"/Engine/EngineMaterials/Substrate/Glints2/dict_0001_0193" 7731
"/Engine/EngineMaterials/Substrate/Glints2/dict_0001_0192" 7732
"/Engine/EngineMaterials/Substrate/Glints2/dict_0001_0191" 7733
"/Engine/EngineMaterials/Substrate/Glints2/dict_0001_0190" 7734
"/Engine/EngineMaterials/Substrate/Glints2/dict_0001_0189" 7735
"/Engine/EngineMaterials/Substrate/Glints2/dict_0001_0188" 7736
"/Engine/EngineMaterials/Substrate/Glints2/dict_0001_0187" 7737
"/Engine/EngineMaterials/Substrate/Glints2/dict_0001_0186" 7738
"/Engine/EngineMaterials/Substrate/Glints2/dict_0001_0217" 7739
"/Engine/EngineMaterials/Substrate/Glints2/dict_0001_0215" 7740
"/Engine/EngineMaterials/Substrate/Glints2/dict_0001_0208" 7741
"/Engine/EngineMaterials/Substrate/Glints2/dict_0001_0195" 7742
"../../../Engine/Content/EngineMaterials/Substrate/Glints2/dict_0001_0220.uasset" 7743
"../../../Engine/Content/EngineMaterials/Substrate/Glints2/dict_0001_0218.uasset" 7744
"../../../Engine/Content/EngineMaterials/Substrate/Glints2/dict_0001_0219.uasset" 7745
"../../../Engine/Content/EngineMaterials/Substrate/Glints2/dict_0001_0223.uasset" 7746
"../../../Engine/Content/EngineMaterials/Substrate/Glints2/dict_0001_0226.uasset" 7747
"../../../Engine/Content/EngineMaterials/Substrate/Glints2/dict_0001_0222.uasset" 7748
"../../../Engine/Content/EngineMaterials/Substrate/Glints2/dict_0001_0221.uasset" 7749
"../../../Engine/Content/EngineMaterials/Substrate/Glints2/dict_0001_0247.uasset" 7750
"../../../Engine/Content/EngineMaterials/Substrate/Glints2/dict_0001_0231.uasset" 7751
"../../../Engine/Content/EngineMaterials/Substrate/Glints2/dict_0001_0234.uasset" 7752
"../../../Engine/Content/EngineMaterials/Substrate/Glints2/dict_0001_0233.uasset" 7753
"../../../Engine/Content/EngineMaterials/Substrate/Glints2/dict_0001_0229.uasset" 7754
"../../../Engine/Content/EngineMaterials/Substrate/Glints2/dict_0001_0236.uasset" 7755
"../../../Engine/Content/EngineMaterials/Substrate/Glints2/dict_0001_0238.uasset" 7756
"../../../Engine/Content/EngineMaterials/Substrate/Glints2/dict_0001_0245.uasset" 7757
"../../../Engine/Content/EngineMaterials/Substrate/Glints2/dict_0001_0239.uasset" 7758
"../../../Engine/Content/EngineMaterials/Substrate/Glints2/dict_0001_0244.uasset" 7759
"../../../Engine/Content/EngineMaterials/Substrate/Glints2/dict_0001_0246.uasset" 7760
"../../../Engine/Content/EngineMaterials/Substrate/Glints2/dict_0001_0227.uasset" 7761
"../../../Engine/Content/EngineMaterials/Substrate/Glints2/dict_0001_0230.uasset" 7762
"../../../Engine/Content/EngineMaterials/Substrate/Glints2/dict_0001_0235.uasset" 7763
"../../../Engine/Content/EngineMaterials/Substrate/Glints2/dict_0001_0242.uasset" 7764
"../../../Engine/Content/EngineMaterials/Substrate/Glints2/dict_0001_0237.uasset" 7765
"../../../Engine/Content/EngineMaterials/Substrate/Glints2/dict_0001_0225.uasset" 7766
"../../../Engine/Content/EngineMaterials/Substrate/Glints2/dict_0001_0243.uasset" 7767
"../../../Engine/Content/EngineMaterials/Substrate/Glints2/dict_0001_0232.uasset" 7768
"../../../Engine/Content/EngineMaterials/Substrate/Glints2/dict_0001_0224.uasset" 7769
"../../../Engine/Content/EngineMaterials/Substrate/Glints2/dict_0001_0228.uasset" 7770
"../../../Engine/Content/EngineMaterials/Substrate/Glints2/dict_0001_0249.uasset" 7771
"../../../Engine/Content/EngineMaterials/Substrate/Glints2/dict_0001_0241.uasset" 7772
"../../../Engine/Content/EngineMaterials/Substrate/Glints2/dict_0001_0240.uasset" 7773
"../../../Engine/Content/EngineMaterials/Substrate/Glints2/dict_0001_0248.uasset" 7774
"/Engine/EngineMaterials/Substrate/Glints2/dict_0001_0249" 7775
"/Engine/EngineMaterials/Substrate/Glints2/dict_0001_0245" 7776
"/Engine/EngineMaterials/Substrate/Glints2/dict_0001_0248" 7777
"/Engine/EngineMaterials/Substrate/Glints2/dict_0001_0244" 7778
"/Engine/EngineMaterials/Substrate/Glints2/dict_0001_0243" 7779
"/Engine/EngineMaterials/Substrate/Glints2/dict_0001_0242" 7780
"/Engine/EngineMaterials/Substrate/Glints2/dict_0001_0241" 7781
"/Engine/EngineMaterials/Substrate/Glints2/dict_0001_0240" 7782
"/Engine/EngineMaterials/Substrate/Glints2/dict_0001_0239" 7783
"/Engine/EngineMaterials/Substrate/Glints2/dict_0001_0247" 7784
"/Engine/EngineMaterials/Substrate/Glints2/dict_0001_0238" 7785
"/Engine/EngineMaterials/Substrate/Glints2/dict_0001_0237" 7786
"/Engine/EngineMaterials/Substrate/Glints2/dict_0001_0236" 7787
"/Engine/EngineMaterials/Substrate/Glints2/dict_0001_0235" 7788
"/Engine/EngineMaterials/Substrate/Glints2/dict_0001_0234" 7789
"/Engine/EngineMaterials/Substrate/Glints2/dict_0001_0233" 7790
"/Engine/EngineMaterials/Substrate/Glints2/dict_0001_0232" 7791
"/Engine/EngineMaterials/Substrate/Glints2/dict_0001_0231" 7792
"/Engine/EngineMaterials/Substrate/Glints2/dict_0001_0230" 7793
"/Engine/EngineMaterials/Substrate/Glints2/dict_0001_0229" 7794
"/Engine/EngineMaterials/Substrate/Glints2/dict_0001_0228" 7795
"/Engine/EngineMaterials/Substrate/Glints2/dict_0001_0227" 7796
"/Engine/EngineMaterials/Substrate/Glints2/dict_0001_0246" 7797
"/Engine/EngineMaterials/Substrate/Glints2/dict_0001_0226" 7798
"/Engine/EngineMaterials/Substrate/Glints2/dict_0001_0225" 7799
"/Engine/EngineMaterials/Substrate/Glints2/dict_0001_0224" 7800
"/Engine/EngineMaterials/Substrate/Glints2/dict_0001_0223" 7801
"/Engine/EngineMaterials/Substrate/Glints2/dict_0001_0222" 7802
"/Engine/EngineMaterials/Substrate/Glints2/dict_0001_0221" 7803
"/Engine/EngineMaterials/Substrate/Glints2/dict_0001_0220" 7804
"/Engine/EngineMaterials/Substrate/Glints2/dict_0001_0219" 7805
"/Engine/EngineMaterials/Substrate/Glints2/dict_0001_0218" 7806
"../../../Engine/Content/EngineMaterials/Substrate/Glints2/dict_0001_0252.uasset" 7807
"../../../Engine/Content/EngineMaterials/Substrate/Glints2/dict_0001_0251.uasset" 7808
"../../../Engine/Content/EngineMaterials/Substrate/Glints2/dict_0001_0250.uasset" 7809
"../../../Engine/Content/EngineMaterials/Substrate/Glints2/dict_0001_0254.uasset" 7810
"../../../Engine/Content/EngineMaterials/Substrate/Glints2/dict_0001_0253.uasset" 7811
"../../../Engine/Content/EngineMaterials/Substrate/Glints2/dict_0001_0255.uasset" 7812
"../../../Engine/Content/EngineMaterials/Substrate/Glints2/dict_0002_0000.uasset" 7813
"../../../Engine/Content/EngineMaterials/Substrate/Glints2/dict_0002_0001.uasset" 7814
"../../../Engine/Content/EngineMaterials/Substrate/Glints2/dict_0002_0004.uasset" 7815
"../../../Engine/Content/EngineMaterials/Substrate/Glints2/dict_0002_0006.uasset" 7816
"../../../Engine/Content/EngineMaterials/Substrate/Glints2/dict_0002_0002.uasset" 7817
"../../../Engine/Content/EngineMaterials/Substrate/Glints2/dict_0002_0003.uasset" 7818
"../../../Engine/Content/EngineMaterials/Substrate/Glints2/dict_0002_0011.uasset" 7819
"../../../Engine/Content/EngineMaterials/Substrate/Glints2/dict_0002_0014.uasset" 7820
"../../../Engine/Content/EngineMaterials/Substrate/Glints2/dict_0002_0010.uasset" 7821
"../../../Engine/Content/EngineMaterials/Substrate/Glints2/dict_0002_0018.uasset" 7822
"../../../Engine/Content/EngineMaterials/Substrate/Glints2/dict_0002_0007.uasset" 7823
"../../../Engine/Content/EngineMaterials/Substrate/Glints2/dict_0002_0016.uasset" 7824
"../../../Engine/Content/EngineMaterials/Substrate/Glints2/dict_0002_0025.uasset" 7825
"../../../Engine/Content/EngineMaterials/Substrate/Glints2/dict_0002_0019.uasset" 7826
"../../../Engine/Content/EngineMaterials/Substrate/Glints2/dict_0002_0020.uasset" 7827
"../../../Engine/Content/EngineMaterials/Substrate/Glints2/dict_0002_0012.uasset" 7828
"../../../Engine/Content/EngineMaterials/Substrate/Glints2/dict_0002_0008.uasset" 7829
"../../../Engine/Content/EngineMaterials/Substrate/Glints2/dict_0002_0013.uasset" 7830
"../../../Engine/Content/EngineMaterials/Substrate/Glints2/dict_0002_0009.uasset" 7831
"../../../Engine/Content/EngineMaterials/Substrate/Glints2/dict_0002_0021.uasset" 7832
"../../../Engine/Content/EngineMaterials/Substrate/Glints2/dict_0002_0005.uasset" 7833
"../../../Engine/Content/EngineMaterials/Substrate/Glints2/dict_0002_0015.uasset" 7834
"../../../Engine/Content/EngineMaterials/Substrate/Glints2/dict_0002_0024.uasset" 7835
"../../../Engine/Content/EngineMaterials/Substrate/Glints2/dict_0002_0023.uasset" 7836
"../../../Engine/Content/EngineMaterials/Substrate/Glints2/dict_0002_0017.uasset" 7837
"../../../Engine/Content/EngineMaterials/Substrate/Glints2/dict_0002_0022.uasset" 7838
"/Engine/EngineMaterials/Substrate/Glints2/dict_0002_0025" 7839
"/Engine/EngineMaterials/Substrate/Glints2/dict_0002_0024" 7840
"/Engine/EngineMaterials/Substrate/Glints2/dict_0002_0023" 7841
"/Engine/EngineMaterials/Substrate/Glints2/dict_0002_0022" 7842
"/Engine/EngineMaterials/Substrate/Glints2/dict_0002_0021" 7843
"/Engine/EngineMaterials/Substrate/Glints2/dict_0002_0020" 7844
"/Engine/EngineMaterials/Substrate/Glints2/dict_0002_0019" 7845
"/Engine/EngineMaterials/Substrate/Glints2/dict_0002_0018" 7846
"/Engine/EngineMaterials/Substrate/Glints2/dict_0002_0017" 7847
"/Engine/EngineMaterials/Substrate/Glints2/dict_0002_0016" 7848
"/Engine/EngineMaterials/Substrate/Glints2/dict_0002_0015" 7849
"/Engine/EngineMaterials/Substrate/Glints2/dict_0002_0014" 7850
"/Engine/EngineMaterials/Substrate/Glints2/dict_0002_0013" 7851
"/Engine/EngineMaterials/Substrate/Glints2/dict_0002_0012" 7852
"/Engine/EngineMaterials/Substrate/Glints2/dict_0002_0011" 7853
"/Engine/EngineMaterials/Substrate/Glints2/dict_0002_0010" 7854
"/Engine/EngineMaterials/Substrate/Glints2/dict_0002_0009" 7855
"/Engine/EngineMaterials/Substrate/Glints2/dict_0002_0008" 7856
"/Engine/EngineMaterials/Substrate/Glints2/dict_0002_0007" 7857
"/Engine/EngineMaterials/Substrate/Glints2/dict_0002_0006" 7858
"/Engine/EngineMaterials/Substrate/Glints2/dict_0002_0005" 7859
"/Engine/EngineMaterials/Substrate/Glints2/dict_0002_0004" 7860
"/Engine/EngineMaterials/Substrate/Glints2/dict_0002_0003" 7861
"/Engine/EngineMaterials/Substrate/Glints2/dict_0002_0002" 7862
"/Engine/EngineMaterials/Substrate/Glints2/dict_0002_0001" 7863
"/Engine/EngineMaterials/Substrate/Glints2/dict_0002_0000" 7864
"/Engine/EngineMaterials/Substrate/Glints2/dict_0001_0255" 7865
"/Engine/EngineMaterials/Substrate/Glints2/dict_0001_0254" 7866
"/Engine/EngineMaterials/Substrate/Glints2/dict_0001_0253" 7867
"/Engine/EngineMaterials/Substrate/Glints2/dict_0001_0252" 7868
"/Engine/EngineMaterials/Substrate/Glints2/dict_0001_0251" 7869
"/Engine/EngineMaterials/Substrate/Glints2/dict_0001_0250" 7870
"../../../Engine/Content/EngineMaterials/Substrate/Glints2/dict_0002_0031.uasset" 7871
"../../../Engine/Content/EngineMaterials/Substrate/Glints2/dict_0002_0027.uasset" 7872
"../../../Engine/Content/EngineMaterials/Substrate/Glints2/dict_0002_0033.uasset" 7873
"../../../Engine/Content/EngineMaterials/Substrate/Glints2/dict_0002_0037.uasset" 7874
"../../../Engine/Content/EngineMaterials/Substrate/Glints2/dict_0002_0029.uasset" 7875
"../../../Engine/Content/EngineMaterials/Substrate/Glints2/dict_0002_0032.uasset" 7876
"../../../Engine/Content/EngineMaterials/Substrate/Glints2/dict_0002_0034.uasset" 7877
"../../../Engine/Content/EngineMaterials/Substrate/Glints2/dict_0002_0041.uasset" 7878
"../../../Engine/Content/EngineMaterials/Substrate/Glints2/dict_0002_0040.uasset" 7879
"../../../Engine/Content/EngineMaterials/Substrate/Glints2/dict_0002_0026.uasset" 7880
"../../../Engine/Content/EngineMaterials/Substrate/Glints2/dict_0002_0043.uasset" 7881
"../../../Engine/Content/EngineMaterials/Substrate/Glints2/dict_0002_0035.uasset" 7882
"../../../Engine/Content/EngineMaterials/Substrate/Glints2/dict_0002_0049.uasset" 7883
"../../../Engine/Content/EngineMaterials/Substrate/Glints2/dict_0002_0045.uasset" 7884
"../../../Engine/Content/EngineMaterials/Substrate/Glints2/dict_0002_0046.uasset" 7885
"../../../Engine/Content/EngineMaterials/Substrate/Glints2/dict_0002_0051.uasset" 7886
"../../../Engine/Content/EngineMaterials/Substrate/Glints2/dict_0002_0036.uasset" 7887
"../../../Engine/Content/EngineMaterials/Substrate/Glints2/dict_0002_0056.uasset" 7888
"../../../Engine/Content/EngineMaterials/Substrate/Glints2/dict_0002_0057.uasset" 7889
"../../../Engine/Content/EngineMaterials/Substrate/Glints2/dict_0002_0039.uasset" 7890
"../../../Engine/Content/EngineMaterials/Substrate/Glints2/dict_0002_0028.uasset" 7891
"../../../Engine/Content/EngineMaterials/Substrate/Glints2/dict_0002_0054.uasset" 7892
"../../../Engine/Content/EngineMaterials/Substrate/Glints2/dict_0002_0042.uasset" 7893
"../../../Engine/Content/EngineMaterials/Substrate/Glints2/dict_0002_0038.uasset" 7894
"../../../Engine/Content/EngineMaterials/Substrate/Glints2/dict_0002_0048.uasset" 7895
"../../../Engine/Content/EngineMaterials/Substrate/Glints2/dict_0002_0047.uasset" 7896
"../../../Engine/Content/EngineMaterials/Substrate/Glints2/dict_0002_0044.uasset" 7897
"../../../Engine/Content/EngineMaterials/Substrate/Glints2/dict_0002_0050.uasset" 7898
"../../../Engine/Content/EngineMaterials/Substrate/Glints2/dict_0002_0055.uasset" 7899
"../../../Engine/Content/EngineMaterials/Substrate/Glints2/dict_0002_0030.uasset" 7900
"../../../Engine/Content/EngineMaterials/Substrate/Glints2/dict_0002_0053.uasset" 7901
"../../../Engine/Content/EngineMaterials/Substrate/Glints2/dict_0002_0052.uasset" 7902
"/Engine/EngineMaterials/Substrate/Glints2/dict_0002_0057" 7903
"/Engine/EngineMaterials/Substrate/Glints2/dict_0002_0056" 7904
"/Engine/EngineMaterials/Substrate/Glints2/dict_0002_0055" 7905
"/Engine/EngineMaterials/Substrate/Glints2/dict_0002_0054" 7906
"/Engine/EngineMaterials/Substrate/Glints2/dict_0002_0053" 7907
"/Engine/EngineMaterials/Substrate/Glints2/dict_0002_0052" 7908
"/Engine/EngineMaterials/Substrate/Glints2/dict_0002_0051" 7909
"/Engine/EngineMaterials/Substrate/Glints2/dict_0002_0050" 7910
"/Engine/EngineMaterials/Substrate/Glints2/dict_0002_0049" 7911
"/Engine/EngineMaterials/Substrate/Glints2/dict_0002_0048" 7912
"/Engine/EngineMaterials/Substrate/Glints2/dict_0002_0047" 7913
"/Engine/EngineMaterials/Substrate/Glints2/dict_0002_0046" 7914
"/Engine/EngineMaterials/Substrate/Glints2/dict_0002_0045" 7915
"/Engine/EngineMaterials/Substrate/Glints2/dict_0002_0044" 7916
"/Engine/EngineMaterials/Substrate/Glints2/dict_0002_0043" 7917
"/Engine/EngineMaterials/Substrate/Glints2/dict_0002_0042" 7918
"/Engine/EngineMaterials/Substrate/Glints2/dict_0002_0041" 7919
"/Engine/EngineMaterials/Substrate/Glints2/dict_0002_0040" 7920
"/Engine/EngineMaterials/Substrate/Glints2/dict_0002_0039" 7921
"/Engine/EngineMaterials/Substrate/Glints2/dict_0002_0038" 7922
"/Engine/EngineMaterials/Substrate/Glints2/dict_0002_0037" 7923
"/Engine/EngineMaterials/Substrate/Glints2/dict_0002_0036" 7924
"/Engine/EngineMaterials/Substrate/Glints2/dict_0002_0035" 7925
"/Engine/EngineMaterials/Substrate/Glints2/dict_0002_0034" 7926
"/Engine/EngineMaterials/Substrate/Glints2/dict_0002_0033" 7927
"/Engine/EngineMaterials/Substrate/Glints2/dict_0002_0032" 7928
"/Engine/EngineMaterials/Substrate/Glints2/dict_0002_0031" 7929
"/Engine/EngineMaterials/Substrate/Glints2/dict_0002_0030" 7930
"/Engine/EngineMaterials/Substrate/Glints2/dict_0002_0029" 7931
"/Engine/EngineMaterials/Substrate/Glints2/dict_0002_0028" 7932
"/Engine/EngineMaterials/Substrate/Glints2/dict_0002_0027" 7933
"/Engine/EngineMaterials/Substrate/Glints2/dict_0002_0026" 7934
"../../../Engine/Content/EngineMaterials/Substrate/Glints2/dict_0002_0058.uasset" 7935
"../../../Engine/Content/EngineMaterials/Substrate/Glints2/dict_0002_0059.uasset" 7936
"../../../Engine/Content/EngineMaterials/Substrate/Glints2/dict_0002_0064.uasset" 7937
"../../../Engine/Content/EngineMaterials/Substrate/Glints2/dict_0002_0062.uasset" 7938
"../../../Engine/Content/EngineMaterials/Substrate/Glints2/dict_0002_0061.uasset" 7939
"../../../Engine/Content/EngineMaterials/Substrate/Glints2/dict_0002_0067.uasset" 7940
"../../../Engine/Content/EngineMaterials/Substrate/Glints2/dict_0002_0070.uasset" 7941
"../../../Engine/Content/EngineMaterials/Substrate/Glints2/dict_0002_0060.uasset" 7942
"../../../Engine/Content/EngineMaterials/Substrate/Glints2/dict_0002_0089.uasset" 7943
"../../../Engine/Content/EngineMaterials/Substrate/Glints2/dict_0002_0080.uasset" 7944
"../../../Engine/Content/EngineMaterials/Substrate/Glints2/dict_0002_0077.uasset" 7945
"../../../Engine/Content/EngineMaterials/Substrate/Glints2/dict_0002_0071.uasset" 7946
"../../../Engine/Content/EngineMaterials/Substrate/Glints2/dict_0002_0078.uasset" 7947
"../../../Engine/Content/EngineMaterials/Substrate/Glints2/dict_0002_0066.uasset" 7948
"../../../Engine/Content/EngineMaterials/Substrate/Glints2/dict_0002_0088.uasset" 7949
"../../../Engine/Content/EngineMaterials/Substrate/Glints2/dict_0002_0072.uasset" 7950
"../../../Engine/Content/EngineMaterials/Substrate/Glints2/dict_0002_0076.uasset" 7951
"../../../Engine/Content/EngineMaterials/Substrate/Glints2/dict_0002_0075.uasset" 7952
"../../../Engine/Content/EngineMaterials/Substrate/Glints2/dict_0002_0087.uasset" 7953
"../../../Engine/Content/EngineMaterials/Substrate/Glints2/dict_0002_0068.uasset" 7954
"../../../Engine/Content/EngineMaterials/Substrate/Glints2/dict_0002_0063.uasset" 7955
"../../../Engine/Content/EngineMaterials/Substrate/Glints2/dict_0002_0081.uasset" 7956
"../../../Engine/Content/EngineMaterials/Substrate/Glints2/dict_0002_0082.uasset" 7957
"../../../Engine/Content/EngineMaterials/Substrate/Glints2/dict_0002_0074.uasset" 7958
"../../../Engine/Content/EngineMaterials/Substrate/Glints2/dict_0002_0079.uasset" 7959
"../../../Engine/Content/EngineMaterials/Substrate/Glints2/dict_0002_0069.uasset" 7960
"../../../Engine/Content/EngineMaterials/Substrate/Glints2/dict_0002_0084.uasset" 7961
"../../../Engine/Content/EngineMaterials/Substrate/Glints2/dict_0002_0085.uasset" 7962
"../../../Engine/Content/EngineMaterials/Substrate/Glints2/dict_0002_0086.uasset" 7963
"../../../Engine/Content/EngineMaterials/Substrate/Glints2/dict_0002_0073.uasset" 7964
"../../../Engine/Content/EngineMaterials/Substrate/Glints2/dict_0002_0083.uasset" 7965
"../../../Engine/Content/EngineMaterials/Substrate/Glints2/dict_0002_0065.uasset" 7966
"/Engine/EngineMaterials/Substrate/Glints2/dict_0002_0089" 7967
"/Engine/EngineMaterials/Substrate/Glints2/dict_0002_0088" 7968
"/Engine/EngineMaterials/Substrate/Glints2/dict_0002_0087" 7969
"/Engine/EngineMaterials/Substrate/Glints2/dict_0002_0086" 7970
"/Engine/EngineMaterials/Substrate/Glints2/dict_0002_0085" 7971
"/Engine/EngineMaterials/Substrate/Glints2/dict_0002_0084" 7972
"/Engine/EngineMaterials/Substrate/Glints2/dict_0002_0083" 7973
"/Engine/EngineMaterials/Substrate/Glints2/dict_0002_0082" 7974
"/Engine/EngineMaterials/Substrate/Glints2/dict_0002_0081" 7975
"/Engine/EngineMaterials/Substrate/Glints2/dict_0002_0080" 7976
"/Engine/EngineMaterials/Substrate/Glints2/dict_0002_0079" 7977
"/Engine/EngineMaterials/Substrate/Glints2/dict_0002_0078" 7978
"/Engine/EngineMaterials/Substrate/Glints2/dict_0002_0077" 7979
"/Engine/EngineMaterials/Substrate/Glints2/dict_0002_0076" 7980
"/Engine/EngineMaterials/Substrate/Glints2/dict_0002_0075" 7981
"/Engine/EngineMaterials/Substrate/Glints2/dict_0002_0074" 7982
"/Engine/EngineMaterials/Substrate/Glints2/dict_0002_0073" 7983
"/Engine/EngineMaterials/Substrate/Glints2/dict_0002_0072" 7984
"/Engine/EngineMaterials/Substrate/Glints2/dict_0002_0071" 7985
"/Engine/EngineMaterials/Substrate/Glints2/dict_0002_0070" 7986
"/Engine/EngineMaterials/Substrate/Glints2/dict_0002_0069" 7987
"/Engine/EngineMaterials/Substrate/Glints2/dict_0002_0068" 7988
"/Engine/EngineMaterials/Substrate/Glints2/dict_0002_0067" 7989
"/Engine/EngineMaterials/Substrate/Glints2/dict_0002_0066" 7990
"/Engine/EngineMaterials/Substrate/Glints2/dict_0002_0065" 7991
"/Engine/EngineMaterials/Substrate/Glints2/dict_0002_0064" 7992
"/Engine/EngineMaterials/Substrate/Glints2/dict_0002_0063" 7993
"/Engine/EngineMaterials/Substrate/Glints2/dict_0002_0062" 7994
"/Engine/EngineMaterials/Substrate/Glints2/dict_0002_0061" 7995
"/Engine/EngineMaterials/Substrate/Glints2/dict_0002_0060" 7996
"/Engine/EngineMaterials/Substrate/Glints2/dict_0002_0059" 7997
"/Engine/EngineMaterials/Substrate/Glints2/dict_0002_0058" 7998
"../../../Engine/Content/EngineMaterials/Substrate/Glints2/dict_0002_0101.uasset" 7999
"../../../Engine/Content/EngineMaterials/Substrate/Glints2/dict_0002_0090.uasset" 8000
"../../../Engine/Content/EngineMaterials/Substrate/Glints2/dict_0002_0099.uasset" 8001
"../../../Engine/Content/EngineMaterials/Substrate/Glints2/dict_0002_0098.uasset" 8002
"../../../Engine/Content/EngineMaterials/Substrate/Glints2/dict_0002_0100.uasset" 8003
"../../../Engine/Content/EngineMaterials/Substrate/Glints2/dict_0002_0103.uasset" 8004
"../../../Engine/Content/EngineMaterials/Substrate/Glints2/dict_0002_0117.uasset" 8005
"../../../Engine/Content/EngineMaterials/Substrate/Glints2/dict_0002_0091.uasset" 8006
"../../../Engine/Content/EngineMaterials/Substrate/Glints2/dict_0002_0096.uasset" 8007
"../../../Engine/Content/EngineMaterials/Substrate/Glints2/dict_0002_0106.uasset" 8008
"../../../Engine/Content/EngineMaterials/Substrate/Glints2/dict_0002_0097.uasset" 8009
"../../../Engine/Content/EngineMaterials/Substrate/Glints2/dict_0002_0111.uasset" 8010
"../../../Engine/Content/EngineMaterials/Substrate/Glints2/dict_0002_0104.uasset" 8011
"../../../Engine/Content/EngineMaterials/Substrate/Glints2/dict_0002_0108.uasset" 8012
"../../../Engine/Content/EngineMaterials/Substrate/Glints2/dict_0002_0116.uasset" 8013
"../../../Engine/Content/EngineMaterials/Substrate/Glints2/dict_0002_0119.uasset" 8014
"../../../Engine/Content/EngineMaterials/Substrate/Glints2/dict_0002_0118.uasset" 8015
"../../../Engine/Content/EngineMaterials/Substrate/Glints2/dict_0002_0115.uasset" 8016
"../../../Engine/Content/EngineMaterials/Substrate/Glints2/dict_0002_0120.uasset" 8017
"../../../Engine/Content/EngineMaterials/Substrate/Glints2/dict_0002_0094.uasset" 8018
"../../../Engine/Content/EngineMaterials/Substrate/Glints2/dict_0002_0092.uasset" 8019
"../../../Engine/Content/EngineMaterials/Substrate/Glints2/dict_0002_0109.uasset" 8020
"../../../Engine/Content/EngineMaterials/Substrate/Glints2/dict_0002_0110.uasset" 8021
"../../../Engine/Content/EngineMaterials/Substrate/Glints2/dict_0002_0114.uasset" 8022
"../../../Engine/Content/EngineMaterials/Substrate/Glints2/dict_0002_0112.uasset" 8023
"../../../Engine/Content/EngineMaterials/Substrate/Glints2/dict_0002_0121.uasset" 8024
"../../../Engine/Content/EngineMaterials/Substrate/Glints2/dict_0002_0102.uasset" 8025
"../../../Engine/Content/EngineMaterials/Substrate/Glints2/dict_0002_0113.uasset" 8026
"../../../Engine/Content/EngineMaterials/Substrate/Glints2/dict_0002_0093.uasset" 8027
"../../../Engine/Content/EngineMaterials/Substrate/Glints2/dict_0002_0105.uasset" 8028
"/Engine/EngineMaterials/Substrate/Glints2/dict_0002_0121" 8029
"../../../Engine/Content/EngineMaterials/Substrate/Glints2/dict_0002_0107.uasset" 8030
"../../../Engine/Content/EngineMaterials/Substrate/Glints2/dict_0002_0095.uasset" 8031
"/Engine/EngineMaterials/Substrate/Glints2/dict_0002_0120" 8032
"/Engine/EngineMaterials/Substrate/Glints2/dict_0002_0119" 8033
"/Engine/EngineMaterials/Substrate/Glints2/dict_0002_0118" 8034
"/Engine/EngineMaterials/Substrate/Glints2/dict_0002_0117" 8035
"/Engine/EngineMaterials/Substrate/Glints2/dict_0002_0116" 8036
"/Engine/EngineMaterials/Substrate/Glints2/dict_0002_0115" 8037
"/Engine/EngineMaterials/Substrate/Glints2/dict_0002_0114" 8038
"/Engine/EngineMaterials/Substrate/Glints2/dict_0002_0113" 8039
"/Engine/EngineMaterials/Substrate/Glints2/dict_0002_0112" 8040
"/Engine/EngineMaterials/Substrate/Glints2/dict_0002_0111" 8041
"/Engine/EngineMaterials/Substrate/Glints2/dict_0002_0110" 8042
"/Engine/EngineMaterials/Substrate/Glints2/dict_0002_0109" 8043
"/Engine/EngineMaterials/Substrate/Glints2/dict_0002_0108" 8044
"/Engine/EngineMaterials/Substrate/Glints2/dict_0002_0106" 8045
"/Engine/EngineMaterials/Substrate/Glints2/dict_0002_0105" 8046
"/Engine/EngineMaterials/Substrate/Glints2/dict_0002_0104" 8047
"/Engine/EngineMaterials/Substrate/Glints2/dict_0002_0103" 8048
"/Engine/EngineMaterials/Substrate/Glints2/dict_0002_0102" 8049
"/Engine/EngineMaterials/Substrate/Glints2/dict_0002_0101" 8050
"/Engine/EngineMaterials/Substrate/Glints2/dict_0002_0100" 8051
"/Engine/EngineMaterials/Substrate/Glints2/dict_0002_0099" 8052
"/Engine/EngineMaterials/Substrate/Glints2/dict_0002_0098" 8053
"/Engine/EngineMaterials/Substrate/Glints2/dict_0002_0097" 8054
"/Engine/EngineMaterials/Substrate/Glints2/dict_0002_0096" 8055
"/Engine/EngineMaterials/Substrate/Glints2/dict_0002_0094" 8056
"/Engine/EngineMaterials/Substrate/Glints2/dict_0002_0093" 8057
"/Engine/EngineMaterials/Substrate/Glints2/dict_0002_0092" 8058
"/Engine/EngineMaterials/Substrate/Glints2/dict_0002_0091" 8059
"/Engine/EngineMaterials/Substrate/Glints2/dict_0002_0090" 8060
"/Engine/EngineMaterials/Substrate/Glints2/dict_0002_0107" 8061
"/Engine/EngineMaterials/Substrate/Glints2/dict_0002_0095" 8062
"../../../Engine/Content/EngineMaterials/Substrate/Glints2/dict_0002_0122.uasset" 8063
"../../../Engine/Content/EngineMaterials/Substrate/Glints2/dict_0002_0125.uasset" 8064
"../../../Engine/Content/EngineMaterials/Substrate/Glints2/dict_0002_0126.uasset" 8065
"../../../Engine/Content/EngineMaterials/Substrate/Glints2/dict_0002_0123.uasset" 8066
"../../../Engine/Content/EngineMaterials/Substrate/Glints2/dict_0002_0127.uasset" 8067
"../../../Engine/Content/EngineMaterials/Substrate/Glints2/dict_0002_0128.uasset" 8068
"../../../Engine/Content/EngineMaterials/Substrate/Glints2/dict_0002_0124.uasset" 8069
"../../../Engine/Content/EngineMaterials/Substrate/Glints2/dict_0002_0130.uasset" 8070
"../../../Engine/Content/EngineMaterials/Substrate/Glints2/dict_0002_0150.uasset" 8071
"../../../Engine/Content/EngineMaterials/Substrate/Glints2/dict_0002_0133.uasset" 8072
"../../../Engine/Content/EngineMaterials/Substrate/Glints2/dict_0002_0134.uasset" 8073
"../../../Engine/Content/EngineMaterials/Substrate/Glints2/dict_0002_0135.uasset" 8074
"../../../Engine/Content/EngineMaterials/Substrate/Glints2/dict_0002_0143.uasset" 8075
"../../../Engine/Content/EngineMaterials/Substrate/Glints2/dict_0002_0138.uasset" 8076
"../../../Engine/Content/EngineMaterials/Substrate/Glints2/dict_0002_0129.uasset" 8077
"../../../Engine/Content/EngineMaterials/Substrate/Glints2/dict_0002_0139.uasset" 8078
"../../../Engine/Content/EngineMaterials/Substrate/Glints2/dict_0002_0146.uasset" 8079
"../../../Engine/Content/EngineMaterials/Substrate/Glints2/dict_0002_0147.uasset" 8080
"../../../Engine/Content/EngineMaterials/Substrate/Glints2/dict_0002_0132.uasset" 8081
"../../../Engine/Content/EngineMaterials/Substrate/Glints2/dict_0002_0136.uasset" 8082
"../../../Engine/Content/EngineMaterials/Substrate/Glints2/dict_0002_0142.uasset" 8083
"../../../Engine/Content/EngineMaterials/Substrate/Glints2/dict_0002_0148.uasset" 8084
"../../../Engine/Content/EngineMaterials/Substrate/Glints2/dict_0002_0145.uasset" 8085
"../../../Engine/Content/EngineMaterials/Substrate/Glints2/dict_0002_0153.uasset" 8086
"../../../Engine/Content/EngineMaterials/Substrate/Glints2/dict_0002_0131.uasset" 8087
"../../../Engine/Content/EngineMaterials/Substrate/Glints2/dict_0002_0149.uasset" 8088
"../../../Engine/Content/EngineMaterials/Substrate/Glints2/dict_0002_0151.uasset" 8089
"../../../Engine/Content/EngineMaterials/Substrate/Glints2/dict_0002_0140.uasset" 8090
"../../../Engine/Content/EngineMaterials/Substrate/Glints2/dict_0002_0144.uasset" 8091
"../../../Engine/Content/EngineMaterials/Substrate/Glints2/dict_0002_0137.uasset" 8092
"../../../Engine/Content/EngineMaterials/Substrate/Glints2/dict_0002_0152.uasset" 8093
"../../../Engine/Content/EngineMaterials/Substrate/Glints2/dict_0002_0141.uasset" 8094
"/Engine/EngineMaterials/Substrate/Glints2/dict_0002_0151" 8095
"/Engine/EngineMaterials/Substrate/Glints2/dict_0002_0150" 8096
"/Engine/EngineMaterials/Substrate/Glints2/dict_0002_0149" 8097
"/Engine/EngineMaterials/Substrate/Glints2/dict_0002_0148" 8098
"/Engine/EngineMaterials/Substrate/Glints2/dict_0002_0147" 8099
"/Engine/EngineMaterials/Substrate/Glints2/dict_0002_0146" 8100
"/Engine/EngineMaterials/Substrate/Glints2/dict_0002_0145" 8101
"/Engine/EngineMaterials/Substrate/Glints2/dict_0002_0144" 8102
"/Engine/EngineMaterials/Substrate/Glints2/dict_0002_0143" 8103
"/Engine/EngineMaterials/Substrate/Glints2/dict_0002_0142" 8104
"/Engine/EngineMaterials/Substrate/Glints2/dict_0002_0141" 8105
"/Engine/EngineMaterials/Substrate/Glints2/dict_0002_0140" 8106
"/Engine/EngineMaterials/Substrate/Glints2/dict_0002_0139" 8107
"/Engine/EngineMaterials/Substrate/Glints2/dict_0002_0138" 8108
"/Engine/EngineMaterials/Substrate/Glints2/dict_0002_0153" 8109
"/Engine/EngineMaterials/Substrate/Glints2/dict_0002_0137" 8110
"/Engine/EngineMaterials/Substrate/Glints2/dict_0002_0136" 8111
"/Engine/EngineMaterials/Substrate/Glints2/dict_0002_0135" 8112
"/Engine/EngineMaterials/Substrate/Glints2/dict_0002_0134" 8113
"/Engine/EngineMaterials/Substrate/Glints2/dict_0002_0133" 8114
"/Engine/EngineMaterials/Substrate/Glints2/dict_0002_0132" 8115
"/Engine/EngineMaterials/Substrate/Glints2/dict_0002_0131" 8116
"/Engine/EngineMaterials/Substrate/Glints2/dict_0002_0130" 8117
"/Engine/EngineMaterials/Substrate/Glints2/dict_0002_0129" 8118
"/Engine/EngineMaterials/Substrate/Glints2/dict_0002_0128" 8119
"/Engine/EngineMaterials/Substrate/Glints2/dict_0002_0127" 8120
"/Engine/EngineMaterials/Substrate/Glints2/dict_0002_0152" 8121
"/Engine/EngineMaterials/Substrate/Glints2/dict_0002_0126" 8122
"/Engine/EngineMaterials/Substrate/Glints2/dict_0002_0125" 8123
"/Engine/EngineMaterials/Substrate/Glints2/dict_0002_0124" 8124
"/Engine/EngineMaterials/Substrate/Glints2/dict_0002_0123" 8125
"/Engine/EngineMaterials/Substrate/Glints2/dict_0002_0122" 8126
"../../../Engine/Content/EngineMaterials/Substrate/Glints2/dict_0002_0154.uasset" 8127
"../../../Engine/Content/EngineMaterials/Substrate/Glints2/dict_0002_0157.uasset" 8128
"../../../Engine/Content/EngineMaterials/Substrate/Glints2/dict_0002_0167.uasset" 8129
"../../../Engine/Content/EngineMaterials/Substrate/Glints2/dict_0002_0161.uasset" 8130
"../../../Engine/Content/EngineMaterials/Substrate/Glints2/dict_0002_0185.uasset" 8131
"../../../Engine/Content/EngineMaterials/Substrate/Glints2/dict_0002_0155.uasset" 8132
"../../../Engine/Content/EngineMaterials/Substrate/Glints2/dict_0002_0171.uasset" 8133
"../../../Engine/Content/EngineMaterials/Substrate/Glints2/dict_0002_0170.uasset" 8134
"../../../Engine/Content/EngineMaterials/Substrate/Glints2/dict_0002_0172.uasset" 8135
"../../../Engine/Content/EngineMaterials/Substrate/Glints2/dict_0002_0175.uasset" 8136
"../../../Engine/Content/EngineMaterials/Substrate/Glints2/dict_0002_0156.uasset" 8137
"../../../Engine/Content/EngineMaterials/Substrate/Glints2/dict_0002_0174.uasset" 8138
"../../../Engine/Content/EngineMaterials/Substrate/Glints2/dict_0002_0173.uasset" 8139
"../../../Engine/Content/EngineMaterials/Substrate/Glints2/dict_0002_0164.uasset" 8140
"../../../Engine/Content/EngineMaterials/Substrate/Glints2/dict_0002_0178.uasset" 8141
"../../../Engine/Content/EngineMaterials/Substrate/Glints2/dict_0002_0181.uasset" 8142
"../../../Engine/Content/EngineMaterials/Substrate/Glints2/dict_0002_0184.uasset" 8143
"../../../Engine/Content/EngineMaterials/Substrate/Glints2/dict_0002_0166.uasset" 8144
"../../../Engine/Content/EngineMaterials/Substrate/Glints2/dict_0002_0162.uasset" 8145
"../../../Engine/Content/EngineMaterials/Substrate/Glints2/dict_0002_0158.uasset" 8146
"../../../Engine/Content/EngineMaterials/Substrate/Glints2/dict_0002_0163.uasset" 8147
"../../../Engine/Content/EngineMaterials/Substrate/Glints2/dict_0002_0165.uasset" 8148
"../../../Engine/Content/EngineMaterials/Substrate/Glints2/dict_0002_0176.uasset" 8149
"../../../Engine/Content/EngineMaterials/Substrate/Glints2/dict_0002_0179.uasset" 8150
"../../../Engine/Content/EngineMaterials/Substrate/Glints2/dict_0002_0177.uasset" 8151
"../../../Engine/Content/EngineMaterials/Substrate/Glints2/dict_0002_0160.uasset" 8152
"/Engine/EngineMaterials/Substrate/Glints2/dict_0002_0185" 8153
"../../../Engine/Content/EngineMaterials/Substrate/Glints2/dict_0002_0159.uasset" 8154
"/Engine/EngineMaterials/Substrate/Glints2/dict_0002_0184" 8155
"../../../Engine/Content/EngineMaterials/Substrate/Glints2/dict_0002_0169.uasset" 8156
"/Engine/EngineMaterials/Substrate/Glints2/dict_0002_0181" 8157
"/Engine/EngineMaterials/Substrate/Glints2/dict_0002_0179" 8158
"/Engine/EngineMaterials/Substrate/Glints2/dict_0002_0178" 8159
"../../../Engine/Content/EngineMaterials/Substrate/Glints2/dict_0002_0180.uasset" 8160
"/Engine/EngineMaterials/Substrate/Glints2/dict_0002_0177" 8161
"../../../Engine/Content/EngineMaterials/Substrate/Glints2/dict_0002_0183.uasset" 8162
"/Engine/EngineMaterials/Substrate/Glints2/dict_0002_0176" 8163
"/Engine/EngineMaterials/Substrate/Glints2/dict_0002_0175" 8164
"../../../Engine/Content/EngineMaterials/Substrate/Glints2/dict_0002_0182.uasset" 8165
"/Engine/EngineMaterials/Substrate/Glints2/dict_0002_0174" 8166
"/Engine/EngineMaterials/Substrate/Glints2/dict_0002_0173" 8167
"../../../Engine/Content/EngineMaterials/Substrate/Glints2/dict_0002_0168.uasset" 8168
"/Engine/EngineMaterials/Substrate/Glints2/dict_0002_0172" 8169
"/Engine/EngineMaterials/Substrate/Glints2/dict_0002_0171" 8170
"/Engine/EngineMaterials/Substrate/Glints2/dict_0002_0170" 8171
"/Engine/EngineMaterials/Substrate/Glints2/dict_0002_0167" 8172
"/Engine/EngineMaterials/Substrate/Glints2/dict_0002_0166" 8173
"/Engine/EngineMaterials/Substrate/Glints2/dict_0002_0165" 8174
"/Engine/EngineMaterials/Substrate/Glints2/dict_0002_0164" 8175
"/Engine/EngineMaterials/Substrate/Glints2/dict_0002_0163" 8176
"/Engine/EngineMaterials/Substrate/Glints2/dict_0002_0162" 8177
"/Engine/EngineMaterials/Substrate/Glints2/dict_0002_0161" 8178
"/Engine/EngineMaterials/Substrate/Glints2/dict_0002_0160" 8179
"/Engine/EngineMaterials/Substrate/Glints2/dict_0002_0158" 8180
"/Engine/EngineMaterials/Substrate/Glints2/dict_0002_0157" 8181
"/Engine/EngineMaterials/Substrate/Glints2/dict_0002_0156" 8182
"/Engine/EngineMaterials/Substrate/Glints2/dict_0002_0155" 8183
"/Engine/EngineMaterials/Substrate/Glints2/dict_0002_0154" 8184
"/Engine/EngineMaterials/Substrate/Glints2/dict_0002_0183" 8185
"/Engine/EngineMaterials/Substrate/Glints2/dict_0002_0182" 8186
"/Engine/EngineMaterials/Substrate/Glints2/dict_0002_0180" 8187
"/Engine/EngineMaterials/Substrate/Glints2/dict_0002_0169" 8188
"/Engine/EngineMaterials/Substrate/Glints2/dict_0002_0168" 8189
"/Engine/EngineMaterials/Substrate/Glints2/dict_0002_0159" 8190
"../../../Engine/Content/EngineMaterials/Substrate/Glints2/dict_0002_0187.uasset" 8191
"../../../Engine/Content/EngineMaterials/Substrate/Glints2/dict_0002_0186.uasset" 8192
"../../../Engine/Content/EngineMaterials/Substrate/Glints2/dict_0002_0192.uasset" 8193
"../../../Engine/Content/EngineMaterials/Substrate/Glints2/dict_0002_0188.uasset" 8194
"../../../Engine/Content/EngineMaterials/Substrate/Glints2/dict_0002_0191.uasset" 8195
"../../../Engine/Content/EngineMaterials/Substrate/Glints2/dict_0002_0189.uasset" 8196
"../../../Engine/Content/EngineMaterials/Substrate/Glints2/dict_0002_0195.uasset" 8197
"../../../Engine/Content/EngineMaterials/Substrate/Glints2/dict_0002_0193.uasset" 8198
"../../../Engine/Content/EngineMaterials/Substrate/Glints2/dict_0002_0198.uasset" 8199
"../../../Engine/Content/EngineMaterials/Substrate/Glints2/dict_0002_0190.uasset" 8200
"../../../Engine/Content/EngineMaterials/Substrate/Glints2/dict_0002_0199.uasset" 8201
"../../../Engine/Content/EngineMaterials/Substrate/Glints2/dict_0002_0200.uasset" 8202
"../../../Engine/Content/EngineMaterials/Substrate/Glints2/dict_0002_0194.uasset" 8203
"../../../Engine/Content/EngineMaterials/Substrate/Glints2/dict_0002_0197.uasset" 8204
"../../../Engine/Content/EngineMaterials/Substrate/Glints2/dict_0002_0196.uasset" 8205
"../../../Engine/Content/EngineMaterials/Substrate/Glints2/dict_0002_0206.uasset" 8206
"../../../Engine/Content/EngineMaterials/Substrate/Glints2/dict_0002_0207.uasset" 8207
"../../../Engine/Content/EngineMaterials/Substrate/Glints2/dict_0002_0211.uasset" 8208
"../../../Engine/Content/EngineMaterials/Substrate/Glints2/dict_0002_0216.uasset" 8209
"../../../Engine/Content/EngineMaterials/Substrate/Glints2/dict_0002_0203.uasset" 8210
"../../../Engine/Content/EngineMaterials/Substrate/Glints2/dict_0002_0202.uasset" 8211
"../../../Engine/Content/EngineMaterials/Substrate/Glints2/dict_0002_0205.uasset" 8212
"../../../Engine/Content/EngineMaterials/Substrate/Glints2/dict_0002_0209.uasset" 8213
"../../../Engine/Content/EngineMaterials/Substrate/Glints2/dict_0002_0212.uasset" 8214
"../../../Engine/Content/EngineMaterials/Substrate/Glints2/dict_0002_0215.uasset" 8215
"../../../Engine/Content/EngineMaterials/Substrate/Glints2/dict_0002_0201.uasset" 8216
"../../../Engine/Content/EngineMaterials/Substrate/Glints2/dict_0002_0217.uasset" 8217
"../../../Engine/Content/EngineMaterials/Substrate/Glints2/dict_0002_0213.uasset" 8218
"../../../Engine/Content/EngineMaterials/Substrate/Glints2/dict_0002_0214.uasset" 8219
"../../../Engine/Content/EngineMaterials/Substrate/Glints2/dict_0002_0204.uasset" 8220
"../../../Engine/Content/EngineMaterials/Substrate/Glints2/dict_0002_0208.uasset" 8221
"../../../Engine/Content/EngineMaterials/Substrate/Glints2/dict_0002_0210.uasset" 8222
"/Engine/EngineMaterials/Substrate/Glints2/dict_0002_0211" 8223
"/Engine/EngineMaterials/Substrate/Glints2/dict_0002_0210" 8224
"/Engine/EngineMaterials/Substrate/Glints2/dict_0002_0217" 8225
"/Engine/EngineMaterials/Substrate/Glints2/dict_0002_0216" 8226
"/Engine/EngineMaterials/Substrate/Glints2/dict_0002_0209" 8227
"/Engine/EngineMaterials/Substrate/Glints2/dict_0002_0215" 8228
"/Engine/EngineMaterials/Substrate/Glints2/dict_0002_0208" 8229
"/Engine/EngineMaterials/Substrate/Glints2/dict_0002_0207" 8230
"/Engine/EngineMaterials/Substrate/Glints2/dict_0002_0206" 8231
"/Engine/EngineMaterials/Substrate/Glints2/dict_0002_0205" 8232
"/Engine/EngineMaterials/Substrate/Glints2/dict_0002_0204" 8233
"/Engine/EngineMaterials/Substrate/Glints2/dict_0002_0203" 8234
"/Engine/EngineMaterials/Substrate/Glints2/dict_0002_0202" 8235
"/Engine/EngineMaterials/Substrate/Glints2/dict_0002_0201" 8236
"/Engine/EngineMaterials/Substrate/Glints2/dict_0002_0200" 8237
"/Engine/EngineMaterials/Substrate/Glints2/dict_0002_0199" 8238
"/Engine/EngineMaterials/Substrate/Glints2/dict_0002_0214" 8239
"/Engine/EngineMaterials/Substrate/Glints2/dict_0002_0213" 8240
"/Engine/EngineMaterials/Substrate/Glints2/dict_0002_0198" 8241
"/Engine/EngineMaterials/Substrate/Glints2/dict_0002_0197" 8242
"/Engine/EngineMaterials/Substrate/Glints2/dict_0002_0196" 8243
"/Engine/EngineMaterials/Substrate/Glints2/dict_0002_0195" 8244
"/Engine/EngineMaterials/Substrate/Glints2/dict_0002_0194" 8245
"/Engine/EngineMaterials/Substrate/Glints2/dict_0002_0193" 8246
"/Engine/EngineMaterials/Substrate/Glints2/dict_0002_0192" 8247
"/Engine/EngineMaterials/Substrate/Glints2/dict_0002_0191" 8248
"/Engine/EngineMaterials/Substrate/Glints2/dict_0002_0212" 8249
"/Engine/EngineMaterials/Substrate/Glints2/dict_0002_0190" 8250
"/Engine/EngineMaterials/Substrate/Glints2/dict_0002_0189" 8251
"/Engine/EngineMaterials/Substrate/Glints2/dict_0002_0188" 8252
"/Engine/EngineMaterials/Substrate/Glints2/dict_0002_0187" 8253
"/Engine/EngineMaterials/Substrate/Glints2/dict_0002_0186" 8254
"../../../Engine/Content/EngineMaterials/Substrate/Glints2/dict_0002_0219.uasset" 8255
"../../../Engine/Content/EngineMaterials/Substrate/Glints2/dict_0002_0220.uasset" 8256
"../../../Engine/Content/EngineMaterials/Substrate/Glints2/dict_0002_0226.uasset" 8257
"../../../Engine/Content/EngineMaterials/Substrate/Glints2/dict_0002_0241.uasset" 8258
"../../../Engine/Content/EngineMaterials/Substrate/Glints2/dict_0002_0224.uasset" 8259
"../../../Engine/Content/EngineMaterials/Substrate/Glints2/dict_0002_0230.uasset" 8260
"../../../Engine/Content/EngineMaterials/Substrate/Glints2/dict_0002_0223.uasset" 8261
"../../../Engine/Content/EngineMaterials/Substrate/Glints2/dict_0002_0234.uasset" 8262
"../../../Engine/Content/EngineMaterials/Substrate/Glints2/dict_0002_0229.uasset" 8263
"../../../Engine/Content/EngineMaterials/Substrate/Glints2/dict_0002_0237.uasset" 8264
"../../../Engine/Content/EngineMaterials/Substrate/Glints2/dict_0002_0240.uasset" 8265
"../../../Engine/Content/EngineMaterials/Substrate/Glints2/dict_0002_0232.uasset" 8266
"../../../Engine/Content/EngineMaterials/Substrate/Glints2/dict_0002_0218.uasset" 8267
"../../../Engine/Content/EngineMaterials/Substrate/Glints2/dict_0002_0228.uasset" 8268
"../../../Engine/Content/EngineMaterials/Substrate/Glints2/dict_0002_0244.uasset" 8269
"../../../Engine/Content/EngineMaterials/Substrate/Glints2/dict_0002_0246.uasset" 8270
"../../../Engine/Content/EngineMaterials/Substrate/Glints2/dict_0002_0227.uasset" 8271
"../../../Engine/Content/EngineMaterials/Substrate/Glints2/dict_0002_0235.uasset" 8272
"../../../Engine/Content/EngineMaterials/Substrate/Glints2/dict_0002_0243.uasset" 8273
"../../../Engine/Content/EngineMaterials/Substrate/Glints2/dict_0002_0245.uasset" 8274
"../../../Engine/Content/EngineMaterials/Substrate/Glints2/dict_0002_0221.uasset" 8275
"../../../Engine/Content/EngineMaterials/Substrate/Glints2/dict_0002_0248.uasset" 8276
"../../../Engine/Content/EngineMaterials/Substrate/Glints2/dict_0002_0231.uasset" 8277
"../../../Engine/Content/EngineMaterials/Substrate/Glints2/dict_0002_0236.uasset" 8278
"../../../Engine/Content/EngineMaterials/Substrate/Glints2/dict_0002_0249.uasset" 8279
"../../../Engine/Content/EngineMaterials/Substrate/Glints2/dict_0002_0242.uasset" 8280
"../../../Engine/Content/EngineMaterials/Substrate/Glints2/dict_0002_0247.uasset" 8281
"../../../Engine/Content/EngineMaterials/Substrate/Glints2/dict_0002_0233.uasset" 8282
"../../../Engine/Content/EngineMaterials/Substrate/Glints2/dict_0002_0239.uasset" 8283
"../../../Engine/Content/EngineMaterials/Substrate/Glints2/dict_0002_0238.uasset" 8284
"../../../Engine/Content/EngineMaterials/Substrate/Glints2/dict_0002_0225.uasset" 8285
"../../../Engine/Content/EngineMaterials/Substrate/Glints2/dict_0002_0222.uasset" 8286
"/Engine/EngineMaterials/Substrate/Glints2/dict_0002_0249" 8287
"/Engine/EngineMaterials/Substrate/Glints2/dict_0002_0248" 8288
"/Engine/EngineMaterials/Substrate/Glints2/dict_0002_0247" 8289
"/Engine/EngineMaterials/Substrate/Glints2/dict_0002_0246" 8290
"/Engine/EngineMaterials/Substrate/Glints2/dict_0002_0245" 8291
"/Engine/EngineMaterials/Substrate/Glints2/dict_0002_0244" 8292
"/Engine/EngineMaterials/Substrate/Glints2/dict_0002_0243" 8293
"/Engine/EngineMaterials/Substrate/Glints2/dict_0002_0242" 8294
"/Engine/EngineMaterials/Substrate/Glints2/dict_0002_0241" 8295
"/Engine/EngineMaterials/Substrate/Glints2/dict_0002_0240" 8296
"/Engine/EngineMaterials/Substrate/Glints2/dict_0002_0239" 8297
"/Engine/EngineMaterials/Substrate/Glints2/dict_0002_0238" 8298
"/Engine/EngineMaterials/Substrate/Glints2/dict_0002_0237" 8299
"/Engine/EngineMaterials/Substrate/Glints2/dict_0002_0236" 8300
"/Engine/EngineMaterials/Substrate/Glints2/dict_0002_0235" 8301
"/Engine/EngineMaterials/Substrate/Glints2/dict_0002_0234" 8302
"/Engine/EngineMaterials/Substrate/Glints2/dict_0002_0233" 8303
"/Engine/EngineMaterials/Substrate/Glints2/dict_0002_0232" 8304
"/Engine/EngineMaterials/Substrate/Glints2/dict_0002_0231" 8305
"/Engine/EngineMaterials/Substrate/Glints2/dict_0002_0230" 8306
"/Engine/EngineMaterials/Substrate/Glints2/dict_0002_0229" 8307
"/Engine/EngineMaterials/Substrate/Glints2/dict_0002_0228" 8308
"/Engine/EngineMaterials/Substrate/Glints2/dict_0002_0227" 8309
"/Engine/EngineMaterials/Substrate/Glints2/dict_0002_0226" 8310
"/Engine/EngineMaterials/Substrate/Glints2/dict_0002_0225" 8311
"/Engine/EngineMaterials/Substrate/Glints2/dict_0002_0224" 8312
"/Engine/EngineMaterials/Substrate/Glints2/dict_0002_0223" 8313
"/Engine/EngineMaterials/Substrate/Glints2/dict_0002_0222" 8314
"/Engine/EngineMaterials/Substrate/Glints2/dict_0002_0221" 8315
"/Engine/EngineMaterials/Substrate/Glints2/dict_0002_0220" 8316
"/Engine/EngineMaterials/Substrate/Glints2/dict_0002_0219" 8317
"/Engine/EngineMaterials/Substrate/Glints2/dict_0002_0218" 8318
"../../../Engine/Content/EngineMaterials/Substrate/Glints2/dict_0002_0251.uasset" 8319
"../../../Engine/Content/EngineMaterials/Substrate/Glints2/dict_0002_0252.uasset" 8320
"../../../Engine/Content/EngineMaterials/Substrate/Glints2/dict_0002_0254.uasset" 8321
"../../../Engine/Content/EngineMaterials/Substrate/Glints2/dict_0002_0253.uasset" 8322
"../../../Engine/Content/EngineMaterials/Substrate/Glints2/dict_0002_0255.uasset" 8323
"../../../Engine/Content/EngineMaterials/Substrate/Glints2/dict_0003_0001.uasset" 8324
"../../../Engine/Content/EngineMaterials/Substrate/Glints2/dict_0002_0250.uasset" 8325
"../../../Engine/Content/EngineMaterials/Substrate/Glints2/dict_0003_0002.uasset" 8326
"../../../Engine/Content/EngineMaterials/Substrate/Glints2/dict_0003_0005.uasset" 8327
"../../../Engine/Content/EngineMaterials/Substrate/Glints2/dict_0003_0013.uasset" 8328
"../../../Engine/Content/EngineMaterials/Substrate/Glints2/dict_0003_0007.uasset" 8329
"../../../Engine/Content/EngineMaterials/Substrate/Glints2/dict_0003_0008.uasset" 8330
"../../../Engine/Content/EngineMaterials/Substrate/Glints2/dict_0003_0011.uasset" 8331
"../../../Engine/Content/EngineMaterials/Substrate/Glints2/dict_0003_0012.uasset" 8332
"../../../Engine/Content/EngineMaterials/Substrate/Glints2/dict_0003_0003.uasset" 8333
"../../../Engine/Content/EngineMaterials/Substrate/Glints2/dict_0003_0022.uasset" 8334
"../../../Engine/Content/EngineMaterials/Substrate/Glints2/dict_0003_0021.uasset" 8335
"../../../Engine/Content/EngineMaterials/Substrate/Glints2/dict_0003_0014.uasset" 8336
"../../../Engine/Content/EngineMaterials/Substrate/Glints2/dict_0003_0025.uasset" 8337
"../../../Engine/Content/EngineMaterials/Substrate/Glints2/dict_0003_0006.uasset" 8338
"../../../Engine/Content/EngineMaterials/Substrate/Glints2/dict_0003_0010.uasset" 8339
"../../../Engine/Content/EngineMaterials/Substrate/Glints2/dict_0003_0016.uasset" 8340
"../../../Engine/Content/EngineMaterials/Substrate/Glints2/dict_0003_0020.uasset" 8341
"../../../Engine/Content/EngineMaterials/Substrate/Glints2/dict_0003_0018.uasset" 8342
"../../../Engine/Content/EngineMaterials/Substrate/Glints2/dict_0003_0017.uasset" 8343
"../../../Engine/Content/EngineMaterials/Substrate/Glints2/dict_0003_0023.uasset" 8344
"../../../Engine/Content/EngineMaterials/Substrate/Glints2/dict_0003_0004.uasset" 8345
"../../../Engine/Content/EngineMaterials/Substrate/Glints2/dict_0003_0009.uasset" 8346
"../../../Engine/Content/EngineMaterials/Substrate/Glints2/dict_0003_0024.uasset" 8347
"../../../Engine/Content/EngineMaterials/Substrate/Glints2/dict_0003_0000.uasset" 8348
"../../../Engine/Content/EngineMaterials/Substrate/Glints2/dict_0003_0019.uasset" 8349
"../../../Engine/Content/EngineMaterials/Substrate/Glints2/dict_0003_0015.uasset" 8350
"/Engine/EngineMaterials/Substrate/Glints2/dict_0003_0025" 8351
"/Engine/EngineMaterials/Substrate/Glints2/dict_0003_0024" 8352
"/Engine/EngineMaterials/Substrate/Glints2/dict_0003_0023" 8353
"/Engine/EngineMaterials/Substrate/Glints2/dict_0003_0022" 8354
"/Engine/EngineMaterials/Substrate/Glints2/dict_0003_0021" 8355
"/Engine/EngineMaterials/Substrate/Glints2/dict_0003_0020" 8356
"/Engine/EngineMaterials/Substrate/Glints2/dict_0003_0019" 8357
"/Engine/EngineMaterials/Substrate/Glints2/dict_0003_0018" 8358
"/Engine/EngineMaterials/Substrate/Glints2/dict_0003_0017" 8359
"/Engine/EngineMaterials/Substrate/Glints2/dict_0003_0016" 8360
"/Engine/EngineMaterials/Substrate/Glints2/dict_0003_0015" 8361
"/Engine/EngineMaterials/Substrate/Glints2/dict_0003_0014" 8362
"/Engine/EngineMaterials/Substrate/Glints2/dict_0003_0013" 8363
"/Engine/EngineMaterials/Substrate/Glints2/dict_0003_0012" 8364
"/Engine/EngineMaterials/Substrate/Glints2/dict_0003_0011" 8365
"/Engine/EngineMaterials/Substrate/Glints2/dict_0003_0010" 8366
"/Engine/EngineMaterials/Substrate/Glints2/dict_0003_0009" 8367
"/Engine/EngineMaterials/Substrate/Glints2/dict_0003_0008" 8368
"/Engine/EngineMaterials/Substrate/Glints2/dict_0003_0007" 8369
"/Engine/EngineMaterials/Substrate/Glints2/dict_0003_0006" 8370
"/Engine/EngineMaterials/Substrate/Glints2/dict_0003_0005" 8371
"/Engine/EngineMaterials/Substrate/Glints2/dict_0003_0004" 8372
"/Engine/EngineMaterials/Substrate/Glints2/dict_0003_0003" 8373
"/Engine/EngineMaterials/Substrate/Glints2/dict_0003_0002" 8374
"/Engine/EngineMaterials/Substrate/Glints2/dict_0003_0001" 8375
"/Engine/EngineMaterials/Substrate/Glints2/dict_0003_0000" 8376
"/Engine/EngineMaterials/Substrate/Glints2/dict_0002_0255" 8377
"/Engine/EngineMaterials/Substrate/Glints2/dict_0002_0254" 8378
"/Engine/EngineMaterials/Substrate/Glints2/dict_0002_0253" 8379
"/Engine/EngineMaterials/Substrate/Glints2/dict_0002_0252" 8380
"/Engine/EngineMaterials/Substrate/Glints2/dict_0002_0251" 8381
"/Engine/EngineMaterials/Substrate/Glints2/dict_0002_0250" 8382
"../../../Engine/Content/EngineMaterials/Substrate/Glints2/dict_0003_0027.uasset" 8383
"../../../Engine/Content/EngineMaterials/Substrate/Glints2/dict_0003_0030.uasset" 8384
"../../../Engine/Content/EngineMaterials/Substrate/Glints2/dict_0003_0028.uasset" 8385
"../../../Engine/Content/EngineMaterials/Substrate/Glints2/dict_0003_0035.uasset" 8386
"../../../Engine/Content/EngineMaterials/Substrate/Glints2/dict_0003_0037.uasset" 8387
"../../../Engine/Content/EngineMaterials/Substrate/Glints2/dict_0003_0034.uasset" 8388
"../../../Engine/Content/EngineMaterials/Substrate/Glints2/dict_0003_0029.uasset" 8389
"../../../Engine/Content/EngineMaterials/Substrate/Glints2/dict_0003_0033.uasset" 8390
"../../../Engine/Content/EngineMaterials/Substrate/Glints2/dict_0003_0032.uasset" 8391
"../../../Engine/Content/EngineMaterials/Substrate/Glints2/dict_0003_0038.uasset" 8392
"../../../Engine/Content/EngineMaterials/Substrate/Glints2/dict_0003_0040.uasset" 8393
"../../../Engine/Content/EngineMaterials/Substrate/Glints2/dict_0003_0036.uasset" 8394
"../../../Engine/Content/EngineMaterials/Substrate/Glints2/dict_0003_0026.uasset" 8395
"../../../Engine/Content/EngineMaterials/Substrate/Glints2/dict_0003_0042.uasset" 8396
"../../../Engine/Content/EngineMaterials/Substrate/Glints2/dict_0003_0051.uasset" 8397
"../../../Engine/Content/EngineMaterials/Substrate/Glints2/dict_0003_0054.uasset" 8398
"../../../Engine/Content/EngineMaterials/Substrate/Glints2/dict_0003_0048.uasset" 8399
"../../../Engine/Content/EngineMaterials/Substrate/Glints2/dict_0003_0052.uasset" 8400
"../../../Engine/Content/EngineMaterials/Substrate/Glints2/dict_0003_0050.uasset" 8401
"../../../Engine/Content/EngineMaterials/Substrate/Glints2/dict_0003_0039.uasset" 8402
"../../../Engine/Content/EngineMaterials/Substrate/Glints2/dict_0003_0043.uasset" 8403
"../../../Engine/Content/EngineMaterials/Substrate/Glints2/dict_0003_0041.uasset" 8404
"../../../Engine/Content/EngineMaterials/Substrate/Glints2/dict_0003_0047.uasset" 8405
"../../../Engine/Content/EngineMaterials/Substrate/Glints2/dict_0003_0044.uasset" 8406
"../../../Engine/Content/EngineMaterials/Substrate/Glints2/dict_0003_0056.uasset" 8407
"../../../Engine/Content/EngineMaterials/Substrate/Glints2/dict_0003_0045.uasset" 8408
"../../../Engine/Content/EngineMaterials/Substrate/Glints2/dict_0003_0053.uasset" 8409
"../../../Engine/Content/EngineMaterials/Substrate/Glints2/dict_0003_0031.uasset" 8410
"../../../Engine/Content/EngineMaterials/Substrate/Glints2/dict_0003_0057.uasset" 8411
"../../../Engine/Content/EngineMaterials/Substrate/Glints2/dict_0003_0055.uasset" 8412
"../../../Engine/Content/EngineMaterials/Substrate/Glints2/dict_0003_0046.uasset" 8413
"../../../Engine/Content/EngineMaterials/Substrate/Glints2/dict_0003_0049.uasset" 8414
"/Engine/EngineMaterials/Substrate/Glints2/dict_0003_0057" 8415
"/Engine/EngineMaterials/Substrate/Glints2/dict_0003_0056" 8416
"/Engine/EngineMaterials/Substrate/Glints2/dict_0003_0055" 8417
"/Engine/EngineMaterials/Substrate/Glints2/dict_0003_0054" 8418
"/Engine/EngineMaterials/Substrate/Glints2/dict_0003_0053" 8419
"/Engine/EngineMaterials/Substrate/Glints2/dict_0003_0052" 8420
"/Engine/EngineMaterials/Substrate/Glints2/dict_0003_0051" 8421
"/Engine/EngineMaterials/Substrate/Glints2/dict_0003_0050" 8422
"/Engine/EngineMaterials/Substrate/Glints2/dict_0003_0049" 8423
"/Engine/EngineMaterials/Substrate/Glints2/dict_0003_0048" 8424
"/Engine/EngineMaterials/Substrate/Glints2/dict_0003_0047" 8425
"/Engine/EngineMaterials/Substrate/Glints2/dict_0003_0046" 8426
"/Engine/EngineMaterials/Substrate/Glints2/dict_0003_0045" 8427
"/Engine/EngineMaterials/Substrate/Glints2/dict_0003_0044" 8428
"/Engine/EngineMaterials/Substrate/Glints2/dict_0003_0043" 8429
"/Engine/EngineMaterials/Substrate/Glints2/dict_0003_0042" 8430
"/Engine/EngineMaterials/Substrate/Glints2/dict_0003_0041" 8431
"/Engine/EngineMaterials/Substrate/Glints2/dict_0003_0040" 8432
"/Engine/EngineMaterials/Substrate/Glints2/dict_0003_0039" 8433
"/Engine/EngineMaterials/Substrate/Glints2/dict_0003_0038" 8434
"/Engine/EngineMaterials/Substrate/Glints2/dict_0003_0037" 8435
"/Engine/EngineMaterials/Substrate/Glints2/dict_0003_0036" 8436
"/Engine/EngineMaterials/Substrate/Glints2/dict_0003_0035" 8437
"/Engine/EngineMaterials/Substrate/Glints2/dict_0003_0034" 8438
"/Engine/EngineMaterials/Substrate/Glints2/dict_0003_0033" 8439
"/Engine/EngineMaterials/Substrate/Glints2/dict_0003_0032" 8440
"/Engine/EngineMaterials/Substrate/Glints2/dict_0003_0031" 8441
"/Engine/EngineMaterials/Substrate/Glints2/dict_0003_0030" 8442
"/Engine/EngineMaterials/Substrate/Glints2/dict_0003_0029" 8443
"/Engine/EngineMaterials/Substrate/Glints2/dict_0003_0028" 8444
"/Engine/EngineMaterials/Substrate/Glints2/dict_0003_0027" 8445
"/Engine/EngineMaterials/Substrate/Glints2/dict_0003_0026" 8446
"../../../Engine/Content/EngineMaterials/Substrate/Glints2/dict_0003_0069.uasset" 8447
"../../../Engine/Content/EngineMaterials/Substrate/Glints2/dict_0003_0058.uasset" 8448
"../../../Engine/Content/EngineMaterials/Substrate/Glints2/dict_0003_0059.uasset" 8449
"../../../Engine/Content/EngineMaterials/Substrate/Glints2/dict_0003_0080.uasset" 8450
"../../../Engine/Content/EngineMaterials/Substrate/Glints2/dict_0003_0066.uasset" 8451
"../../../Engine/Content/EngineMaterials/Substrate/Glints2/dict_0003_0060.uasset" 8452
"../../../Engine/Content/EngineMaterials/Substrate/Glints2/dict_0003_0084.uasset" 8453
"../../../Engine/Content/EngineMaterials/Substrate/Glints2/dict_0003_0061.uasset" 8454
"../../../Engine/Content/EngineMaterials/Substrate/Glints2/dict_0003_0075.uasset" 8455
"../../../Engine/Content/EngineMaterials/Substrate/Glints2/dict_0003_0063.uasset" 8456
"../../../Engine/Content/EngineMaterials/Substrate/Glints2/dict_0003_0073.uasset" 8457
"../../../Engine/Content/EngineMaterials/Substrate/Glints2/dict_0003_0074.uasset" 8458
"../../../Engine/Content/EngineMaterials/Substrate/Glints2/dict_0003_0081.uasset" 8459
"../../../Engine/Content/EngineMaterials/Substrate/Glints2/dict_0003_0087.uasset" 8460
"../../../Engine/Content/EngineMaterials/Substrate/Glints2/dict_0003_0085.uasset" 8461
"../../../Engine/Content/EngineMaterials/Substrate/Glints2/dict_0003_0062.uasset" 8462
"../../../Engine/Content/EngineMaterials/Substrate/Glints2/dict_0003_0072.uasset" 8463
"../../../Engine/Content/EngineMaterials/Substrate/Glints2/dict_0003_0076.uasset" 8464
"../../../Engine/Content/EngineMaterials/Substrate/Glints2/dict_0003_0068.uasset" 8465
"../../../Engine/Content/EngineMaterials/Substrate/Glints2/dict_0003_0086.uasset" 8466
"../../../Engine/Content/EngineMaterials/Substrate/Glints2/dict_0003_0083.uasset" 8467
"../../../Engine/Content/EngineMaterials/Substrate/Glints2/dict_0003_0082.uasset" 8468
"../../../Engine/Content/EngineMaterials/Substrate/Glints2/dict_0003_0077.uasset" 8469
"../../../Engine/Content/EngineMaterials/Substrate/Glints2/dict_0003_0070.uasset" 8470
"../../../Engine/Content/EngineMaterials/Substrate/Glints2/dict_0003_0088.uasset" 8471
"../../../Engine/Content/EngineMaterials/Substrate/Glints2/dict_0003_0089.uasset" 8472
"../../../Engine/Content/EngineMaterials/Substrate/Glints2/dict_0003_0064.uasset" 8473
"../../../Engine/Content/EngineMaterials/Substrate/Glints2/dict_0003_0071.uasset" 8474
"../../../Engine/Content/EngineMaterials/Substrate/Glints2/dict_0003_0079.uasset" 8475
"../../../Engine/Content/EngineMaterials/Substrate/Glints2/dict_0003_0067.uasset" 8476
"../../../Engine/Content/EngineMaterials/Substrate/Glints2/dict_0003_0065.uasset" 8477
"../../../Engine/Content/EngineMaterials/Substrate/Glints2/dict_0003_0078.uasset" 8478
"/Engine/EngineMaterials/Substrate/Glints2/dict_0003_0089" 8479
"/Engine/EngineMaterials/Substrate/Glints2/dict_0003_0088" 8480
"/Engine/EngineMaterials/Substrate/Glints2/dict_0003_0087" 8481
"/Engine/EngineMaterials/Substrate/Glints2/dict_0003_0086" 8482
"/Engine/EngineMaterials/Substrate/Glints2/dict_0003_0085" 8483
"/Engine/EngineMaterials/Substrate/Glints2/dict_0003_0084" 8484
"/Engine/EngineMaterials/Substrate/Glints2/dict_0003_0083" 8485
"/Engine/EngineMaterials/Substrate/Glints2/dict_0003_0082" 8486
"/Engine/EngineMaterials/Substrate/Glints2/dict_0003_0081" 8487
"/Engine/EngineMaterials/Substrate/Glints2/dict_0003_0080" 8488
"/Engine/EngineMaterials/Substrate/Glints2/dict_0003_0079" 8489
"/Engine/EngineMaterials/Substrate/Glints2/dict_0003_0078" 8490
"/Engine/EngineMaterials/Substrate/Glints2/dict_0003_0077" 8491
"/Engine/EngineMaterials/Substrate/Glints2/dict_0003_0076" 8492
"/Engine/EngineMaterials/Substrate/Glints2/dict_0003_0075" 8493
"/Engine/EngineMaterials/Substrate/Glints2/dict_0003_0074" 8494
"/Engine/EngineMaterials/Substrate/Glints2/dict_0003_0073" 8495
"/Engine/EngineMaterials/Substrate/Glints2/dict_0003_0072" 8496
"/Engine/EngineMaterials/Substrate/Glints2/dict_0003_0071" 8497
"/Engine/EngineMaterials/Substrate/Glints2/dict_0003_0070" 8498
"/Engine/EngineMaterials/Substrate/Glints2/dict_0003_0069" 8499
"/Engine/EngineMaterials/Substrate/Glints2/dict_0003_0068" 8500
"/Engine/EngineMaterials/Substrate/Glints2/dict_0003_0067" 8501
"/Engine/EngineMaterials/Substrate/Glints2/dict_0003_0066" 8502
"/Engine/EngineMaterials/Substrate/Glints2/dict_0003_0065" 8503
"/Engine/EngineMaterials/Substrate/Glints2/dict_0003_0064" 8504
"/Engine/EngineMaterials/Substrate/Glints2/dict_0003_0063" 8505
"/Engine/EngineMaterials/Substrate/Glints2/dict_0003_0062" 8506
"/Engine/EngineMaterials/Substrate/Glints2/dict_0003_0061" 8507
"/Engine/EngineMaterials/Substrate/Glints2/dict_0003_0060" 8508
"/Engine/EngineMaterials/Substrate/Glints2/dict_0003_0059" 8509
"/Engine/EngineMaterials/Substrate/Glints2/dict_0003_0058" 8510
"../../../Engine/Content/EngineMaterials/Substrate/Glints2/dict_0003_0090.uasset" 8511
"../../../Engine/Content/EngineMaterials/Substrate/Glints2/dict_0003_0092.uasset" 8512
"../../../Engine/Content/EngineMaterials/Substrate/Glints2/dict_0003_0094.uasset" 8513
"../../../Engine/Content/EngineMaterials/Substrate/Glints2/dict_0003_0091.uasset" 8514
"../../../Engine/Content/EngineMaterials/Substrate/Glints2/dict_0003_0093.uasset" 8515
"../../../Engine/Content/EngineMaterials/Substrate/Glints2/dict_0003_0103.uasset" 8516
"../../../Engine/Content/EngineMaterials/Substrate/Glints2/dict_0003_0108.uasset" 8517
"../../../Engine/Content/EngineMaterials/Substrate/Glints2/dict_0003_0095.uasset" 8518
"../../../Engine/Content/EngineMaterials/Substrate/Glints2/dict_0003_0107.uasset" 8519
"../../../Engine/Content/EngineMaterials/Substrate/Glints2/dict_0003_0111.uasset" 8520
"../../../Engine/Content/EngineMaterials/Substrate/Glints2/dict_0003_0099.uasset" 8521
"../../../Engine/Content/EngineMaterials/Substrate/Glints2/dict_0003_0097.uasset" 8522
"../../../Engine/Content/EngineMaterials/Substrate/Glints2/dict_0003_0113.uasset" 8523
"../../../Engine/Content/EngineMaterials/Substrate/Glints2/dict_0003_0101.uasset" 8524
"../../../Engine/Content/EngineMaterials/Substrate/Glints2/dict_0003_0104.uasset" 8525
"../../../Engine/Content/EngineMaterials/Substrate/Glints2/dict_0003_0109.uasset" 8526
"../../../Engine/Content/EngineMaterials/Substrate/Glints2/dict_0003_0115.uasset" 8527
"../../../Engine/Content/EngineMaterials/Substrate/Glints2/dict_0003_0096.uasset" 8528
"../../../Engine/Content/EngineMaterials/Substrate/Glints2/dict_0003_0102.uasset" 8529
"../../../Engine/Content/EngineMaterials/Substrate/Glints2/dict_0003_0116.uasset" 8530
"../../../Engine/Content/EngineMaterials/Substrate/Glints2/dict_0003_0106.uasset" 8531
"../../../Engine/Content/EngineMaterials/Substrate/Glints2/dict_0003_0119.uasset" 8532
"../../../Engine/Content/EngineMaterials/Substrate/Glints2/dict_0003_0117.uasset" 8533
"../../../Engine/Content/EngineMaterials/Substrate/Glints2/dict_0003_0112.uasset" 8534
"../../../Engine/Content/EngineMaterials/Substrate/Glints2/dict_0003_0105.uasset" 8535
"../../../Engine/Content/EngineMaterials/Substrate/Glints2/dict_0003_0114.uasset" 8536
"../../../Engine/Content/EngineMaterials/Substrate/Glints2/dict_0003_0120.uasset" 8537
"../../../Engine/Content/EngineMaterials/Substrate/Glints2/dict_0003_0118.uasset" 8538
"../../../Engine/Content/EngineMaterials/Substrate/Glints2/dict_0003_0100.uasset" 8539
"../../../Engine/Content/EngineMaterials/Substrate/Glints2/dict_0003_0110.uasset" 8540
"../../../Engine/Content/EngineMaterials/Substrate/Glints2/dict_0003_0098.uasset" 8541
"../../../Engine/Content/EngineMaterials/Substrate/Glints2/dict_0003_0121.uasset" 8542
"/Engine/EngineMaterials/Substrate/Glints2/dict_0003_0121" 8543
"/Engine/EngineMaterials/Substrate/Glints2/dict_0003_0120" 8544
"/Engine/EngineMaterials/Substrate/Glints2/dict_0003_0119" 8545
"/Engine/EngineMaterials/Substrate/Glints2/dict_0003_0118" 8546
"/Engine/EngineMaterials/Substrate/Glints2/dict_0003_0117" 8547
"/Engine/EngineMaterials/Substrate/Glints2/dict_0003_0116" 8548
"/Engine/EngineMaterials/Substrate/Glints2/dict_0003_0115" 8549
"/Engine/EngineMaterials/Substrate/Glints2/dict_0003_0114" 8550
"/Engine/EngineMaterials/Substrate/Glints2/dict_0003_0113" 8551
"/Engine/EngineMaterials/Substrate/Glints2/dict_0003_0112" 8552
"/Engine/EngineMaterials/Substrate/Glints2/dict_0003_0111" 8553
"/Engine/EngineMaterials/Substrate/Glints2/dict_0003_0110" 8554
"/Engine/EngineMaterials/Substrate/Glints2/dict_0003_0109" 8555
"/Engine/EngineMaterials/Substrate/Glints2/dict_0003_0108" 8556
"/Engine/EngineMaterials/Substrate/Glints2/dict_0003_0107" 8557
"/Engine/EngineMaterials/Substrate/Glints2/dict_0003_0106" 8558
"/Engine/EngineMaterials/Substrate/Glints2/dict_0003_0105" 8559
"/Engine/EngineMaterials/Substrate/Glints2/dict_0003_0104" 8560
"/Engine/EngineMaterials/Substrate/Glints2/dict_0003_0103" 8561
"/Engine/EngineMaterials/Substrate/Glints2/dict_0003_0102" 8562
"/Engine/EngineMaterials/Substrate/Glints2/dict_0003_0101" 8563
"/Engine/EngineMaterials/Substrate/Glints2/dict_0003_0100" 8564
"/Engine/EngineMaterials/Substrate/Glints2/dict_0003_0099" 8565
"/Engine/EngineMaterials/Substrate/Glints2/dict_0003_0098" 8566
"/Engine/EngineMaterials/Substrate/Glints2/dict_0003_0097" 8567
"/Engine/EngineMaterials/Substrate/Glints2/dict_0003_0096" 8568
"/Engine/EngineMaterials/Substrate/Glints2/dict_0003_0095" 8569
"/Engine/EngineMaterials/Substrate/Glints2/dict_0003_0094" 8570
"/Engine/EngineMaterials/Substrate/Glints2/dict_0003_0093" 8571
"/Engine/EngineMaterials/Substrate/Glints2/dict_0003_0092" 8572
"/Engine/EngineMaterials/Substrate/Glints2/dict_0003_0091" 8573
"/Engine/EngineMaterials/Substrate/Glints2/dict_0003_0090" 8574
"../../../Engine/Content/EngineMaterials/Substrate/Glints2/dict_0003_0123.uasset" 8575
"../../../Engine/Content/EngineMaterials/Substrate/Glints2/dict_0003_0134.uasset" 8576
"../../../Engine/Content/EngineMaterials/Substrate/Glints2/dict_0003_0132.uasset" 8577
"../../../Engine/Content/EngineMaterials/Substrate/Glints2/dict_0003_0135.uasset" 8578
"../../../Engine/Content/EngineMaterials/Substrate/Glints2/dict_0003_0122.uasset" 8579
"../../../Engine/Content/EngineMaterials/Substrate/Glints2/dict_0003_0131.uasset" 8580
"../../../Engine/Content/EngineMaterials/Substrate/Glints2/dict_0003_0125.uasset" 8581
"../../../Engine/Content/EngineMaterials/Substrate/Glints2/dict_0003_0127.uasset" 8582
"../../../Engine/Content/EngineMaterials/Substrate/Glints2/dict_0003_0124.uasset" 8583
"../../../Engine/Content/EngineMaterials/Substrate/Glints2/dict_0003_0130.uasset" 8584
"../../../Engine/Content/EngineMaterials/Substrate/Glints2/dict_0003_0138.uasset" 8585
"../../../Engine/Content/EngineMaterials/Substrate/Glints2/dict_0003_0126.uasset" 8586
"../../../Engine/Content/EngineMaterials/Substrate/Glints2/dict_0003_0141.uasset" 8587
"../../../Engine/Content/EngineMaterials/Substrate/Glints2/dict_0003_0139.uasset" 8588
"../../../Engine/Content/EngineMaterials/Substrate/Glints2/dict_0003_0136.uasset" 8589
"../../../Engine/Content/EngineMaterials/Substrate/Glints2/dict_0003_0128.uasset" 8590
"../../../Engine/Content/EngineMaterials/Substrate/Glints2/dict_0003_0140.uasset" 8591
"../../../Engine/Content/EngineMaterials/Substrate/Glints2/dict_0003_0137.uasset" 8592
"../../../Engine/Content/EngineMaterials/Substrate/Glints2/dict_0003_0147.uasset" 8593
"../../../Engine/Content/EngineMaterials/Substrate/Glints2/dict_0003_0148.uasset" 8594
"../../../Engine/Content/EngineMaterials/Substrate/Glints2/dict_0003_0150.uasset" 8595
"../../../Engine/Content/EngineMaterials/Substrate/Glints2/dict_0003_0145.uasset" 8596
"../../../Engine/Content/EngineMaterials/Substrate/Glints2/dict_0003_0142.uasset" 8597
"../../../Engine/Content/EngineMaterials/Substrate/Glints2/dict_0003_0144.uasset" 8598
"../../../Engine/Content/EngineMaterials/Substrate/Glints2/dict_0003_0149.uasset" 8599
"../../../Engine/Content/EngineMaterials/Substrate/Glints2/dict_0003_0129.uasset" 8600
"../../../Engine/Content/EngineMaterials/Substrate/Glints2/dict_0003_0151.uasset" 8601
"../../../Engine/Content/EngineMaterials/Substrate/Glints2/dict_0003_0152.uasset" 8602
"../../../Engine/Content/EngineMaterials/Substrate/Glints2/dict_0003_0133.uasset" 8603
"../../../Engine/Content/EngineMaterials/Substrate/Glints2/dict_0003_0153.uasset" 8604
"../../../Engine/Content/EngineMaterials/Substrate/Glints2/dict_0003_0146.uasset" 8605
"../../../Engine/Content/EngineMaterials/Substrate/Glints2/dict_0003_0143.uasset" 8606
"/Engine/EngineMaterials/Substrate/Glints2/dict_0003_0153" 8607
"/Engine/EngineMaterials/Substrate/Glints2/dict_0003_0152" 8608
"/Engine/EngineMaterials/Substrate/Glints2/dict_0003_0151" 8609
"/Engine/EngineMaterials/Substrate/Glints2/dict_0003_0150" 8610
"/Engine/EngineMaterials/Substrate/Glints2/dict_0003_0149" 8611
"/Engine/EngineMaterials/Substrate/Glints2/dict_0003_0148" 8612
"/Engine/EngineMaterials/Substrate/Glints2/dict_0003_0147" 8613
"/Engine/EngineMaterials/Substrate/Glints2/dict_0003_0146" 8614
"/Engine/EngineMaterials/Substrate/Glints2/dict_0003_0145" 8615
"/Engine/EngineMaterials/Substrate/Glints2/dict_0003_0144" 8616
"/Engine/EngineMaterials/Substrate/Glints2/dict_0003_0143" 8617
"/Engine/EngineMaterials/Substrate/Glints2/dict_0003_0142" 8618
"/Engine/EngineMaterials/Substrate/Glints2/dict_0003_0141" 8619
"/Engine/EngineMaterials/Substrate/Glints2/dict_0003_0140" 8620
"/Engine/EngineMaterials/Substrate/Glints2/dict_0003_0139" 8621
"/Engine/EngineMaterials/Substrate/Glints2/dict_0003_0138" 8622
"/Engine/EngineMaterials/Substrate/Glints2/dict_0003_0137" 8623
"/Engine/EngineMaterials/Substrate/Glints2/dict_0003_0136" 8624
"/Engine/EngineMaterials/Substrate/Glints2/dict_0003_0135" 8625
"/Engine/EngineMaterials/Substrate/Glints2/dict_0003_0134" 8626
"/Engine/EngineMaterials/Substrate/Glints2/dict_0003_0133" 8627
"/Engine/EngineMaterials/Substrate/Glints2/dict_0003_0132" 8628
"/Engine/EngineMaterials/Substrate/Glints2/dict_0003_0131" 8629
"/Engine/EngineMaterials/Substrate/Glints2/dict_0003_0130" 8630
"/Engine/EngineMaterials/Substrate/Glints2/dict_0003_0129" 8631
"/Engine/EngineMaterials/Substrate/Glints2/dict_0003_0128" 8632
"/Engine/EngineMaterials/Substrate/Glints2/dict_0003_0127" 8633
"/Engine/EngineMaterials/Substrate/Glints2/dict_0003_0126" 8634
"/Engine/EngineMaterials/Substrate/Glints2/dict_0003_0125" 8635
"/Engine/EngineMaterials/Substrate/Glints2/dict_0003_0124" 8636
"/Engine/EngineMaterials/Substrate/Glints2/dict_0003_0123" 8637
"/Engine/EngineMaterials/Substrate/Glints2/dict_0003_0122" 8638
"../../../Engine/Content/EngineMaterials/Substrate/Glints2/dict_0003_0157.uasset" 8639
"../../../Engine/Content/EngineMaterials/Substrate/Glints2/dict_0003_0154.uasset" 8640
"../../../Engine/Content/EngineMaterials/Substrate/Glints2/dict_0003_0180.uasset" 8641
"../../../Engine/Content/EngineMaterials/Substrate/Glints2/dict_0003_0185.uasset" 8642
"../../../Engine/Content/EngineMaterials/Substrate/Glints2/dict_0003_0167.uasset" 8643
"../../../Engine/Content/EngineMaterials/Substrate/Glints2/dict_0003_0168.uasset" 8644
"../../../Engine/Content/EngineMaterials/Substrate/Glints2/dict_0003_0171.uasset" 8645
"../../../Engine/Content/EngineMaterials/Substrate/Glints2/dict_0003_0176.uasset" 8646
"../../../Engine/Content/EngineMaterials/Substrate/Glints2/dict_0003_0165.uasset" 8647
"../../../Engine/Content/EngineMaterials/Substrate/Glints2/dict_0003_0182.uasset" 8648
"../../../Engine/Content/EngineMaterials/Substrate/Glints2/dict_0003_0159.uasset" 8649
"../../../Engine/Content/EngineMaterials/Substrate/Glints2/dict_0003_0160.uasset" 8650
"../../../Engine/Content/EngineMaterials/Substrate/Glints2/dict_0003_0178.uasset" 8651
"../../../Engine/Content/EngineMaterials/Substrate/Glints2/dict_0003_0169.uasset" 8652
"../../../Engine/Content/EngineMaterials/Substrate/Glints2/dict_0003_0162.uasset" 8653
"../../../Engine/Content/EngineMaterials/Substrate/Glints2/dict_0003_0166.uasset" 8654
"../../../Engine/Content/EngineMaterials/Substrate/Glints2/dict_0003_0164.uasset" 8655
"../../../Engine/Content/EngineMaterials/Substrate/Glints2/dict_0003_0163.uasset" 8656
"../../../Engine/Content/EngineMaterials/Substrate/Glints2/dict_0003_0175.uasset" 8657
"../../../Engine/Content/EngineMaterials/Substrate/Glints2/dict_0003_0161.uasset" 8658
"../../../Engine/Content/EngineMaterials/Substrate/Glints2/dict_0003_0172.uasset" 8659
"../../../Engine/Content/EngineMaterials/Substrate/Glints2/dict_0003_0158.uasset" 8660
"../../../Engine/Content/EngineMaterials/Substrate/Glints2/dict_0003_0181.uasset" 8661
"../../../Engine/Content/EngineMaterials/Substrate/Glints2/dict_0003_0184.uasset" 8662
"../../../Engine/Content/EngineMaterials/Substrate/Glints2/dict_0003_0173.uasset" 8663
"../../../Engine/Content/EngineMaterials/Substrate/Glints2/dict_0003_0170.uasset" 8664
"../../../Engine/Content/EngineMaterials/Substrate/Glints2/dict_0003_0155.uasset" 8665
"../../../Engine/Content/EngineMaterials/Substrate/Glints2/dict_0003_0183.uasset" 8666
"../../../Engine/Content/EngineMaterials/Substrate/Glints2/dict_0003_0179.uasset" 8667
"../../../Engine/Content/EngineMaterials/Substrate/Glints2/dict_0003_0174.uasset" 8668
"../../../Engine/Content/EngineMaterials/Substrate/Glints2/dict_0003_0177.uasset" 8669
"../../../Engine/Content/EngineMaterials/Substrate/Glints2/dict_0003_0156.uasset" 8670
"/Engine/EngineMaterials/Substrate/Glints2/dict_0003_0185" 8671
"/Engine/EngineMaterials/Substrate/Glints2/dict_0003_0184" 8672
"/Engine/EngineMaterials/Substrate/Glints2/dict_0003_0183" 8673
"/Engine/EngineMaterials/Substrate/Glints2/dict_0003_0182" 8674
"/Engine/EngineMaterials/Substrate/Glints2/dict_0003_0181" 8675
"/Engine/EngineMaterials/Substrate/Glints2/dict_0003_0180" 8676
"/Engine/EngineMaterials/Substrate/Glints2/dict_0003_0179" 8677
"/Engine/EngineMaterials/Substrate/Glints2/dict_0003_0178" 8678
"/Engine/EngineMaterials/Substrate/Glints2/dict_0003_0177" 8679
"/Engine/EngineMaterials/Substrate/Glints2/dict_0003_0176" 8680
"/Engine/EngineMaterials/Substrate/Glints2/dict_0003_0175" 8681
"/Engine/EngineMaterials/Substrate/Glints2/dict_0003_0174" 8682
"/Engine/EngineMaterials/Substrate/Glints2/dict_0003_0173" 8683
"/Engine/EngineMaterials/Substrate/Glints2/dict_0003_0172" 8684
"/Engine/EngineMaterials/Substrate/Glints2/dict_0003_0171" 8685
"/Engine/EngineMaterials/Substrate/Glints2/dict_0003_0170" 8686
"/Engine/EngineMaterials/Substrate/Glints2/dict_0003_0169" 8687
"/Engine/EngineMaterials/Substrate/Glints2/dict_0003_0168" 8688
"/Engine/EngineMaterials/Substrate/Glints2/dict_0003_0167" 8689
"/Engine/EngineMaterials/Substrate/Glints2/dict_0003_0166" 8690
"/Engine/EngineMaterials/Substrate/Glints2/dict_0003_0165" 8691
"/Engine/EngineMaterials/Substrate/Glints2/dict_0003_0164" 8692
"/Engine/EngineMaterials/Substrate/Glints2/dict_0003_0163" 8693
"/Engine/EngineMaterials/Substrate/Glints2/dict_0003_0162" 8694
"/Engine/EngineMaterials/Substrate/Glints2/dict_0003_0161" 8695
"/Engine/EngineMaterials/Substrate/Glints2/dict_0003_0160" 8696
"/Engine/EngineMaterials/Substrate/Glints2/dict_0003_0159" 8697
"/Engine/EngineMaterials/Substrate/Glints2/dict_0003_0158" 8698
"/Engine/EngineMaterials/Substrate/Glints2/dict_0003_0157" 8699
"/Engine/EngineMaterials/Substrate/Glints2/dict_0003_0156" 8700
"/Engine/EngineMaterials/Substrate/Glints2/dict_0003_0155" 8701
"/Engine/EngineMaterials/Substrate/Glints2/dict_0003_0154" 8702
"../../../Engine/Content/EngineMaterials/Substrate/Glints2/dict_0003_0186.uasset" 8703
"../../../Engine/Content/EngineMaterials/Substrate/Glints2/dict_0003_0198.uasset" 8704
"../../../Engine/Content/EngineMaterials/Substrate/Glints2/dict_0003_0193.uasset" 8705
"../../../Engine/Content/EngineMaterials/Substrate/Glints2/dict_0003_0192.uasset" 8706
"../../../Engine/Content/EngineMaterials/Substrate/Glints2/dict_0003_0194.uasset" 8707
"../../../Engine/Content/EngineMaterials/Substrate/Glints2/dict_0003_0189.uasset" 8708
"../../../Engine/Content/EngineMaterials/Substrate/Glints2/dict_0003_0206.uasset" 8709
"../../../Engine/Content/EngineMaterials/Substrate/Glints2/dict_0003_0203.uasset" 8710
"../../../Engine/Content/EngineMaterials/Substrate/Glints2/dict_0003_0211.uasset" 8711
"../../../Engine/Content/EngineMaterials/Substrate/Glints2/dict_0003_0213.uasset" 8712
"../../../Engine/Content/EngineMaterials/Substrate/Glints2/dict_0003_0202.uasset" 8713
"../../../Engine/Content/EngineMaterials/Substrate/Glints2/dict_0003_0191.uasset" 8714
"../../../Engine/Content/EngineMaterials/Substrate/Glints2/dict_0003_0210.uasset" 8715
"../../../Engine/Content/EngineMaterials/Substrate/Glints2/dict_0003_0201.uasset" 8716
"../../../Engine/Content/EngineMaterials/Substrate/Glints2/dict_0003_0214.uasset" 8717
"../../../Engine/Content/EngineMaterials/Substrate/Glints2/dict_0003_0190.uasset" 8718
"../../../Engine/Content/EngineMaterials/Substrate/Glints2/dict_0003_0199.uasset" 8719
"../../../Engine/Content/EngineMaterials/Substrate/Glints2/dict_0003_0217.uasset" 8720
"../../../Engine/Content/EngineMaterials/Substrate/Glints2/dict_0003_0205.uasset" 8721
"../../../Engine/Content/EngineMaterials/Substrate/Glints2/dict_0003_0212.uasset" 8722
"../../../Engine/Content/EngineMaterials/Substrate/Glints2/dict_0003_0188.uasset" 8723
"../../../Engine/Content/EngineMaterials/Substrate/Glints2/dict_0003_0195.uasset" 8724
"../../../Engine/Content/EngineMaterials/Substrate/Glints2/dict_0003_0207.uasset" 8725
"../../../Engine/Content/EngineMaterials/Substrate/Glints2/dict_0003_0208.uasset" 8726
"../../../Engine/Content/EngineMaterials/Substrate/Glints2/dict_0003_0187.uasset" 8727
"../../../Engine/Content/EngineMaterials/Substrate/Glints2/dict_0003_0215.uasset" 8728
"../../../Engine/Content/EngineMaterials/Substrate/Glints2/dict_0003_0197.uasset" 8729
"../../../Engine/Content/EngineMaterials/Substrate/Glints2/dict_0003_0209.uasset" 8730
"../../../Engine/Content/EngineMaterials/Substrate/Glints2/dict_0003_0200.uasset" 8731
"../../../Engine/Content/EngineMaterials/Substrate/Glints2/dict_0003_0216.uasset" 8732
"../../../Engine/Content/EngineMaterials/Substrate/Glints2/dict_0003_0196.uasset" 8733
"../../../Engine/Content/EngineMaterials/Substrate/Glints2/dict_0003_0204.uasset" 8734
"/Engine/EngineMaterials/Substrate/Glints2/dict_0003_0217" 8735
"/Engine/EngineMaterials/Substrate/Glints2/dict_0003_0216" 8736
"/Engine/EngineMaterials/Substrate/Glints2/dict_0003_0215" 8737
"/Engine/EngineMaterials/Substrate/Glints2/dict_0003_0214" 8738
"/Engine/EngineMaterials/Substrate/Glints2/dict_0003_0213" 8739
"/Engine/EngineMaterials/Substrate/Glints2/dict_0003_0212" 8740
"/Engine/EngineMaterials/Substrate/Glints2/dict_0003_0211" 8741
"/Engine/EngineMaterials/Substrate/Glints2/dict_0003_0210" 8742
"/Engine/EngineMaterials/Substrate/Glints2/dict_0003_0209" 8743
"/Engine/EngineMaterials/Substrate/Glints2/dict_0003_0208" 8744
"/Engine/EngineMaterials/Substrate/Glints2/dict_0003_0207" 8745
"/Engine/EngineMaterials/Substrate/Glints2/dict_0003_0206" 8746
"/Engine/EngineMaterials/Substrate/Glints2/dict_0003_0205" 8747
"/Engine/EngineMaterials/Substrate/Glints2/dict_0003_0204" 8748
"/Engine/EngineMaterials/Substrate/Glints2/dict_0003_0203" 8749
"/Engine/EngineMaterials/Substrate/Glints2/dict_0003_0202" 8750
"/Engine/EngineMaterials/Substrate/Glints2/dict_0003_0201" 8751
"/Engine/EngineMaterials/Substrate/Glints2/dict_0003_0200" 8752
"/Engine/EngineMaterials/Substrate/Glints2/dict_0003_0199" 8753
"/Engine/EngineMaterials/Substrate/Glints2/dict_0003_0198" 8754
"/Engine/EngineMaterials/Substrate/Glints2/dict_0003_0197" 8755
"/Engine/EngineMaterials/Substrate/Glints2/dict_0003_0196" 8756
"/Engine/EngineMaterials/Substrate/Glints2/dict_0003_0195" 8757
"/Engine/EngineMaterials/Substrate/Glints2/dict_0003_0194" 8758
"/Engine/EngineMaterials/Substrate/Glints2/dict_0003_0193" 8759
"/Engine/EngineMaterials/Substrate/Glints2/dict_0003_0192" 8760
"/Engine/EngineMaterials/Substrate/Glints2/dict_0003_0191" 8761
"/Engine/EngineMaterials/Substrate/Glints2/dict_0003_0190" 8762
"/Engine/EngineMaterials/Substrate/Glints2/dict_0003_0189" 8763
"/Engine/EngineMaterials/Substrate/Glints2/dict_0003_0188" 8764
"/Engine/EngineMaterials/Substrate/Glints2/dict_0003_0187" 8765
"/Engine/EngineMaterials/Substrate/Glints2/dict_0003_0186" 8766
"../../../Engine/Content/EngineMaterials/Substrate/Glints2/dict_0003_0228.uasset" 8767
"../../../Engine/Content/EngineMaterials/Substrate/Glints2/dict_0003_0229.uasset" 8768
"../../../Engine/Content/EngineMaterials/Substrate/Glints2/dict_0003_0224.uasset" 8769
"../../../Engine/Content/EngineMaterials/Substrate/Glints2/dict_0003_0223.uasset" 8770
"../../../Engine/Content/EngineMaterials/Substrate/Glints2/dict_0003_0231.uasset" 8771
"../../../Engine/Content/EngineMaterials/Substrate/Glints2/dict_0003_0222.uasset" 8772
"../../../Engine/Content/EngineMaterials/Substrate/Glints2/dict_0003_0236.uasset" 8773
"../../../Engine/Content/EngineMaterials/Substrate/Glints2/dict_0003_0230.uasset" 8774
"../../../Engine/Content/EngineMaterials/Substrate/Glints2/dict_0003_0219.uasset" 8775
"../../../Engine/Content/EngineMaterials/Substrate/Glints2/dict_0003_0218.uasset" 8776
"../../../Engine/Content/EngineMaterials/Substrate/Glints2/dict_0003_0232.uasset" 8777
"../../../Engine/Content/EngineMaterials/Substrate/Glints2/dict_0003_0221.uasset" 8778
"../../../Engine/Content/EngineMaterials/Substrate/Glints2/dict_0003_0241.uasset" 8779
"../../../Engine/Content/EngineMaterials/Substrate/Glints2/dict_0003_0225.uasset" 8780
"../../../Engine/Content/EngineMaterials/Substrate/Glints2/dict_0003_0242.uasset" 8781
"../../../Engine/Content/EngineMaterials/Substrate/Glints2/dict_0003_0244.uasset" 8782
"../../../Engine/Content/EngineMaterials/Substrate/Glints2/dict_0003_0234.uasset" 8783
"../../../Engine/Content/EngineMaterials/Substrate/Glints2/dict_0003_0249.uasset" 8784
"../../../Engine/Content/EngineMaterials/Substrate/Glints2/dict_0003_0248.uasset" 8785
"../../../Engine/Content/EngineMaterials/Substrate/Glints2/dict_0003_0233.uasset" 8786
"../../../Engine/Content/EngineMaterials/Substrate/Glints2/dict_0003_0238.uasset" 8787
"../../../Engine/Content/EngineMaterials/Substrate/Glints2/dict_0003_0237.uasset" 8788
"../../../Engine/Content/EngineMaterials/Substrate/Glints2/dict_0003_0235.uasset" 8789
"../../../Engine/Content/EngineMaterials/Substrate/Glints2/dict_0003_0246.uasset" 8790
"../../../Engine/Content/EngineMaterials/Substrate/Glints2/dict_0003_0226.uasset" 8791
"../../../Engine/Content/EngineMaterials/Substrate/Glints2/dict_0003_0227.uasset" 8792
"../../../Engine/Content/EngineMaterials/Substrate/Glints2/dict_0003_0247.uasset" 8793
"../../../Engine/Content/EngineMaterials/Substrate/Glints2/dict_0003_0240.uasset" 8794
"../../../Engine/Content/EngineMaterials/Substrate/Glints2/dict_0003_0245.uasset" 8795
"../../../Engine/Content/EngineMaterials/Substrate/Glints2/dict_0003_0220.uasset" 8796
"../../../Engine/Content/EngineMaterials/Substrate/Glints2/dict_0003_0239.uasset" 8797
"../../../Engine/Content/EngineMaterials/Substrate/Glints2/dict_0003_0243.uasset" 8798
"/Engine/EngineMaterials/Substrate/Glints2/dict_0003_0249" 8799
"/Engine/EngineMaterials/Substrate/Glints2/dict_0003_0248" 8800
"/Engine/EngineMaterials/Substrate/Glints2/dict_0003_0247" 8801
"/Engine/EngineMaterials/Substrate/Glints2/dict_0003_0246" 8802
"/Engine/EngineMaterials/Substrate/Glints2/dict_0003_0245" 8803
"/Engine/EngineMaterials/Substrate/Glints2/dict_0003_0244" 8804
"/Engine/EngineMaterials/Substrate/Glints2/dict_0003_0243" 8805
"/Engine/EngineMaterials/Substrate/Glints2/dict_0003_0242" 8806
"/Engine/EngineMaterials/Substrate/Glints2/dict_0003_0241" 8807
"/Engine/EngineMaterials/Substrate/Glints2/dict_0003_0240" 8808
"/Engine/EngineMaterials/Substrate/Glints2/dict_0003_0239" 8809
"/Engine/EngineMaterials/Substrate/Glints2/dict_0003_0238" 8810
"/Engine/EngineMaterials/Substrate/Glints2/dict_0003_0237" 8811
"/Engine/EngineMaterials/Substrate/Glints2/dict_0003_0236" 8812
"/Engine/EngineMaterials/Substrate/Glints2/dict_0003_0235" 8813
"/Engine/EngineMaterials/Substrate/Glints2/dict_0003_0234" 8814
"/Engine/EngineMaterials/Substrate/Glints2/dict_0003_0233" 8815
"/Engine/EngineMaterials/Substrate/Glints2/dict_0003_0232" 8816
"/Engine/EngineMaterials/Substrate/Glints2/dict_0003_0231" 8817
"/Engine/EngineMaterials/Substrate/Glints2/dict_0003_0230" 8818
"/Engine/EngineMaterials/Substrate/Glints2/dict_0003_0229" 8819
"/Engine/EngineMaterials/Substrate/Glints2/dict_0003_0228" 8820
"/Engine/EngineMaterials/Substrate/Glints2/dict_0003_0227" 8821
"/Engine/EngineMaterials/Substrate/Glints2/dict_0003_0226" 8822
"/Engine/EngineMaterials/Substrate/Glints2/dict_0003_0225" 8823
"/Engine/EngineMaterials/Substrate/Glints2/dict_0003_0224" 8824
"/Engine/EngineMaterials/Substrate/Glints2/dict_0003_0223" 8825
"/Engine/EngineMaterials/Substrate/Glints2/dict_0003_0222" 8826
"/Engine/EngineMaterials/Substrate/Glints2/dict_0003_0221" 8827
"/Engine/EngineMaterials/Substrate/Glints2/dict_0003_0220" 8828
"/Engine/EngineMaterials/Substrate/Glints2/dict_0003_0219" 8829
"/Engine/EngineMaterials/Substrate/Glints2/dict_0003_0218" 8830
"../../../Engine/Content/EngineMaterials/Substrate/Glints2/dict_0003_0251.uasset" 8831
"../../../Engine/Content/EngineMaterials/Substrate/Glints2/dict_0003_0252.uasset" 8832
"../../../Engine/Content/EngineMaterials/Substrate/Glints2/dict_0003_0250.uasset" 8833
"../../../Engine/Content/EngineMaterials/Substrate/Glints2/dict_0003_0253.uasset" 8834
"../../../Engine/Content/EngineMaterials/Substrate/Glints2/dict_0003_0255.uasset" 8835
"../../../Engine/Content/EngineMaterials/Substrate/Glints2/dict_0004_0007.uasset" 8836
"../../../Engine/Content/EngineMaterials/Substrate/Glints2/dict_0004_0003.uasset" 8837
"../../../Engine/Content/EngineMaterials/Substrate/Glints2/dict_0004_0013.uasset" 8838
"../../../Engine/Content/EngineMaterials/Substrate/Glints2/dict_0004_0009.uasset" 8839
"../../../Engine/Content/EngineMaterials/Substrate/Glints2/dict_0004_0002.uasset" 8840
"../../../Engine/Content/EngineMaterials/Substrate/Glints2/dict_0004_0015.uasset" 8841
"../../../Engine/Content/EngineMaterials/Substrate/Glints2/dict_0004_0017.uasset" 8842
"../../../Engine/Content/EngineMaterials/Substrate/Glints2/dict_0004_0024.uasset" 8843
"../../../Engine/Content/EngineMaterials/Substrate/Glints2/dict_0004_0023.uasset" 8844
"../../../Engine/Content/EngineMaterials/Substrate/Glints2/dict_0004_0004.uasset" 8845
"../../../Engine/Content/EngineMaterials/Substrate/Glints2/dict_0004_0000.uasset" 8846
"../../../Engine/Content/EngineMaterials/Substrate/Glints2/dict_0004_0001.uasset" 8847
"../../../Engine/Content/EngineMaterials/Substrate/Glints2/dict_0004_0006.uasset" 8848
"../../../Engine/Content/EngineMaterials/Substrate/Glints2/dict_0004_0005.uasset" 8849
"../../../Engine/Content/EngineMaterials/Substrate/Glints2/dict_0004_0011.uasset" 8850
"../../../Engine/Content/EngineMaterials/Substrate/Glints2/dict_0003_0254.uasset" 8851
"../../../Engine/Content/EngineMaterials/Substrate/Glints2/dict_0004_0014.uasset" 8852
"../../../Engine/Content/EngineMaterials/Substrate/Glints2/dict_0004_0022.uasset" 8853
"../../../Engine/Content/EngineMaterials/Substrate/Glints2/dict_0004_0019.uasset" 8854
"../../../Engine/Content/EngineMaterials/Substrate/Glints2/dict_0004_0016.uasset" 8855
"../../../Engine/Content/EngineMaterials/Substrate/Glints2/dict_0004_0008.uasset" 8856
"../../../Engine/Content/EngineMaterials/Substrate/Glints2/dict_0004_0012.uasset" 8857
"../../../Engine/Content/EngineMaterials/Substrate/Glints2/dict_0004_0010.uasset" 8858
"../../../Engine/Content/EngineMaterials/Substrate/Glints2/dict_0004_0020.uasset" 8859
"../../../Engine/Content/EngineMaterials/Substrate/Glints2/dict_0004_0025.uasset" 8860
"../../../Engine/Content/EngineMaterials/Substrate/Glints2/dict_0004_0018.uasset" 8861
"../../../Engine/Content/EngineMaterials/Substrate/Glints2/dict_0004_0021.uasset" 8862
"/Engine/EngineMaterials/Substrate/Glints2/dict_0004_0025" 8863
"/Engine/EngineMaterials/Substrate/Glints2/dict_0004_0024" 8864
"/Engine/EngineMaterials/Substrate/Glints2/dict_0004_0023" 8865
"/Engine/EngineMaterials/Substrate/Glints2/dict_0004_0022" 8866
"/Engine/EngineMaterials/Substrate/Glints2/dict_0004_0021" 8867
"/Engine/EngineMaterials/Substrate/Glints2/dict_0004_0020" 8868
"/Engine/EngineMaterials/Substrate/Glints2/dict_0004_0019" 8869
"/Engine/EngineMaterials/Substrate/Glints2/dict_0004_0018" 8870
"/Engine/EngineMaterials/Substrate/Glints2/dict_0004_0017" 8871
"/Engine/EngineMaterials/Substrate/Glints2/dict_0004_0016" 8872
"/Engine/EngineMaterials/Substrate/Glints2/dict_0004_0015" 8873
"/Engine/EngineMaterials/Substrate/Glints2/dict_0004_0014" 8874
"/Engine/EngineMaterials/Substrate/Glints2/dict_0004_0013" 8875
"/Engine/EngineMaterials/Substrate/Glints2/dict_0004_0012" 8876
"/Engine/EngineMaterials/Substrate/Glints2/dict_0004_0011" 8877
"/Engine/EngineMaterials/Substrate/Glints2/dict_0004_0010" 8878
"/Engine/EngineMaterials/Substrate/Glints2/dict_0004_0009" 8879
"/Engine/EngineMaterials/Substrate/Glints2/dict_0004_0008" 8880
"/Engine/EngineMaterials/Substrate/Glints2/dict_0004_0007" 8881
"/Engine/EngineMaterials/Substrate/Glints2/dict_0004_0006" 8882
"/Engine/EngineMaterials/Substrate/Glints2/dict_0004_0005" 8883
"/Engine/EngineMaterials/Substrate/Glints2/dict_0004_0004" 8884
"/Engine/EngineMaterials/Substrate/Glints2/dict_0004_0003" 8885
"/Engine/EngineMaterials/Substrate/Glints2/dict_0004_0002" 8886
"/Engine/EngineMaterials/Substrate/Glints2/dict_0004_0001" 8887
"/Engine/EngineMaterials/Substrate/Glints2/dict_0004_0000" 8888
"/Engine/EngineMaterials/Substrate/Glints2/dict_0003_0255" 8889
"/Engine/EngineMaterials/Substrate/Glints2/dict_0003_0254" 8890
"/Engine/EngineMaterials/Substrate/Glints2/dict_0003_0253" 8891
"/Engine/EngineMaterials/Substrate/Glints2/dict_0003_0252" 8892
"/Engine/EngineMaterials/Substrate/Glints2/dict_0003_0251" 8893
"/Engine/EngineMaterials/Substrate/Glints2/dict_0003_0250" 8894
"../../../Engine/Content/EngineMaterials/Substrate/Glints2/dict_0004_0028.uasset" 8895
"../../../Engine/Content/EngineMaterials/Substrate/Glints2/dict_0004_0026.uasset" 8896
"../../../Engine/Content/EngineMaterials/Substrate/Glints2/dict_0004_0032.uasset" 8897
"../../../Engine/Content/EngineMaterials/Substrate/Glints2/dict_0004_0029.uasset" 8898
"../../../Engine/Content/EngineMaterials/Substrate/Glints2/dict_0004_0044.uasset" 8899
"../../../Engine/Content/EngineMaterials/Substrate/Glints2/dict_0004_0034.uasset" 8900
"../../../Engine/Content/EngineMaterials/Substrate/Glints2/dict_0004_0035.uasset" 8901
"../../../Engine/Content/EngineMaterials/Substrate/Glints2/dict_0004_0039.uasset" 8902
"../../../Engine/Content/EngineMaterials/Substrate/Glints2/dict_0004_0048.uasset" 8903
"../../../Engine/Content/EngineMaterials/Substrate/Glints2/dict_0004_0037.uasset" 8904
"../../../Engine/Content/EngineMaterials/Substrate/Glints2/dict_0004_0041.uasset" 8905
"../../../Engine/Content/EngineMaterials/Substrate/Glints2/dict_0004_0033.uasset" 8906
"../../../Engine/Content/EngineMaterials/Substrate/Glints2/dict_0004_0052.uasset" 8907
"../../../Engine/Content/EngineMaterials/Substrate/Glints2/dict_0004_0055.uasset" 8908
"../../../Engine/Content/EngineMaterials/Substrate/Glints2/dict_0004_0047.uasset" 8909
"../../../Engine/Content/EngineMaterials/Substrate/Glints2/dict_0004_0050.uasset" 8910
"../../../Engine/Content/EngineMaterials/Substrate/Glints2/dict_0004_0046.uasset" 8911
"../../../Engine/Content/EngineMaterials/Substrate/Glints2/dict_0004_0043.uasset" 8912
"../../../Engine/Content/EngineMaterials/Substrate/Glints2/dict_0004_0036.uasset" 8913
"../../../Engine/Content/EngineMaterials/Substrate/Glints2/dict_0004_0038.uasset" 8914
"../../../Engine/Content/EngineMaterials/Substrate/Glints2/dict_0004_0031.uasset" 8915
"../../../Engine/Content/EngineMaterials/Substrate/Glints2/dict_0004_0045.uasset" 8916
"../../../Engine/Content/EngineMaterials/Substrate/Glints2/dict_0004_0049.uasset" 8917
"../../../Engine/Content/EngineMaterials/Substrate/Glints2/dict_0004_0053.uasset" 8918
"../../../Engine/Content/EngineMaterials/Substrate/Glints2/dict_0004_0057.uasset" 8919
"../../../Engine/Content/EngineMaterials/Substrate/Glints2/dict_0004_0056.uasset" 8920
"../../../Engine/Content/EngineMaterials/Substrate/Glints2/dict_0004_0040.uasset" 8921
"../../../Engine/Content/EngineMaterials/Substrate/Glints2/dict_0004_0030.uasset" 8922
"../../../Engine/Content/EngineMaterials/Substrate/Glints2/dict_0004_0051.uasset" 8923
"/Engine/EngineMaterials/Substrate/Glints2/dict_0004_0057" 8924
"../../../Engine/Content/EngineMaterials/Substrate/Glints2/dict_0004_0042.uasset" 8925
"/Engine/EngineMaterials/Substrate/Glints2/dict_0004_0056" 8926
"../../../Engine/Content/EngineMaterials/Substrate/Glints2/dict_0004_0027.uasset" 8927
"/Engine/EngineMaterials/Substrate/Glints2/dict_0004_0055" 8928
"../../../Engine/Content/EngineMaterials/Substrate/Glints2/dict_0004_0054.uasset" 8929
"/Engine/EngineMaterials/Substrate/Glints2/dict_0004_0053" 8930
"/Engine/EngineMaterials/Substrate/Glints2/dict_0004_0052" 8931
"/Engine/EngineMaterials/Substrate/Glints2/dict_0004_0051" 8932
"/Engine/EngineMaterials/Substrate/Glints2/dict_0004_0050" 8933
"/Engine/EngineMaterials/Substrate/Glints2/dict_0004_0049" 8934
"/Engine/EngineMaterials/Substrate/Glints2/dict_0004_0048" 8935
"/Engine/EngineMaterials/Substrate/Glints2/dict_0004_0047" 8936
"/Engine/EngineMaterials/Substrate/Glints2/dict_0004_0046" 8937
"/Engine/EngineMaterials/Substrate/Glints2/dict_0004_0045" 8938
"/Engine/EngineMaterials/Substrate/Glints2/dict_0004_0044" 8939
"/Engine/EngineMaterials/Substrate/Glints2/dict_0004_0043" 8940
"/Engine/EngineMaterials/Substrate/Glints2/dict_0004_0041" 8941
"/Engine/EngineMaterials/Substrate/Glints2/dict_0004_0040" 8942
"/Engine/EngineMaterials/Substrate/Glints2/dict_0004_0039" 8943
"/Engine/EngineMaterials/Substrate/Glints2/dict_0004_0038" 8944
"/Engine/EngineMaterials/Substrate/Glints2/dict_0004_0037" 8945
"/Engine/EngineMaterials/Substrate/Glints2/dict_0004_0036" 8946
"/Engine/EngineMaterials/Substrate/Glints2/dict_0004_0035" 8947
"/Engine/EngineMaterials/Substrate/Glints2/dict_0004_0034" 8948
"/Engine/EngineMaterials/Substrate/Glints2/dict_0004_0033" 8949
"/Engine/EngineMaterials/Substrate/Glints2/dict_0004_0032" 8950
"/Engine/EngineMaterials/Substrate/Glints2/dict_0004_0031" 8951
"/Engine/EngineMaterials/Substrate/Glints2/dict_0004_0030" 8952
"/Engine/EngineMaterials/Substrate/Glints2/dict_0004_0029" 8953
"/Engine/EngineMaterials/Substrate/Glints2/dict_0004_0028" 8954
"/Engine/EngineMaterials/Substrate/Glints2/dict_0004_0026" 8955
"/Engine/EngineMaterials/Substrate/Glints2/dict_0004_0054" 8956
"/Engine/EngineMaterials/Substrate/Glints2/dict_0004_0042" 8957
"/Engine/EngineMaterials/Substrate/Glints2/dict_0004_0027" 8958
"../../../Engine/Content/EngineMaterials/Substrate/Glints2/dict_0004_0061.uasset" 8959
"../../../Engine/Content/EngineMaterials/Substrate/Glints2/dict_0004_0058.uasset" 8960
"../../../Engine/Content/EngineMaterials/Substrate/Glints2/dict_0004_0059.uasset" 8961
"../../../Engine/Content/EngineMaterials/Substrate/Glints2/dict_0004_0060.uasset" 8962
"../../../Engine/Content/EngineMaterials/Substrate/Glints2/dict_0004_0063.uasset" 8963
"../../../Engine/Content/EngineMaterials/Substrate/Glints2/dict_0004_0084.uasset" 8964
"../../../Engine/Content/EngineMaterials/Substrate/Glints2/dict_0004_0074.uasset" 8965
"../../../Engine/Content/EngineMaterials/Substrate/Glints2/dict_0004_0072.uasset" 8966
"../../../Engine/Content/EngineMaterials/Substrate/Glints2/dict_0004_0071.uasset" 8967
"../../../Engine/Content/EngineMaterials/Substrate/Glints2/dict_0004_0068.uasset" 8968
"../../../Engine/Content/EngineMaterials/Substrate/Glints2/dict_0004_0066.uasset" 8969
"../../../Engine/Content/EngineMaterials/Substrate/Glints2/dict_0004_0062.uasset" 8970
"../../../Engine/Content/EngineMaterials/Substrate/Glints2/dict_0004_0069.uasset" 8971
"../../../Engine/Content/EngineMaterials/Substrate/Glints2/dict_0004_0083.uasset" 8972
"../../../Engine/Content/EngineMaterials/Substrate/Glints2/dict_0004_0085.uasset" 8973
"../../../Engine/Content/EngineMaterials/Substrate/Glints2/dict_0004_0087.uasset" 8974
"../../../Engine/Content/EngineMaterials/Substrate/Glints2/dict_0004_0088.uasset" 8975
"../../../Engine/Content/EngineMaterials/Substrate/Glints2/dict_0004_0065.uasset" 8976
"../../../Engine/Content/EngineMaterials/Substrate/Glints2/dict_0004_0075.uasset" 8977
"../../../Engine/Content/EngineMaterials/Substrate/Glints2/dict_0004_0064.uasset" 8978
"../../../Engine/Content/EngineMaterials/Substrate/Glints2/dict_0004_0080.uasset" 8979
"/Engine/EngineMaterials/Substrate/Glints2/dict_0004_0085" 8980
"../../../Engine/Content/EngineMaterials/Substrate/Glints2/dict_0004_0081.uasset" 8981
"/Engine/EngineMaterials/Substrate/Glints2/dict_0004_0084" 8982
"/Engine/EngineMaterials/Substrate/Glints2/dict_0004_0083" 8983
"/Engine/EngineMaterials/Substrate/Glints2/dict_0004_0080" 8984
"/Engine/EngineMaterials/Substrate/Glints2/dict_0004_0075" 8985
"../../../Engine/Content/EngineMaterials/Substrate/Glints2/dict_0004_0078.uasset" 8986
"/Engine/EngineMaterials/Substrate/Glints2/dict_0004_0074" 8987
"/Engine/EngineMaterials/Substrate/Glints2/dict_0004_0088" 8988
"/Engine/EngineMaterials/Substrate/Glints2/dict_0004_0072" 8989
"../../../Engine/Content/EngineMaterials/Substrate/Glints2/dict_0004_0086.uasset" 8990
"/Engine/EngineMaterials/Substrate/Glints2/dict_0004_0071" 8991
"/Engine/EngineMaterials/Substrate/Glints2/dict_0004_0069" 8992
"/Engine/EngineMaterials/Substrate/Glints2/dict_0004_0068" 8993
"/Engine/EngineMaterials/Substrate/Glints2/dict_0004_0066" 8994
"/Engine/EngineMaterials/Substrate/Glints2/dict_0004_0065" 8995
"/Engine/EngineMaterials/Substrate/Glints2/dict_0004_0064" 8996
"/Engine/EngineMaterials/Substrate/Glints2/dict_0004_0063" 8997
"../../../Engine/Content/EngineMaterials/Substrate/Glints2/dict_0004_0082.uasset" 8998
"/Engine/EngineMaterials/Substrate/Glints2/dict_0004_0062" 8999
"/Engine/EngineMaterials/Substrate/Glints2/dict_0004_0061" 9000
"/Engine/EngineMaterials/Substrate/Glints2/dict_0004_0060" 9001
"/Engine/EngineMaterials/Substrate/Glints2/dict_0004_0059" 9002
"../../../Engine/Content/EngineMaterials/Substrate/Glints2/dict_0004_0070.uasset" 9003
"/Engine/EngineMaterials/Substrate/Glints2/dict_0004_0087" 9004
"/Engine/EngineMaterials/Substrate/Glints2/dict_0004_0058" 9005
"/Engine/EngineMaterials/Substrate/Glints2/dict_0004_0086" 9006
"/Engine/EngineMaterials/Substrate/Glints2/dict_0004_0082" 9007
"../../../Engine/Content/EngineMaterials/Substrate/Glints2/dict_0004_0067.uasset" 9008
"/Engine/EngineMaterials/Substrate/Glints2/dict_0004_0081" 9009
"../../../Engine/Content/EngineMaterials/Substrate/Glints2/dict_0004_0076.uasset" 9010
"/Engine/EngineMaterials/Substrate/Glints2/dict_0004_0078" 9011
"/Engine/EngineMaterials/Substrate/Glints2/dict_0004_0070" 9012
"../../../Engine/Content/EngineMaterials/Substrate/Glints2/dict_0004_0073.uasset" 9013
"/Engine/EngineMaterials/Substrate/Glints2/dict_0004_0076" 9014
"../../../Engine/Content/EngineMaterials/Substrate/Glints2/dict_0004_0089.uasset" 9015
"/Engine/EngineMaterials/Substrate/Glints2/dict_0004_0073" 9016
"/Engine/EngineMaterials/Substrate/Glints2/dict_0004_0067" 9017
"/Engine/EngineMaterials/Substrate/Glints2/dict_0004_0089" 9018
"../../../Engine/Content/EngineMaterials/Substrate/Glints2/dict_0004_0094.uasset" 9019
"/Engine/EngineMaterials/Substrate/Glints2/dict_0004_0094" 9020
"../../../Engine/Content/EngineMaterials/Substrate/Glints2/dict_0004_0092.uasset" 9021
"../../../Engine/Content/EngineMaterials/Substrate/Glints2/dict_0004_0113.uasset" 9022
"../../../Engine/Content/EngineMaterials/Substrate/Glints2/dict_0004_0116.uasset" 9023
"../../../Engine/Content/EngineMaterials/Substrate/Glints2/dict_0004_0101.uasset" 9024
"../../../Engine/Content/EngineMaterials/Substrate/Glints2/dict_0004_0097.uasset" 9025
"../../../Engine/Content/EngineMaterials/Substrate/Glints2/dict_0004_0090.uasset" 9026
"../../../Engine/Content/EngineMaterials/Substrate/Glints2/dict_0004_0098.uasset" 9027
"../../../Engine/Content/EngineMaterials/Substrate/Glints2/dict_0004_0110.uasset" 9028
"../../../Engine/Content/EngineMaterials/Substrate/Glints2/dict_0004_0104.uasset" 9029
"../../../Engine/Content/EngineMaterials/Substrate/Glints2/dict_0004_0106.uasset" 9030
"../../../Engine/Content/EngineMaterials/Substrate/Glints2/dict_0004_0091.uasset" 9031
"../../../Engine/Content/EngineMaterials/Substrate/Glints2/dict_0004_0109.uasset" 9032
"../../../Engine/Content/EngineMaterials/Substrate/Glints2/dict_0004_0112.uasset" 9033
"../../../Engine/Content/EngineMaterials/Substrate/Glints2/dict_0004_0093.uasset" 9034
"../../../Engine/Content/EngineMaterials/Substrate/Glints2/dict_0004_0114.uasset" 9035
"../../../Engine/Content/EngineMaterials/Substrate/Glints2/dict_0004_0117.uasset" 9036
"../../../Engine/Content/EngineMaterials/Substrate/Glints2/dict_0004_0096.uasset" 9037
"../../../Engine/Content/EngineMaterials/Substrate/Glints2/dict_0004_0102.uasset" 9038
"../../../Engine/Content/EngineMaterials/Substrate/Glints2/dict_0004_0107.uasset" 9039
"../../../Engine/Content/EngineMaterials/Substrate/Glints2/dict_0004_0103.uasset" 9040
"../../../Engine/Content/EngineMaterials/Substrate/Glints2/dict_0004_0100.uasset" 9041
"../../../Engine/Content/EngineMaterials/Substrate/Glints2/dict_0004_0111.uasset" 9042
"../../../Engine/Content/EngineMaterials/Substrate/Glints2/dict_0004_0115.uasset" 9043
"../../../Engine/Content/EngineMaterials/Substrate/Glints2/dict_0004_0118.uasset" 9044
"../../../Engine/Content/EngineMaterials/Substrate/Glints2/dict_0004_0120.uasset" 9045
"../../../Engine/Content/EngineMaterials/Substrate/Glints2/dict_0004_0105.uasset" 9046
"../../../Engine/Content/EngineMaterials/Substrate/Glints2/dict_0004_0108.uasset" 9047
"../../../Engine/Content/EngineMaterials/Substrate/Glints2/dict_0004_0079.uasset" 9048
"../../../Engine/Content/EngineMaterials/Substrate/Glints2/dict_0004_0119.uasset" 9049
"../../../Engine/Content/EngineMaterials/Substrate/Glints2/dict_0004_0099.uasset" 9050
"../../../Engine/Content/EngineMaterials/Substrate/Glints2/dict_0004_0077.uasset" 9051
"../../../Engine/Content/EngineMaterials/Substrate/Glints2/dict_0004_0095.uasset" 9052
"/Engine/EngineMaterials/Substrate/Glints2/dict_0004_0115" 9053
"/Engine/EngineMaterials/Substrate/Glints2/dict_0004_0110" 9054
"/Engine/EngineMaterials/Substrate/Glints2/dict_0004_0109" 9055
"/Engine/EngineMaterials/Substrate/Glints2/dict_0004_0119" 9056
"/Engine/EngineMaterials/Substrate/Glints2/dict_0004_0108" 9057
"/Engine/EngineMaterials/Substrate/Glints2/dict_0004_0114" 9058
"/Engine/EngineMaterials/Substrate/Glints2/dict_0004_0113" 9059
"/Engine/EngineMaterials/Substrate/Glints2/dict_0004_0107" 9060
"/Engine/EngineMaterials/Substrate/Glints2/dict_0004_0079" 9061
"/Engine/EngineMaterials/Substrate/Glints2/dict_0004_0112" 9062
"/Engine/EngineMaterials/Substrate/Glints2/dict_0004_0077" 9063
"/Engine/EngineMaterials/Substrate/Glints2/dict_0004_0118" 9064
"/Engine/EngineMaterials/Substrate/Glints2/dict_0004_0106" 9065
"/Engine/EngineMaterials/Substrate/Glints2/dict_0004_0105" 9066
"/Engine/EngineMaterials/Substrate/Glints2/dict_0004_0117" 9067
"/Engine/EngineMaterials/Substrate/Glints2/dict_0004_0104" 9068
"/Engine/EngineMaterials/Substrate/Glints2/dict_0004_0103" 9069
"/Engine/EngineMaterials/Substrate/Glints2/dict_0004_0102" 9070
"/Engine/EngineMaterials/Substrate/Glints2/dict_0004_0111" 9071
"/Engine/EngineMaterials/Substrate/Glints2/dict_0004_0101" 9072
"/Engine/EngineMaterials/Substrate/Glints2/dict_0004_0100" 9073
"/Engine/EngineMaterials/Substrate/Glints2/dict_0004_0116" 9074
"/Engine/EngineMaterials/Substrate/Glints2/dict_0004_0099" 9075
"/Engine/EngineMaterials/Substrate/Glints2/dict_0004_0098" 9076
"/Engine/EngineMaterials/Substrate/Glints2/dict_0004_0097" 9077
"/Engine/EngineMaterials/Substrate/Glints2/dict_0004_0096" 9078
"/Engine/EngineMaterials/Substrate/Glints2/dict_0004_0095" 9079
"/Engine/EngineMaterials/Substrate/Glints2/dict_0004_0120" 9080
"/Engine/EngineMaterials/Substrate/Glints2/dict_0004_0093" 9081
"/Engine/EngineMaterials/Substrate/Glints2/dict_0004_0092" 9082
"/Engine/EngineMaterials/Substrate/Glints2/dict_0004_0091" 9083
"/Engine/EngineMaterials/Substrate/Glints2/dict_0004_0090" 9084
"../../../Engine/Content/EngineMaterials/Substrate/Glints2/dict_0004_0122.uasset" 9085
"../../../Engine/Content/EngineMaterials/Substrate/Glints2/dict_0004_0127.uasset" 9086
"../../../Engine/Content/EngineMaterials/Substrate/Glints2/dict_0004_0125.uasset" 9087
"../../../Engine/Content/EngineMaterials/Substrate/Glints2/dict_0004_0121.uasset" 9088
"../../../Engine/Content/EngineMaterials/Substrate/Glints2/dict_0004_0124.uasset" 9089
"../../../Engine/Content/EngineMaterials/Substrate/Glints2/dict_0004_0128.uasset" 9090
"../../../Engine/Content/EngineMaterials/Substrate/Glints2/dict_0004_0132.uasset" 9091
"../../../Engine/Content/EngineMaterials/Substrate/Glints2/dict_0004_0126.uasset" 9092
"../../../Engine/Content/EngineMaterials/Substrate/Glints2/dict_0004_0131.uasset" 9093
"../../../Engine/Content/EngineMaterials/Substrate/Glints2/dict_0004_0134.uasset" 9094
"../../../Engine/Content/EngineMaterials/Substrate/Glints2/dict_0004_0135.uasset" 9095
"../../../Engine/Content/EngineMaterials/Substrate/Glints2/dict_0004_0137.uasset" 9096
"../../../Engine/Content/EngineMaterials/Substrate/Glints2/dict_0004_0142.uasset" 9097
"../../../Engine/Content/EngineMaterials/Substrate/Glints2/dict_0004_0140.uasset" 9098
"../../../Engine/Content/EngineMaterials/Substrate/Glints2/dict_0004_0123.uasset" 9099
"../../../Engine/Content/EngineMaterials/Substrate/Glints2/dict_0004_0148.uasset" 9100
"../../../Engine/Content/EngineMaterials/Substrate/Glints2/dict_0004_0143.uasset" 9101
"../../../Engine/Content/EngineMaterials/Substrate/Glints2/dict_0004_0144.uasset" 9102
"../../../Engine/Content/EngineMaterials/Substrate/Glints2/dict_0004_0145.uasset" 9103
"../../../Engine/Content/EngineMaterials/Substrate/Glints2/dict_0004_0130.uasset" 9104
"../../../Engine/Content/EngineMaterials/Substrate/Glints2/dict_0004_0136.uasset" 9105
"../../../Engine/Content/EngineMaterials/Substrate/Glints2/dict_0004_0138.uasset" 9106
"../../../Engine/Content/EngineMaterials/Substrate/Glints2/dict_0004_0139.uasset" 9107
"../../../Engine/Content/EngineMaterials/Substrate/Glints2/dict_0004_0146.uasset" 9108
"/Engine/EngineMaterials/Substrate/Glints2/dict_0004_0148" 9109
"../../../Engine/Content/EngineMaterials/Substrate/Glints2/dict_0004_0152.uasset" 9110
"/Engine/EngineMaterials/Substrate/Glints2/dict_0004_0146" 9111
"/Engine/EngineMaterials/Substrate/Glints2/dict_0004_0145" 9112
"../../../Engine/Content/EngineMaterials/Substrate/Glints2/dict_0004_0129.uasset" 9113
"/Engine/EngineMaterials/Substrate/Glints2/dict_0004_0144" 9114
"/Engine/EngineMaterials/Substrate/Glints2/dict_0004_0143" 9115
"/Engine/EngineMaterials/Substrate/Glints2/dict_0004_0142" 9116
"/Engine/EngineMaterials/Substrate/Glints2/dict_0004_0140" 9117
"../../../Engine/Content/EngineMaterials/Substrate/Glints2/dict_0004_0141.uasset" 9118
"/Engine/EngineMaterials/Substrate/Glints2/dict_0004_0139" 9119
"/Engine/EngineMaterials/Substrate/Glints2/dict_0004_0138" 9120
"/Engine/EngineMaterials/Substrate/Glints2/dict_0004_0137" 9121
"/Engine/EngineMaterials/Substrate/Glints2/dict_0004_0136" 9122
"../../../Engine/Content/EngineMaterials/Substrate/Glints2/dict_0004_0150.uasset" 9123
"/Engine/EngineMaterials/Substrate/Glints2/dict_0004_0135" 9124
"/Engine/EngineMaterials/Substrate/Glints2/dict_0004_0134" 9125
"../../../Engine/Content/EngineMaterials/Substrate/Glints2/dict_0004_0133.uasset" 9126
"/Engine/EngineMaterials/Substrate/Glints2/dict_0004_0132" 9127
"/Engine/EngineMaterials/Substrate/Glints2/dict_0004_0131" 9128
"../../../Engine/Content/EngineMaterials/Substrate/Glints2/dict_0004_0149.uasset" 9129
"/Engine/EngineMaterials/Substrate/Glints2/dict_0004_0130" 9130
"../../../Engine/Content/EngineMaterials/Substrate/Glints2/dict_0004_0151.uasset" 9131
"/Engine/EngineMaterials/Substrate/Glints2/dict_0004_0128" 9132
"../../../Engine/Content/EngineMaterials/Substrate/Glints2/dict_0004_0147.uasset" 9133
"/Engine/EngineMaterials/Substrate/Glints2/dict_0004_0127" 9134
"/Engine/EngineMaterials/Substrate/Glints2/dict_0004_0126" 9135
"/Engine/EngineMaterials/Substrate/Glints2/dict_0004_0125" 9136
"/Engine/EngineMaterials/Substrate/Glints2/dict_0004_0124" 9137
"/Engine/EngineMaterials/Substrate/Glints2/dict_0004_0123" 9138
"/Engine/EngineMaterials/Substrate/Glints2/dict_0004_0122" 9139
"/Engine/EngineMaterials/Substrate/Glints2/dict_0004_0121" 9140
"/Engine/EngineMaterials/Substrate/Glints2/dict_0004_0152" 9141
"/Engine/EngineMaterials/Substrate/Glints2/dict_0004_0151" 9142
"/Engine/EngineMaterials/Substrate/Glints2/dict_0004_0150" 9143
"../../../Engine/Content/EngineMaterials/Substrate/Glints2/dict_0004_0153.uasset" 9144
"/Engine/EngineMaterials/Substrate/Glints2/dict_0004_0149" 9145
"../../../Engine/Content/EngineMaterials/Substrate/Glints2/dict_0004_0158.uasset" 9146
"/Engine/EngineMaterials/Substrate/Glints2/dict_0004_0147" 9147
"/Engine/EngineMaterials/Substrate/Glints2/dict_0004_0141" 9148
"/Engine/EngineMaterials/Substrate/Glints2/dict_0004_0133" 9149
"/Engine/EngineMaterials/Substrate/Glints2/dict_0004_0129" 9150
"../../../Engine/Content/EngineMaterials/Substrate/Glints2/dict_0004_0160.uasset" 9151
"../../../Engine/Content/EngineMaterials/Substrate/Glints2/dict_0004_0155.uasset" 9152
"/Engine/EngineMaterials/Substrate/Glints2/dict_0004_0160" 9153
"../../../Engine/Content/EngineMaterials/Substrate/Glints2/dict_0004_0159.uasset" 9154
"/Engine/EngineMaterials/Substrate/Glints2/dict_0004_0158" 9155
"../../../Engine/Content/EngineMaterials/Substrate/Glints2/dict_0004_0157.uasset" 9156
"/Engine/EngineMaterials/Substrate/Glints2/dict_0004_0155" 9157
"../../../Engine/Content/EngineMaterials/Substrate/Glints2/dict_0004_0173.uasset" 9158
"/Engine/EngineMaterials/Substrate/Glints2/dict_0004_0153" 9159
"../../../Engine/Content/EngineMaterials/Substrate/Glints2/dict_0004_0166.uasset" 9160
"/Engine/EngineMaterials/Substrate/Glints2/dict_0004_0173" 9161
"../../../Engine/Content/EngineMaterials/Substrate/Glints2/dict_0004_0184.uasset" 9162
"/Engine/EngineMaterials/Substrate/Glints2/dict_0004_0166" 9163
"/Engine/EngineMaterials/Substrate/Glints2/dict_0004_0159" 9164
"../../../Engine/Content/EngineMaterials/Substrate/Glints2/dict_0004_0167.uasset" 9165
"/Engine/EngineMaterials/Substrate/Glints2/dict_0004_0157" 9166
"/Engine/EngineMaterials/Substrate/Glints2/dict_0004_0184" 9167
"../../../Engine/Content/EngineMaterials/Substrate/Glints2/dict_0004_0187.uasset" 9168
"/Engine/EngineMaterials/Substrate/Glints2/dict_0004_0167" 9169
"../../../Engine/Content/EngineMaterials/Substrate/Glints2/dict_0004_0164.uasset" 9170
"/Engine/EngineMaterials/Substrate/Glints2/dict_0004_0164" 9171
"../../../Engine/Content/EngineMaterials/Substrate/Glints2/dict_0004_0163.uasset" 9172
"/Engine/EngineMaterials/Substrate/Glints2/dict_0004_0187" 9173
"../../../Engine/Content/EngineMaterials/Substrate/Glints2/dict_0004_0175.uasset" 9174
"/Engine/EngineMaterials/Substrate/Glints2/dict_0004_0175" 9175
"../../../Engine/Content/EngineMaterials/Substrate/Glints2/dict_0004_0181.uasset" 9176
"/Engine/EngineMaterials/Substrate/Glints2/dict_0004_0163" 9177
"../../../Engine/Content/EngineMaterials/Substrate/Glints2/dict_0004_0180.uasset" 9178
"/Engine/EngineMaterials/Substrate/Glints2/dict_0004_0181" 9179
"/Engine/EngineMaterials/Substrate/Glints2/dict_0004_0180" 9180
"../../../Engine/Content/EngineMaterials/Substrate/Glints2/dict_0004_0165.uasset" 9181
"/Engine/EngineMaterials/Substrate/Glints2/dict_0004_0165" 9182
"../../../Engine/Content/EngineMaterials/Substrate/Glints2/dict_0004_0170.uasset" 9183
"../../../Engine/Content/EngineMaterials/Substrate/Glints2/dict_0004_0186.uasset" 9184
"../../../Engine/Content/EngineMaterials/Substrate/Glints2/dict_0004_0169.uasset" 9185
"../../../Engine/Content/EngineMaterials/Substrate/Glints2/dict_0004_0171.uasset" 9186
"../../../Engine/Content/EngineMaterials/Substrate/Glints2/dict_0004_0154.uasset" 9187
"../../../Engine/Content/EngineMaterials/Substrate/Glints2/dict_0004_0189.uasset" 9188
"../../../Engine/Content/EngineMaterials/Substrate/Glints2/dict_0004_0161.uasset" 9189
"../../../Engine/Content/EngineMaterials/Substrate/Glints2/dict_0004_0190.uasset" 9190
"../../../Engine/Content/EngineMaterials/Substrate/Glints2/dict_0004_0168.uasset" 9191
"../../../Engine/Content/EngineMaterials/Substrate/Glints2/dict_0004_0193.uasset" 9192
"../../../Engine/Content/EngineMaterials/Substrate/Glints2/dict_0004_0177.uasset" 9193
"../../../Engine/Content/EngineMaterials/Substrate/Glints2/dict_0004_0178.uasset" 9194
"../../../Engine/Content/EngineMaterials/Substrate/Glints2/dict_0004_0195.uasset" 9195
"../../../Engine/Content/EngineMaterials/Substrate/Glints2/dict_0004_0197.uasset" 9196
"../../../Engine/Content/EngineMaterials/Substrate/Glints2/dict_0004_0183.uasset" 9197
"../../../Engine/Content/EngineMaterials/Substrate/Glints2/dict_0004_0156.uasset" 9198
"../../../Engine/Content/EngineMaterials/Substrate/Glints2/dict_0004_0162.uasset" 9199
"../../../Engine/Content/EngineMaterials/Substrate/Glints2/dict_0004_0188.uasset" 9200
"../../../Engine/Content/EngineMaterials/Substrate/Glints2/dict_0004_0185.uasset" 9201
"../../../Engine/Content/EngineMaterials/Substrate/Glints2/dict_0004_0174.uasset" 9202
"../../../Engine/Content/EngineMaterials/Substrate/Glints2/dict_0004_0200.uasset" 9203
"../../../Engine/Content/EngineMaterials/Substrate/Glints2/dict_0004_0201.uasset" 9204
"../../../Engine/Content/EngineMaterials/Substrate/Glints2/dict_0004_0191.uasset" 9205
"../../../Engine/Content/EngineMaterials/Substrate/Glints2/dict_0004_0194.uasset" 9206
"../../../Engine/Content/EngineMaterials/Substrate/Glints2/dict_0004_0196.uasset" 9207
"../../../Engine/Content/EngineMaterials/Substrate/Glints2/dict_0004_0199.uasset" 9208
"../../../Engine/Content/EngineMaterials/Substrate/Glints2/dict_0004_0182.uasset" 9209
"../../../Engine/Content/EngineMaterials/Substrate/Glints2/dict_0004_0198.uasset" 9210
"../../../Engine/Content/EngineMaterials/Substrate/Glints2/dict_0004_0176.uasset" 9211
"../../../Engine/Content/EngineMaterials/Substrate/Glints2/dict_0004_0172.uasset" 9212
"../../../Engine/Content/EngineMaterials/Substrate/Glints2/dict_0004_0179.uasset" 9213
"../../../Engine/Content/EngineMaterials/Substrate/Glints2/dict_0004_0192.uasset" 9214
"/Engine/EngineMaterials/Substrate/Glints2/dict_0004_0194" 9215
"/Engine/EngineMaterials/Substrate/Glints2/dict_0004_0183" 9216
"/Engine/EngineMaterials/Substrate/Glints2/dict_0004_0182" 9217
"/Engine/EngineMaterials/Substrate/Glints2/dict_0004_0200" 9218
"/Engine/EngineMaterials/Substrate/Glints2/dict_0004_0176" 9219
"/Engine/EngineMaterials/Substrate/Glints2/dict_0004_0199" 9220
"/Engine/EngineMaterials/Substrate/Glints2/dict_0004_0198" 9221
"/Engine/EngineMaterials/Substrate/Glints2/dict_0004_0174" 9222
"/Engine/EngineMaterials/Substrate/Glints2/dict_0004_0192" 9223
"/Engine/EngineMaterials/Substrate/Glints2/dict_0004_0172" 9224
"/Engine/EngineMaterials/Substrate/Glints2/dict_0004_0171" 9225
"/Engine/EngineMaterials/Substrate/Glints2/dict_0004_0179" 9226
"/Engine/EngineMaterials/Substrate/Glints2/dict_0004_0170" 9227
"/Engine/EngineMaterials/Substrate/Glints2/dict_0004_0169" 9228
"/Engine/EngineMaterials/Substrate/Glints2/dict_0004_0168" 9229
"/Engine/EngineMaterials/Substrate/Glints2/dict_0004_0193" 9230
"/Engine/EngineMaterials/Substrate/Glints2/dict_0004_0191" 9231
"/Engine/EngineMaterials/Substrate/Glints2/dict_0004_0201" 9232
"/Engine/EngineMaterials/Substrate/Glints2/dict_0004_0196" 9233
"/Engine/EngineMaterials/Substrate/Glints2/dict_0004_0178" 9234
"/Engine/EngineMaterials/Substrate/Glints2/dict_0004_0197" 9235
"/Engine/EngineMaterials/Substrate/Glints2/dict_0004_0162" 9236
"/Engine/EngineMaterials/Substrate/Glints2/dict_0004_0161" 9237
"/Engine/EngineMaterials/Substrate/Glints2/dict_0004_0177" 9238
"/Engine/EngineMaterials/Substrate/Glints2/dict_0004_0188" 9239
"/Engine/EngineMaterials/Substrate/Glints2/dict_0004_0190" 9240
"/Engine/EngineMaterials/Substrate/Glints2/dict_0004_0195" 9241
"/Engine/EngineMaterials/Substrate/Glints2/dict_0004_0189" 9242
"/Engine/EngineMaterials/Substrate/Glints2/dict_0004_0156" 9243
"/Engine/EngineMaterials/Substrate/Glints2/dict_0004_0186" 9244
"/Engine/EngineMaterials/Substrate/Glints2/dict_0004_0154" 9245
"/Engine/EngineMaterials/Substrate/Glints2/dict_0004_0185" 9246
"../../../Engine/Content/EngineMaterials/Substrate/Glints2/dict_0004_0203.uasset" 9247
"../../../Engine/Content/EngineMaterials/Substrate/Glints2/dict_0004_0209.uasset" 9248
"../../../Engine/Content/EngineMaterials/Substrate/Glints2/dict_0004_0205.uasset" 9249
"../../../Engine/Content/EngineMaterials/Substrate/Glints2/dict_0004_0204.uasset" 9250
"../../../Engine/Content/EngineMaterials/Substrate/Glints2/dict_0004_0210.uasset" 9251
"../../../Engine/Content/EngineMaterials/Substrate/Glints2/dict_0004_0207.uasset" 9252
"../../../Engine/Content/EngineMaterials/Substrate/Glints2/dict_0004_0208.uasset" 9253
"../../../Engine/Content/EngineMaterials/Substrate/Glints2/dict_0004_0202.uasset" 9254
"../../../Engine/Content/EngineMaterials/Substrate/Glints2/dict_0004_0206.uasset" 9255
"../../../Engine/Content/EngineMaterials/Substrate/Glints2/dict_0004_0218.uasset" 9256
"../../../Engine/Content/EngineMaterials/Substrate/Glints2/dict_0004_0216.uasset" 9257
"../../../Engine/Content/EngineMaterials/Substrate/Glints2/dict_0004_0217.uasset" 9258
"../../../Engine/Content/EngineMaterials/Substrate/Glints2/dict_0004_0224.uasset" 9259
"../../../Engine/Content/EngineMaterials/Substrate/Glints2/dict_0004_0211.uasset" 9260
"../../../Engine/Content/EngineMaterials/Substrate/Glints2/dict_0004_0219.uasset" 9261
"../../../Engine/Content/EngineMaterials/Substrate/Glints2/dict_0004_0213.uasset" 9262
"../../../Engine/Content/EngineMaterials/Substrate/Glints2/dict_0004_0227.uasset" 9263
"../../../Engine/Content/EngineMaterials/Substrate/Glints2/dict_0004_0232.uasset" 9264
"../../../Engine/Content/EngineMaterials/Substrate/Glints2/dict_0004_0228.uasset" 9265
"../../../Engine/Content/EngineMaterials/Substrate/Glints2/dict_0004_0233.uasset" 9266
"../../../Engine/Content/EngineMaterials/Substrate/Glints2/dict_0004_0215.uasset" 9267
"../../../Engine/Content/EngineMaterials/Substrate/Glints2/dict_0004_0221.uasset" 9268
"../../../Engine/Content/EngineMaterials/Substrate/Glints2/dict_0004_0230.uasset" 9269
"../../../Engine/Content/EngineMaterials/Substrate/Glints2/dict_0004_0229.uasset" 9270
"../../../Engine/Content/EngineMaterials/Substrate/Glints2/dict_0004_0222.uasset" 9271
"../../../Engine/Content/EngineMaterials/Substrate/Glints2/dict_0004_0231.uasset" 9272
"../../../Engine/Content/EngineMaterials/Substrate/Glints2/dict_0004_0223.uasset" 9273
"../../../Engine/Content/EngineMaterials/Substrate/Glints2/dict_0004_0225.uasset" 9274
"../../../Engine/Content/EngineMaterials/Substrate/Glints2/dict_0004_0220.uasset" 9275
"../../../Engine/Content/EngineMaterials/Substrate/Glints2/dict_0004_0212.uasset" 9276
"../../../Engine/Content/EngineMaterials/Substrate/Glints2/dict_0004_0226.uasset" 9277
"../../../Engine/Content/EngineMaterials/Substrate/Glints2/dict_0004_0214.uasset" 9278
"/Engine/EngineMaterials/Substrate/Glints2/dict_0004_0233" 9279
"/Engine/EngineMaterials/Substrate/Glints2/dict_0004_0232" 9280
"/Engine/EngineMaterials/Substrate/Glints2/dict_0004_0231" 9281
"/Engine/EngineMaterials/Substrate/Glints2/dict_0004_0230" 9282
"/Engine/EngineMaterials/Substrate/Glints2/dict_0004_0229" 9283
"/Engine/EngineMaterials/Substrate/Glints2/dict_0004_0228" 9284
"/Engine/EngineMaterials/Substrate/Glints2/dict_0004_0227" 9285
"/Engine/EngineMaterials/Substrate/Glints2/dict_0004_0226" 9286
"/Engine/EngineMaterials/Substrate/Glints2/dict_0004_0225" 9287
"/Engine/EngineMaterials/Substrate/Glints2/dict_0004_0224" 9288
"/Engine/EngineMaterials/Substrate/Glints2/dict_0004_0223" 9289
"/Engine/EngineMaterials/Substrate/Glints2/dict_0004_0222" 9290
"/Engine/EngineMaterials/Substrate/Glints2/dict_0004_0221" 9291
"/Engine/EngineMaterials/Substrate/Glints2/dict_0004_0220" 9292
"/Engine/EngineMaterials/Substrate/Glints2/dict_0004_0219" 9293
"/Engine/EngineMaterials/Substrate/Glints2/dict_0004_0218" 9294
"/Engine/EngineMaterials/Substrate/Glints2/dict_0004_0217" 9295
"/Engine/EngineMaterials/Substrate/Glints2/dict_0004_0216" 9296
"/Engine/EngineMaterials/Substrate/Glints2/dict_0004_0215" 9297
"/Engine/EngineMaterials/Substrate/Glints2/dict_0004_0214" 9298
"/Engine/EngineMaterials/Substrate/Glints2/dict_0004_0213" 9299
"/Engine/EngineMaterials/Substrate/Glints2/dict_0004_0212" 9300
"/Engine/EngineMaterials/Substrate/Glints2/dict_0004_0211" 9301
"/Engine/EngineMaterials/Substrate/Glints2/dict_0004_0210" 9302
"/Engine/EngineMaterials/Substrate/Glints2/dict_0004_0209" 9303
"/Engine/EngineMaterials/Substrate/Glints2/dict_0004_0208" 9304
"/Engine/EngineMaterials/Substrate/Glints2/dict_0004_0207" 9305
"/Engine/EngineMaterials/Substrate/Glints2/dict_0004_0206" 9306
"/Engine/EngineMaterials/Substrate/Glints2/dict_0004_0205" 9307
"/Engine/EngineMaterials/Substrate/Glints2/dict_0004_0204" 9308
"/Engine/EngineMaterials/Substrate/Glints2/dict_0004_0203" 9309
"/Engine/EngineMaterials/Substrate/Glints2/dict_0004_0202" 9310
"../../../Engine/Content/EngineMaterials/Substrate/Glints2/dict_0004_0238.uasset" 9311
"../../../Engine/Content/EngineMaterials/Substrate/Glints2/dict_0004_0237.uasset" 9312
"../../../Engine/Content/EngineMaterials/Substrate/Glints2/dict_0004_0247.uasset" 9313
"../../../Engine/Content/EngineMaterials/Substrate/Glints2/dict_0004_0239.uasset" 9314
"../../../Engine/Content/EngineMaterials/Substrate/Glints2/dict_0005_0009.uasset" 9315
"../../../Engine/Content/EngineMaterials/Substrate/Glints2/dict_0004_0248.uasset" 9316
"../../../Engine/Content/EngineMaterials/Substrate/Glints2/dict_0005_0003.uasset" 9317
"../../../Engine/Content/EngineMaterials/Substrate/Glints2/dict_0004_0250.uasset" 9318
"../../../Engine/Content/EngineMaterials/Substrate/Glints2/dict_0004_0254.uasset" 9319
"../../../Engine/Content/EngineMaterials/Substrate/Glints2/dict_0004_0235.uasset" 9320
"../../../Engine/Content/EngineMaterials/Substrate/Glints2/dict_0004_0245.uasset" 9321
"../../../Engine/Content/EngineMaterials/Substrate/Glints2/dict_0004_0243.uasset" 9322
"../../../Engine/Content/EngineMaterials/Substrate/Glints2/dict_0005_0000.uasset" 9323
"../../../Engine/Content/EngineMaterials/Substrate/Glints2/dict_0005_0001.uasset" 9324
"../../../Engine/Content/EngineMaterials/Substrate/Glints2/dict_0005_0005.uasset" 9325
"../../../Engine/Content/EngineMaterials/Substrate/Glints2/dict_0004_0242.uasset" 9326
"../../../Engine/Content/EngineMaterials/Substrate/Glints2/dict_0005_0006.uasset" 9327
"../../../Engine/Content/EngineMaterials/Substrate/Glints2/dict_0005_0008.uasset" 9328
"../../../Engine/Content/EngineMaterials/Substrate/Glints2/dict_0004_0253.uasset" 9329
"../../../Engine/Content/EngineMaterials/Substrate/Glints2/dict_0004_0241.uasset" 9330
"../../../Engine/Content/EngineMaterials/Substrate/Glints2/dict_0004_0249.uasset" 9331
"../../../Engine/Content/EngineMaterials/Substrate/Glints2/dict_0005_0002.uasset" 9332
"../../../Engine/Content/EngineMaterials/Substrate/Glints2/dict_0004_0246.uasset" 9333
"../../../Engine/Content/EngineMaterials/Substrate/Glints2/dict_0004_0252.uasset" 9334
"../../../Engine/Content/EngineMaterials/Substrate/Glints2/dict_0005_0007.uasset" 9335
"../../../Engine/Content/EngineMaterials/Substrate/Glints2/dict_0004_0236.uasset" 9336
"../../../Engine/Content/EngineMaterials/Substrate/Glints2/dict_0004_0244.uasset" 9337
"../../../Engine/Content/EngineMaterials/Substrate/Glints2/dict_0004_0251.uasset" 9338
"../../../Engine/Content/EngineMaterials/Substrate/Glints2/dict_0004_0234.uasset" 9339
"../../../Engine/Content/EngineMaterials/Substrate/Glints2/dict_0005_0004.uasset" 9340
"../../../Engine/Content/EngineMaterials/Substrate/Glints2/dict_0004_0240.uasset" 9341
"../../../Engine/Content/EngineMaterials/Substrate/Glints2/dict_0004_0255.uasset" 9342
"/Engine/EngineMaterials/Substrate/Glints2/dict_0005_0009" 9343
"/Engine/EngineMaterials/Substrate/Glints2/dict_0005_0008" 9344
"/Engine/EngineMaterials/Substrate/Glints2/dict_0005_0007" 9345
"/Engine/EngineMaterials/Substrate/Glints2/dict_0005_0006" 9346
"/Engine/EngineMaterials/Substrate/Glints2/dict_0005_0005" 9347
"/Engine/EngineMaterials/Substrate/Glints2/dict_0005_0004" 9348
"/Engine/EngineMaterials/Substrate/Glints2/dict_0005_0003" 9349
"/Engine/EngineMaterials/Substrate/Glints2/dict_0005_0002" 9350
"/Engine/EngineMaterials/Substrate/Glints2/dict_0005_0001" 9351
"/Engine/EngineMaterials/Substrate/Glints2/dict_0005_0000" 9352
"/Engine/EngineMaterials/Substrate/Glints2/dict_0004_0255" 9353
"/Engine/EngineMaterials/Substrate/Glints2/dict_0004_0254" 9354
"/Engine/EngineMaterials/Substrate/Glints2/dict_0004_0253" 9355
"/Engine/EngineMaterials/Substrate/Glints2/dict_0004_0252" 9356
"/Engine/EngineMaterials/Substrate/Glints2/dict_0004_0251" 9357
"/Engine/EngineMaterials/Substrate/Glints2/dict_0004_0250" 9358
"/Engine/EngineMaterials/Substrate/Glints2/dict_0004_0249" 9359
"/Engine/EngineMaterials/Substrate/Glints2/dict_0004_0248" 9360
"/Engine/EngineMaterials/Substrate/Glints2/dict_0004_0247" 9361
"/Engine/EngineMaterials/Substrate/Glints2/dict_0004_0246" 9362
"/Engine/EngineMaterials/Substrate/Glints2/dict_0004_0245" 9363
"/Engine/EngineMaterials/Substrate/Glints2/dict_0004_0244" 9364
"/Engine/EngineMaterials/Substrate/Glints2/dict_0004_0243" 9365
"/Engine/EngineMaterials/Substrate/Glints2/dict_0004_0242" 9366
"/Engine/EngineMaterials/Substrate/Glints2/dict_0004_0241" 9367
"/Engine/EngineMaterials/Substrate/Glints2/dict_0004_0240" 9368
"/Engine/EngineMaterials/Substrate/Glints2/dict_0004_0239" 9369
"/Engine/EngineMaterials/Substrate/Glints2/dict_0004_0238" 9370
"/Engine/EngineMaterials/Substrate/Glints2/dict_0004_0237" 9371
"/Engine/EngineMaterials/Substrate/Glints2/dict_0004_0236" 9372
"/Engine/EngineMaterials/Substrate/Glints2/dict_0004_0235" 9373
"/Engine/EngineMaterials/Substrate/Glints2/dict_0004_0234" 9374
"../../../Engine/Content/EngineMaterials/Substrate/Glints2/dict_0005_0011.uasset" 9375
"../../../Engine/Content/EngineMaterials/Substrate/Glints2/dict_0005_0013.uasset" 9376
"../../../Engine/Content/EngineMaterials/Substrate/Glints2/dict_0005_0012.uasset" 9377
"../../../Engine/Content/EngineMaterials/Substrate/Glints2/dict_0005_0014.uasset" 9378
"../../../Engine/Content/EngineMaterials/Substrate/Glints2/dict_0005_0018.uasset" 9379
"../../../Engine/Content/EngineMaterials/Substrate/Glints2/dict_0005_0039.uasset" 9380
"../../../Engine/Content/EngineMaterials/Substrate/Glints2/dict_0005_0016.uasset" 9381
"../../../Engine/Content/EngineMaterials/Substrate/Glints2/dict_0005_0015.uasset" 9382
"../../../Engine/Content/EngineMaterials/Substrate/Glints2/dict_0005_0027.uasset" 9383
"../../../Engine/Content/EngineMaterials/Substrate/Glints2/dict_0005_0026.uasset" 9384
"../../../Engine/Content/EngineMaterials/Substrate/Glints2/dict_0005_0022.uasset" 9385
"../../../Engine/Content/EngineMaterials/Substrate/Glints2/dict_0005_0025.uasset" 9386
"../../../Engine/Content/EngineMaterials/Substrate/Glints2/dict_0005_0041.uasset" 9387
"../../../Engine/Content/EngineMaterials/Substrate/Glints2/dict_0005_0010.uasset" 9388
"../../../Engine/Content/EngineMaterials/Substrate/Glints2/dict_0005_0037.uasset" 9389
"/Engine/EngineMaterials/Substrate/Glints2/dict_0005_0041" 9390
"/Engine/EngineMaterials/Substrate/Glints2/dict_0005_0039" 9391
"../../../Engine/Content/EngineMaterials/Substrate/Glints2/dict_0005_0036.uasset" 9392
"/Engine/EngineMaterials/Substrate/Glints2/dict_0005_0027" 9393
"/Engine/EngineMaterials/Substrate/Glints2/dict_0005_0026" 9394
"../../../Engine/Content/EngineMaterials/Substrate/Glints2/dict_0005_0021.uasset" 9395
"/Engine/EngineMaterials/Substrate/Glints2/dict_0005_0025" 9396
"/Engine/EngineMaterials/Substrate/Glints2/dict_0005_0022" 9397
"../../../Engine/Content/EngineMaterials/Substrate/Glints2/dict_0005_0030.uasset" 9398
"/Engine/EngineMaterials/Substrate/Glints2/dict_0005_0018" 9399
"/Engine/EngineMaterials/Substrate/Glints2/dict_0005_0016" 9400
"../../../Engine/Content/EngineMaterials/Substrate/Glints2/dict_0005_0024.uasset" 9401
"/Engine/EngineMaterials/Substrate/Glints2/dict_0005_0015" 9402
"/Engine/EngineMaterials/Substrate/Glints2/dict_0005_0014" 9403
"/Engine/EngineMaterials/Substrate/Glints2/dict_0005_0013" 9404
"/Engine/EngineMaterials/Substrate/Glints2/dict_0005_0012" 9405
"../../../Engine/Content/EngineMaterials/Substrate/Glints2/dict_0005_0017.uasset" 9406
"/Engine/EngineMaterials/Substrate/Glints2/dict_0005_0011" 9407
"/Engine/EngineMaterials/Substrate/Glints2/dict_0005_0010" 9408
"../../../Engine/Content/EngineMaterials/Substrate/Glints2/dict_0005_0028.uasset" 9409
"/Engine/EngineMaterials/Substrate/Glints2/dict_0005_0037" 9410
"/Engine/EngineMaterials/Substrate/Glints2/dict_0005_0036" 9411
"../../../Engine/Content/EngineMaterials/Substrate/Glints2/dict_0005_0033.uasset" 9412
"/Engine/EngineMaterials/Substrate/Glints2/dict_0005_0030" 9413
"../../../Engine/Content/EngineMaterials/Substrate/Glints2/dict_0005_0035.uasset" 9414
"/Engine/EngineMaterials/Substrate/Glints2/dict_0005_0028" 9415
"/Engine/EngineMaterials/Substrate/Glints2/dict_0005_0024" 9416
"../../../Engine/Content/EngineMaterials/Substrate/Glints2/dict_0005_0034.uasset" 9417
"/Engine/EngineMaterials/Substrate/Glints2/dict_0005_0021" 9418
"../../../Engine/Content/EngineMaterials/Substrate/Glints2/dict_0005_0020.uasset" 9419
"/Engine/EngineMaterials/Substrate/Glints2/dict_0005_0017" 9420
"/Engine/EngineMaterials/Substrate/Glints2/dict_0005_0035" 9421
"../../../Engine/Content/EngineMaterials/Substrate/Glints2/dict_0005_0045.uasset" 9422
"../../../Engine/Content/EngineMaterials/Substrate/Glints2/dict_0005_0029.uasset" 9423
"/Engine/EngineMaterials/Substrate/Glints2/dict_0005_0034" 9424
"../../../Engine/Content/EngineMaterials/Substrate/Glints2/dict_0005_0056.uasset" 9425
"/Engine/EngineMaterials/Substrate/Glints2/dict_0005_0033" 9426
"../../../Engine/Content/EngineMaterials/Substrate/Glints2/dict_0005_0019.uasset" 9427
"../../../Engine/Content/EngineMaterials/Substrate/Glints2/dict_0005_0038.uasset" 9428
"../../../Engine/Content/EngineMaterials/Substrate/Glints2/dict_0005_0040.uasset" 9429
"/Engine/EngineMaterials/Substrate/Glints2/dict_0005_0020" 9430
"../../../Engine/Content/EngineMaterials/Substrate/Glints2/dict_0005_0023.uasset" 9431
"../../../Engine/Content/EngineMaterials/Substrate/Glints2/dict_0005_0031.uasset" 9432
"/Engine/EngineMaterials/Substrate/Glints2/dict_0005_0040" 9433
"../../../Engine/Content/EngineMaterials/Substrate/Glints2/dict_0005_0042.uasset" 9434
"../../../Engine/Content/EngineMaterials/Substrate/Glints2/dict_0005_0047.uasset" 9435
"/Engine/EngineMaterials/Substrate/Glints2/dict_0005_0038" 9436
"../../../Engine/Content/EngineMaterials/Substrate/Glints2/dict_0005_0053.uasset" 9437
"../../../Engine/Content/EngineMaterials/Substrate/Glints2/dict_0005_0051.uasset" 9438
"/Engine/EngineMaterials/Substrate/Glints2/dict_0005_0031" 9439
"../../../Engine/Content/EngineMaterials/Substrate/Glints2/dict_0005_0032.uasset" 9440
"/Engine/EngineMaterials/Substrate/Glints2/dict_0005_0029" 9441
"../../../Engine/Content/EngineMaterials/Substrate/Glints2/dict_0005_0055.uasset" 9442
"../../../Engine/Content/EngineMaterials/Substrate/Glints2/dict_0005_0058.uasset" 9443
"/Engine/EngineMaterials/Substrate/Glints2/dict_0005_0023" 9444
"../../../Engine/Content/EngineMaterials/Substrate/Glints2/dict_0005_0059.uasset" 9445
"../../../Engine/Content/EngineMaterials/Substrate/Glints2/dict_0005_0062.uasset" 9446
"/Engine/EngineMaterials/Substrate/Glints2/dict_0005_0019" 9447
"../../../Engine/Content/EngineMaterials/Substrate/Glints2/dict_0005_0048.uasset" 9448
"/Engine/EngineMaterials/Substrate/Glints2/dict_0005_0056" 9449
"../../../Engine/Content/EngineMaterials/Substrate/Glints2/dict_0005_0044.uasset" 9450
"/Engine/EngineMaterials/Substrate/Glints2/dict_0005_0045" 9451
"../../../Engine/Content/EngineMaterials/Substrate/Glints2/dict_0005_0052.uasset" 9452
"../../../Engine/Content/EngineMaterials/Substrate/Glints2/dict_0005_0054.uasset" 9453
"../../../Engine/Content/EngineMaterials/Substrate/Glints2/dict_0005_0065.uasset" 9454
"/Engine/EngineMaterials/Substrate/Glints2/dict_0005_0055" 9455
"/Engine/EngineMaterials/Substrate/Glints2/dict_0005_0054" 9456
"../../../Engine/Content/EngineMaterials/Substrate/Glints2/dict_0005_0043.uasset" 9457
"/Engine/EngineMaterials/Substrate/Glints2/dict_0005_0062" 9458
"../../../Engine/Content/EngineMaterials/Substrate/Glints2/dict_0005_0069.uasset" 9459
"/Engine/EngineMaterials/Substrate/Glints2/dict_0005_0032" 9460
"/Engine/EngineMaterials/Substrate/Glints2/dict_0005_0059" 9461
"/Engine/EngineMaterials/Substrate/Glints2/dict_0005_0053" 9462
"../../../Engine/Content/EngineMaterials/Substrate/Glints2/dict_0005_0061.uasset" 9463
"/Engine/EngineMaterials/Substrate/Glints2/dict_0005_0052" 9464
"/Engine/EngineMaterials/Substrate/Glints2/dict_0005_0051" 9465
"/Engine/EngineMaterials/Substrate/Glints2/dict_0005_0058" 9466
"/Engine/EngineMaterials/Substrate/Glints2/dict_0005_0048" 9467
"../../../Engine/Content/EngineMaterials/Substrate/Glints2/dict_0005_0064.uasset" 9468
"../../../Engine/Content/EngineMaterials/Substrate/Glints2/dict_0005_0050.uasset" 9469
"/Engine/EngineMaterials/Substrate/Glints2/dict_0005_0047" 9470
"../../../Engine/Content/EngineMaterials/Substrate/Glints2/dict_0005_0068.uasset" 9471
"/Engine/EngineMaterials/Substrate/Glints2/dict_0005_0044" 9472
"/Engine/EngineMaterials/Substrate/Glints2/dict_0005_0042" 9473
"../../../Engine/Content/EngineMaterials/Substrate/Glints2/dict_0005_0067.uasset" 9474
"/Engine/EngineMaterials/Substrate/Glints2/dict_0005_0061" 9475
"../../../Engine/Content/EngineMaterials/Substrate/Glints2/dict_0005_0074.uasset" 9476
"/Engine/EngineMaterials/Substrate/Glints2/dict_0005_0065" 9477
"/Engine/EngineMaterials/Substrate/Glints2/dict_0005_0064" 9478
"../../../Engine/Content/EngineMaterials/Substrate/Glints2/dict_0005_0073.uasset" 9479
"/Engine/EngineMaterials/Substrate/Glints2/dict_0005_0050" 9480
"/Engine/EngineMaterials/Substrate/Glints2/dict_0005_0069" 9481
"../../../Engine/Content/EngineMaterials/Substrate/Glints2/dict_0005_0057.uasset" 9482
"/Engine/EngineMaterials/Substrate/Glints2/dict_0005_0068" 9483
"/Engine/EngineMaterials/Substrate/Glints2/dict_0005_0067" 9484
"../../../Engine/Content/EngineMaterials/Substrate/Glints2/dict_0005_0063.uasset" 9485
"/Engine/EngineMaterials/Substrate/Glints2/dict_0005_0043" 9486
"../../../Engine/Content/EngineMaterials/Substrate/Glints2/dict_0005_0066.uasset" 9487
"/Engine/EngineMaterials/Substrate/Glints2/dict_0005_0074" 9488
"/Engine/EngineMaterials/Substrate/Glints2/dict_0005_0073" 9489
"../../../Engine/Content/EngineMaterials/Substrate/Glints2/dict_0005_0071.uasset" 9490
"/Engine/EngineMaterials/Substrate/Glints2/dict_0005_0066" 9491
"../../../Engine/Content/EngineMaterials/Substrate/Glints2/dict_0005_0060.uasset" 9492
"/Engine/EngineMaterials/Substrate/Glints2/dict_0005_0057" 9493
"/Engine/EngineMaterials/Substrate/Glints2/dict_0005_0063" 9494
"../../../Engine/Content/EngineMaterials/Substrate/Glints2/dict_0005_0076.uasset" 9495
"/Engine/EngineMaterials/Substrate/Glints2/dict_0005_0060" 9496
"/Engine/EngineMaterials/Substrate/Glints2/dict_0005_0071" 9497
"../../../Engine/Content/EngineMaterials/Substrate/Glints2/dict_0005_0079.uasset" 9498
"/Engine/EngineMaterials/Substrate/Glints2/dict_0005_0076" 9499
"/Engine/EngineMaterials/Substrate/Glints2/dict_0005_0079" 9500
"../../../Engine/Content/EngineMaterials/Substrate/Glints2/dict_0005_0078.uasset" 9501
"/Engine/EngineMaterials/Substrate/Glints2/dict_0005_0078" 9502
"../../../Engine/Content/EngineMaterials/Substrate/Glints2/dict_0005_0075.uasset" 9503
"../../../Engine/Content/EngineMaterials/Substrate/Glints2/dict_0005_0087.uasset" 9504
"../../../Engine/Content/EngineMaterials/Substrate/Glints2/dict_0005_0085.uasset" 9505
"../../../Engine/Content/EngineMaterials/Substrate/Glints2/dict_0005_0082.uasset" 9506
"../../../Engine/Content/EngineMaterials/Substrate/Glints2/dict_0005_0070.uasset" 9507
"../../../Engine/Content/EngineMaterials/Substrate/Glints2/dict_0005_0089.uasset" 9508
"../../../Engine/Content/EngineMaterials/Substrate/Glints2/dict_0005_0090.uasset" 9509
"../../../Engine/Content/EngineMaterials/Substrate/Glints2/dict_0005_0091.uasset" 9510
"../../../Engine/Content/EngineMaterials/Substrate/Glints2/dict_0005_0077.uasset" 9511
"../../../Engine/Content/EngineMaterials/Substrate/Glints2/dict_0005_0094.uasset" 9512
"../../../Engine/Content/EngineMaterials/Substrate/Glints2/dict_0005_0083.uasset" 9513
"../../../Engine/Content/EngineMaterials/Substrate/Glints2/dict_0005_0096.uasset" 9514
"../../../Engine/Content/EngineMaterials/Substrate/Glints2/dict_0005_0100.uasset" 9515
"../../../Engine/Content/EngineMaterials/Substrate/Glints2/dict_0005_0084.uasset" 9516
"../../../Engine/Content/EngineMaterials/Substrate/Glints2/dict_0005_0046.uasset" 9517
"../../../Engine/Content/EngineMaterials/Substrate/Glints2/dict_0005_0101.uasset" 9518
"../../../Engine/Content/EngineMaterials/Substrate/Glints2/dict_0005_0104.uasset" 9519
"../../../Engine/Content/EngineMaterials/Substrate/Glints2/dict_0005_0080.uasset" 9520
"../../../Engine/Content/EngineMaterials/Substrate/Glints2/dict_0005_0072.uasset" 9521
"../../../Engine/Content/EngineMaterials/Substrate/Glints2/dict_0005_0049.uasset" 9522
"../../../Engine/Content/EngineMaterials/Substrate/Glints2/dict_0005_0092.uasset" 9523
"../../../Engine/Content/EngineMaterials/Substrate/Glints2/dict_0005_0097.uasset" 9524
"../../../Engine/Content/EngineMaterials/Substrate/Glints2/dict_0005_0099.uasset" 9525
"../../../Engine/Content/EngineMaterials/Substrate/Glints2/dict_0005_0081.uasset" 9526
"../../../Engine/Content/EngineMaterials/Substrate/Glints2/dict_0005_0088.uasset" 9527
"../../../Engine/Content/EngineMaterials/Substrate/Glints2/dict_0005_0098.uasset" 9528
"../../../Engine/Content/EngineMaterials/Substrate/Glints2/dict_0005_0102.uasset" 9529
"../../../Engine/Content/EngineMaterials/Substrate/Glints2/dict_0005_0103.uasset" 9530
"../../../Engine/Content/EngineMaterials/Substrate/Glints2/dict_0005_0093.uasset" 9531
"../../../Engine/Content/EngineMaterials/Substrate/Glints2/dict_0005_0086.uasset" 9532
"../../../Engine/Content/EngineMaterials/Substrate/Glints2/dict_0005_0105.uasset" 9533
"../../../Engine/Content/EngineMaterials/Substrate/Glints2/dict_0005_0095.uasset" 9534
"/Engine/EngineMaterials/Substrate/Glints2/dict_0005_0087" 9535
"/Engine/EngineMaterials/Substrate/Glints2/dict_0005_0100" 9536
"/Engine/EngineMaterials/Substrate/Glints2/dict_0005_0086" 9537
"/Engine/EngineMaterials/Substrate/Glints2/dict_0005_0099" 9538
"/Engine/EngineMaterials/Substrate/Glints2/dict_0005_0085" 9539
"/Engine/EngineMaterials/Substrate/Glints2/dict_0005_0095" 9540
"/Engine/EngineMaterials/Substrate/Glints2/dict_0005_0098" 9541
"/Engine/EngineMaterials/Substrate/Glints2/dict_0005_0094" 9542
"/Engine/EngineMaterials/Substrate/Glints2/dict_0005_0093" 9543
"/Engine/EngineMaterials/Substrate/Glints2/dict_0005_0084" 9544
"/Engine/EngineMaterials/Substrate/Glints2/dict_0005_0072" 9545
"/Engine/EngineMaterials/Substrate/Glints2/dict_0005_0103" 9546
"/Engine/EngineMaterials/Substrate/Glints2/dict_0005_0102" 9547
"/Engine/EngineMaterials/Substrate/Glints2/dict_0005_0083" 9548
"/Engine/EngineMaterials/Substrate/Glints2/dict_0005_0082" 9549
"/Engine/EngineMaterials/Substrate/Glints2/dict_0005_0081" 9550
"/Engine/EngineMaterials/Substrate/Glints2/dict_0005_0080" 9551
"/Engine/EngineMaterials/Substrate/Glints2/dict_0005_0104" 9552
"/Engine/EngineMaterials/Substrate/Glints2/dict_0005_0070" 9553
"/Engine/EngineMaterials/Substrate/Glints2/dict_0005_0092" 9554
"/Engine/EngineMaterials/Substrate/Glints2/dict_0005_0097" 9555
"/Engine/EngineMaterials/Substrate/Glints2/dict_0005_0096" 9556
"/Engine/EngineMaterials/Substrate/Glints2/dict_0005_0091" 9557
"/Engine/EngineMaterials/Substrate/Glints2/dict_0005_0049" 9558
"/Engine/EngineMaterials/Substrate/Glints2/dict_0005_0090" 9559
"/Engine/EngineMaterials/Substrate/Glints2/dict_0005_0105" 9560
"/Engine/EngineMaterials/Substrate/Glints2/dict_0005_0077" 9561
"/Engine/EngineMaterials/Substrate/Glints2/dict_0005_0046" 9562
"/Engine/EngineMaterials/Substrate/Glints2/dict_0005_0089" 9563
"/Engine/EngineMaterials/Substrate/Glints2/dict_0005_0101" 9564
"/Engine/EngineMaterials/Substrate/Glints2/dict_0005_0088" 9565
"/Engine/EngineMaterials/Substrate/Glints2/dict_0005_0075" 9566
"../../../Engine/Content/EngineMaterials/Substrate/Glints2/dict_0005_0106.uasset" 9567
"../../../Engine/Content/EngineMaterials/Substrate/Glints2/dict_0005_0110.uasset" 9568
"../../../Engine/Content/EngineMaterials/Substrate/Glints2/dict_0005_0108.uasset" 9569
"../../../Engine/Content/EngineMaterials/Substrate/Glints2/dict_0005_0107.uasset" 9570
"../../../Engine/Content/EngineMaterials/Substrate/Glints2/dict_0005_0111.uasset" 9571
"../../../Engine/Content/EngineMaterials/Substrate/Glints2/dict_0005_0120.uasset" 9572
"../../../Engine/Content/EngineMaterials/Substrate/Glints2/dict_0005_0116.uasset" 9573
"../../../Engine/Content/EngineMaterials/Substrate/Glints2/dict_0005_0118.uasset" 9574
"../../../Engine/Content/EngineMaterials/Substrate/Glints2/dict_0005_0112.uasset" 9575
"../../../Engine/Content/EngineMaterials/Substrate/Glints2/dict_0005_0121.uasset" 9576
"../../../Engine/Content/EngineMaterials/Substrate/Glints2/dict_0005_0113.uasset" 9577
"../../../Engine/Content/EngineMaterials/Substrate/Glints2/dict_0005_0122.uasset" 9578
"../../../Engine/Content/EngineMaterials/Substrate/Glints2/dict_0005_0128.uasset" 9579
"../../../Engine/Content/EngineMaterials/Substrate/Glints2/dict_0005_0125.uasset" 9580
"../../../Engine/Content/EngineMaterials/Substrate/Glints2/dict_0005_0129.uasset" 9581
"../../../Engine/Content/EngineMaterials/Substrate/Glints2/dict_0005_0130.uasset" 9582
"../../../Engine/Content/EngineMaterials/Substrate/Glints2/dict_0005_0133.uasset" 9583
"../../../Engine/Content/EngineMaterials/Substrate/Glints2/dict_0005_0132.uasset" 9584
"../../../Engine/Content/EngineMaterials/Substrate/Glints2/dict_0005_0137.uasset" 9585
"../../../Engine/Content/EngineMaterials/Substrate/Glints2/dict_0005_0115.uasset" 9586
"../../../Engine/Content/EngineMaterials/Substrate/Glints2/dict_0005_0119.uasset" 9587
"../../../Engine/Content/EngineMaterials/Substrate/Glints2/dict_0005_0124.uasset" 9588
"../../../Engine/Content/EngineMaterials/Substrate/Glints2/dict_0005_0131.uasset" 9589
"../../../Engine/Content/EngineMaterials/Substrate/Glints2/dict_0005_0114.uasset" 9590
"../../../Engine/Content/EngineMaterials/Substrate/Glints2/dict_0005_0126.uasset" 9591
"../../../Engine/Content/EngineMaterials/Substrate/Glints2/dict_0005_0135.uasset" 9592
"../../../Engine/Content/EngineMaterials/Substrate/Glints2/dict_0005_0136.uasset" 9593
"../../../Engine/Content/EngineMaterials/Substrate/Glints2/dict_0005_0123.uasset" 9594
"../../../Engine/Content/EngineMaterials/Substrate/Glints2/dict_0005_0117.uasset" 9595
"../../../Engine/Content/EngineMaterials/Substrate/Glints2/dict_0005_0109.uasset" 9596
"../../../Engine/Content/EngineMaterials/Substrate/Glints2/dict_0005_0134.uasset" 9597
"../../../Engine/Content/EngineMaterials/Substrate/Glints2/dict_0005_0127.uasset" 9598
"/Engine/EngineMaterials/Substrate/Glints2/dict_0005_0137" 9599
"/Engine/EngineMaterials/Substrate/Glints2/dict_0005_0136" 9600
"/Engine/EngineMaterials/Substrate/Glints2/dict_0005_0135" 9601
"/Engine/EngineMaterials/Substrate/Glints2/dict_0005_0134" 9602
"/Engine/EngineMaterials/Substrate/Glints2/dict_0005_0133" 9603
"/Engine/EngineMaterials/Substrate/Glints2/dict_0005_0132" 9604
"/Engine/EngineMaterials/Substrate/Glints2/dict_0005_0131" 9605
"/Engine/EngineMaterials/Substrate/Glints2/dict_0005_0130" 9606
"/Engine/EngineMaterials/Substrate/Glints2/dict_0005_0129" 9607
"/Engine/EngineMaterials/Substrate/Glints2/dict_0005_0128" 9608
"/Engine/EngineMaterials/Substrate/Glints2/dict_0005_0127" 9609
"/Engine/EngineMaterials/Substrate/Glints2/dict_0005_0126" 9610
"/Engine/EngineMaterials/Substrate/Glints2/dict_0005_0125" 9611
"/Engine/EngineMaterials/Substrate/Glints2/dict_0005_0124" 9612
"/Engine/EngineMaterials/Substrate/Glints2/dict_0005_0123" 9613
"/Engine/EngineMaterials/Substrate/Glints2/dict_0005_0122" 9614
"/Engine/EngineMaterials/Substrate/Glints2/dict_0005_0121" 9615
"/Engine/EngineMaterials/Substrate/Glints2/dict_0005_0120" 9616
"/Engine/EngineMaterials/Substrate/Glints2/dict_0005_0119" 9617
"/Engine/EngineMaterials/Substrate/Glints2/dict_0005_0118" 9618
"/Engine/EngineMaterials/Substrate/Glints2/dict_0005_0117" 9619
"/Engine/EngineMaterials/Substrate/Glints2/dict_0005_0116" 9620
"/Engine/EngineMaterials/Substrate/Glints2/dict_0005_0115" 9621
"/Engine/EngineMaterials/Substrate/Glints2/dict_0005_0114" 9622
"/Engine/EngineMaterials/Substrate/Glints2/dict_0005_0113" 9623
"/Engine/EngineMaterials/Substrate/Glints2/dict_0005_0112" 9624
"/Engine/EngineMaterials/Substrate/Glints2/dict_0005_0111" 9625
"/Engine/EngineMaterials/Substrate/Glints2/dict_0005_0110" 9626
"/Engine/EngineMaterials/Substrate/Glints2/dict_0005_0109" 9627
"/Engine/EngineMaterials/Substrate/Glints2/dict_0005_0108" 9628
"/Engine/EngineMaterials/Substrate/Glints2/dict_0005_0107" 9629
"/Engine/EngineMaterials/Substrate/Glints2/dict_0005_0106" 9630
"../../../Engine/Content/EngineMaterials/Substrate/Glints2/dict_0005_0143.uasset" 9631
"../../../Engine/Content/EngineMaterials/Substrate/Glints2/dict_0005_0138.uasset" 9632
"../../../Engine/Content/EngineMaterials/Substrate/Glints2/dict_0005_0142.uasset" 9633
"../../../Engine/Content/EngineMaterials/Substrate/Glints2/dict_0005_0140.uasset" 9634
"../../../Engine/Content/EngineMaterials/Substrate/Glints2/dict_0005_0139.uasset" 9635
"../../../Engine/Content/EngineMaterials/Substrate/Glints2/dict_0005_0144.uasset" 9636
"../../../Engine/Content/EngineMaterials/Substrate/Glints2/dict_0005_0141.uasset" 9637
"../../../Engine/Content/EngineMaterials/Substrate/Glints2/dict_0005_0151.uasset" 9638
"../../../Engine/Content/EngineMaterials/Substrate/Glints2/dict_0005_0148.uasset" 9639
"../../../Engine/Content/EngineMaterials/Substrate/Glints2/dict_0005_0152.uasset" 9640
"../../../Engine/Content/EngineMaterials/Substrate/Glints2/dict_0005_0154.uasset" 9641
"../../../Engine/Content/EngineMaterials/Substrate/Glints2/dict_0005_0147.uasset" 9642
"../../../Engine/Content/EngineMaterials/Substrate/Glints2/dict_0005_0149.uasset" 9643
"../../../Engine/Content/EngineMaterials/Substrate/Glints2/dict_0005_0157.uasset" 9644
"../../../Engine/Content/EngineMaterials/Substrate/Glints2/dict_0005_0156.uasset" 9645
"../../../Engine/Content/EngineMaterials/Substrate/Glints2/dict_0005_0159.uasset" 9646
"../../../Engine/Content/EngineMaterials/Substrate/Glints2/dict_0005_0168.uasset" 9647
"../../../Engine/Content/EngineMaterials/Substrate/Glints2/dict_0005_0166.uasset" 9648
"../../../Engine/Content/EngineMaterials/Substrate/Glints2/dict_0005_0163.uasset" 9649
"../../../Engine/Content/EngineMaterials/Substrate/Glints2/dict_0005_0169.uasset" 9650
"../../../Engine/Content/EngineMaterials/Substrate/Glints2/dict_0005_0150.uasset" 9651
"../../../Engine/Content/EngineMaterials/Substrate/Glints2/dict_0005_0153.uasset" 9652
"../../../Engine/Content/EngineMaterials/Substrate/Glints2/dict_0005_0158.uasset" 9653
"../../../Engine/Content/EngineMaterials/Substrate/Glints2/dict_0005_0164.uasset" 9654
"../../../Engine/Content/EngineMaterials/Substrate/Glints2/dict_0005_0145.uasset" 9655
"../../../Engine/Content/EngineMaterials/Substrate/Glints2/dict_0005_0161.uasset" 9656
"../../../Engine/Content/EngineMaterials/Substrate/Glints2/dict_0005_0146.uasset" 9657
"../../../Engine/Content/EngineMaterials/Substrate/Glints2/dict_0005_0160.uasset" 9658
"../../../Engine/Content/EngineMaterials/Substrate/Glints2/dict_0005_0167.uasset" 9659
"../../../Engine/Content/EngineMaterials/Substrate/Glints2/dict_0005_0155.uasset" 9660
"../../../Engine/Content/EngineMaterials/Substrate/Glints2/dict_0005_0165.uasset" 9661
"../../../Engine/Content/EngineMaterials/Substrate/Glints2/dict_0005_0162.uasset" 9662
"/Engine/EngineMaterials/Substrate/Glints2/dict_0005_0169" 9663
"/Engine/EngineMaterials/Substrate/Glints2/dict_0005_0168" 9664
"/Engine/EngineMaterials/Substrate/Glints2/dict_0005_0167" 9665
"/Engine/EngineMaterials/Substrate/Glints2/dict_0005_0166" 9666
"/Engine/EngineMaterials/Substrate/Glints2/dict_0005_0165" 9667
"/Engine/EngineMaterials/Substrate/Glints2/dict_0005_0164" 9668
"/Engine/EngineMaterials/Substrate/Glints2/dict_0005_0163" 9669
"/Engine/EngineMaterials/Substrate/Glints2/dict_0005_0162" 9670
"/Engine/EngineMaterials/Substrate/Glints2/dict_0005_0161" 9671
"/Engine/EngineMaterials/Substrate/Glints2/dict_0005_0160" 9672
"/Engine/EngineMaterials/Substrate/Glints2/dict_0005_0159" 9673
"/Engine/EngineMaterials/Substrate/Glints2/dict_0005_0158" 9674
"/Engine/EngineMaterials/Substrate/Glints2/dict_0005_0157" 9675
"/Engine/EngineMaterials/Substrate/Glints2/dict_0005_0156" 9676
"/Engine/EngineMaterials/Substrate/Glints2/dict_0005_0155" 9677
"/Engine/EngineMaterials/Substrate/Glints2/dict_0005_0154" 9678
"/Engine/EngineMaterials/Substrate/Glints2/dict_0005_0153" 9679
"/Engine/EngineMaterials/Substrate/Glints2/dict_0005_0152" 9680
"/Engine/EngineMaterials/Substrate/Glints2/dict_0005_0151" 9681
"/Engine/EngineMaterials/Substrate/Glints2/dict_0005_0150" 9682
"/Engine/EngineMaterials/Substrate/Glints2/dict_0005_0149" 9683
"/Engine/EngineMaterials/Substrate/Glints2/dict_0005_0148" 9684
"/Engine/EngineMaterials/Substrate/Glints2/dict_0005_0147" 9685
"/Engine/EngineMaterials/Substrate/Glints2/dict_0005_0146" 9686
"/Engine/EngineMaterials/Substrate/Glints2/dict_0005_0145" 9687
"/Engine/EngineMaterials/Substrate/Glints2/dict_0005_0144" 9688
"/Engine/EngineMaterials/Substrate/Glints2/dict_0005_0143" 9689
"/Engine/EngineMaterials/Substrate/Glints2/dict_0005_0142" 9690
"/Engine/EngineMaterials/Substrate/Glints2/dict_0005_0141" 9691
"/Engine/EngineMaterials/Substrate/Glints2/dict_0005_0140" 9692
"/Engine/EngineMaterials/Substrate/Glints2/dict_0005_0139" 9693
"/Engine/EngineMaterials/Substrate/Glints2/dict_0005_0138" 9694
"../../../Engine/Content/EngineMaterials/Substrate/Glints2/dict_0005_0170.uasset" 9695
"../../../Engine/Content/EngineMaterials/Substrate/Glints2/dict_0005_0173.uasset" 9696
"../../../Engine/Content/EngineMaterials/Substrate/Glints2/dict_0005_0175.uasset" 9697
"../../../Engine/Content/EngineMaterials/Substrate/Glints2/dict_0005_0180.uasset" 9698
"../../../Engine/Content/EngineMaterials/Substrate/Glints2/dict_0005_0176.uasset" 9699
"../../../Engine/Content/EngineMaterials/Substrate/Glints2/dict_0005_0182.uasset" 9700
"../../../Engine/Content/EngineMaterials/Substrate/Glints2/dict_0005_0184.uasset" 9701
"../../../Engine/Content/EngineMaterials/Substrate/Glints2/dict_0005_0187.uasset" 9702
"../../../Engine/Content/EngineMaterials/Substrate/Glints2/dict_0005_0172.uasset" 9703
"../../../Engine/Content/EngineMaterials/Substrate/Glints2/dict_0005_0188.uasset" 9704
"../../../Engine/Content/EngineMaterials/Substrate/Glints2/dict_0005_0183.uasset" 9705
"../../../Engine/Content/EngineMaterials/Substrate/Glints2/dict_0005_0190.uasset" 9706
"../../../Engine/Content/EngineMaterials/Substrate/Glints2/dict_0005_0196.uasset" 9707
"../../../Engine/Content/EngineMaterials/Substrate/Glints2/dict_0005_0198.uasset" 9708
"/Engine/EngineMaterials/Substrate/Glints2/dict_0005_0198" 9709
"../../../Engine/Content/EngineMaterials/Substrate/Glints2/dict_0005_0192.uasset" 9710
"/Engine/EngineMaterials/Substrate/Glints2/dict_0005_0196" 9711
"../../../Engine/Content/EngineMaterials/Substrate/Glints2/dict_0005_0200.uasset" 9712
"/Engine/EngineMaterials/Substrate/Glints2/dict_0005_0190" 9713
"/Engine/EngineMaterials/Substrate/Glints2/dict_0005_0188" 9714
"../../../Engine/Content/EngineMaterials/Substrate/Glints2/dict_0005_0177.uasset" 9715
"/Engine/EngineMaterials/Substrate/Glints2/dict_0005_0187" 9716
"../../../Engine/Content/EngineMaterials/Substrate/Glints2/dict_0005_0174.uasset" 9717
"/Engine/EngineMaterials/Substrate/Glints2/dict_0005_0184" 9718
"/Engine/EngineMaterials/Substrate/Glints2/dict_0005_0183" 9719
"/Engine/EngineMaterials/Substrate/Glints2/dict_0005_0182" 9720
"../../../Engine/Content/EngineMaterials/Substrate/Glints2/dict_0005_0201.uasset" 9721
"/Engine/EngineMaterials/Substrate/Glints2/dict_0005_0180" 9722
"/Engine/EngineMaterials/Substrate/Glints2/dict_0005_0176" 9723
"/Engine/EngineMaterials/Substrate/Glints2/dict_0005_0175" 9724
"../../../Engine/Content/EngineMaterials/Substrate/Glints2/dict_0005_0181.uasset" 9725
"/Engine/EngineMaterials/Substrate/Glints2/dict_0005_0173" 9726
"/Engine/EngineMaterials/Substrate/Glints2/dict_0005_0172" 9727
"/Engine/EngineMaterials/Substrate/Glints2/dict_0005_0170" 9728
"../../../Engine/Content/EngineMaterials/Substrate/Glints2/dict_0005_0185.uasset" 9729
"/Engine/EngineMaterials/Substrate/Glints2/dict_0005_0201" 9730
"/Engine/EngineMaterials/Substrate/Glints2/dict_0005_0200" 9731
"/Engine/EngineMaterials/Substrate/Glints2/dict_0005_0192" 9732
"../../../Engine/Content/EngineMaterials/Substrate/Glints2/dict_0005_0186.uasset" 9733
"/Engine/EngineMaterials/Substrate/Glints2/dict_0005_0181" 9734
"/Engine/EngineMaterials/Substrate/Glints2/dict_0005_0177" 9735
"/Engine/EngineMaterials/Substrate/Glints2/dict_0005_0174" 9736
"/Engine/EngineMaterials/Substrate/Glints2/dict_0005_0186" 9737
"../../../Engine/Content/EngineMaterials/Substrate/Glints2/dict_0005_0179.uasset" 9738
"/Engine/EngineMaterials/Substrate/Glints2/dict_0005_0185" 9739
"../../../Engine/Content/EngineMaterials/Substrate/Glints2/dict_0005_0193.uasset" 9740
"/Engine/EngineMaterials/Substrate/Glints2/dict_0005_0193" 9741
"../../../Engine/Content/EngineMaterials/Substrate/Glints2/dict_0005_0195.uasset" 9742
"/Engine/EngineMaterials/Substrate/Glints2/dict_0005_0179" 9743
"../../../Engine/Content/EngineMaterials/Substrate/Glints2/dict_0005_0171.uasset" 9744
"/Engine/EngineMaterials/Substrate/Glints2/dict_0005_0195" 9745
"../../../Engine/Content/EngineMaterials/Substrate/Glints2/dict_0005_0189.uasset" 9746
"/Engine/EngineMaterials/Substrate/Glints2/dict_0005_0171" 9747
"/Engine/EngineMaterials/Substrate/Glints2/dict_0005_0189" 9748
"../../../Engine/Content/EngineMaterials/Substrate/Glints2/dict_0005_0199.uasset" 9749
"../../../Engine/Content/EngineMaterials/Substrate/Glints2/dict_0005_0217.uasset" 9750
"../../../Engine/Content/EngineMaterials/Substrate/Glints2/dict_0005_0207.uasset" 9751
"../../../Engine/Content/EngineMaterials/Substrate/Glints2/dict_0005_0210.uasset" 9752
"../../../Engine/Content/EngineMaterials/Substrate/Glints2/dict_0005_0203.uasset" 9753
"../../../Engine/Content/EngineMaterials/Substrate/Glints2/dict_0005_0214.uasset" 9754
"../../../Engine/Content/EngineMaterials/Substrate/Glints2/dict_0005_0205.uasset" 9755
"../../../Engine/Content/EngineMaterials/Substrate/Glints2/dict_0005_0197.uasset" 9756
"../../../Engine/Content/EngineMaterials/Substrate/Glints2/dict_0005_0208.uasset" 9757
"../../../Engine/Content/EngineMaterials/Substrate/Glints2/dict_0005_0218.uasset" 9758
"../../../Engine/Content/EngineMaterials/Substrate/Glints2/dict_0005_0220.uasset" 9759
"../../../Engine/Content/EngineMaterials/Substrate/Glints2/dict_0005_0221.uasset" 9760
"../../../Engine/Content/EngineMaterials/Substrate/Glints2/dict_0005_0224.uasset" 9761
"../../../Engine/Content/EngineMaterials/Substrate/Glints2/dict_0005_0204.uasset" 9762
"../../../Engine/Content/EngineMaterials/Substrate/Glints2/dict_0005_0225.uasset" 9763
"../../../Engine/Content/EngineMaterials/Substrate/Glints2/dict_0005_0227.uasset" 9764
"../../../Engine/Content/EngineMaterials/Substrate/Glints2/dict_0005_0228.uasset" 9765
"../../../Engine/Content/EngineMaterials/Substrate/Glints2/dict_0005_0215.uasset" 9766
"../../../Engine/Content/EngineMaterials/Substrate/Glints2/dict_0005_0209.uasset" 9767
"../../../Engine/Content/EngineMaterials/Substrate/Glints2/dict_0005_0219.uasset" 9768
"../../../Engine/Content/EngineMaterials/Substrate/Glints2/dict_0005_0202.uasset" 9769
"../../../Engine/Content/EngineMaterials/Substrate/Glints2/dict_0005_0212.uasset" 9770
"../../../Engine/Content/EngineMaterials/Substrate/Glints2/dict_0005_0223.uasset" 9771
"../../../Engine/Content/EngineMaterials/Substrate/Glints2/dict_0005_0178.uasset" 9772
"../../../Engine/Content/EngineMaterials/Substrate/Glints2/dict_0005_0191.uasset" 9773
"../../../Engine/Content/EngineMaterials/Substrate/Glints2/dict_0005_0211.uasset" 9774
"../../../Engine/Content/EngineMaterials/Substrate/Glints2/dict_0005_0206.uasset" 9775
"../../../Engine/Content/EngineMaterials/Substrate/Glints2/dict_0005_0194.uasset" 9776
"/Engine/EngineMaterials/Substrate/Glints2/dict_0005_0221" 9777
"../../../Engine/Content/EngineMaterials/Substrate/Glints2/dict_0005_0213.uasset" 9778
"../../../Engine/Content/EngineMaterials/Substrate/Glints2/dict_0005_0216.uasset" 9779
"/Engine/EngineMaterials/Substrate/Glints2/dict_0005_0220" 9780
"../../../Engine/Content/EngineMaterials/Substrate/Glints2/dict_0005_0226.uasset" 9781
"/Engine/EngineMaterials/Substrate/Glints2/dict_0005_0199" 9782
"../../../Engine/Content/EngineMaterials/Substrate/Glints2/dict_0005_0222.uasset" 9783
"/Engine/EngineMaterials/Substrate/Glints2/dict_0005_0215" 9784
"/Engine/EngineMaterials/Substrate/Glints2/dict_0005_0197" 9785
"/Engine/EngineMaterials/Substrate/Glints2/dict_0005_0214" 9786
"/Engine/EngineMaterials/Substrate/Glints2/dict_0005_0227" 9787
"/Engine/EngineMaterials/Substrate/Glints2/dict_0005_0225" 9788
"/Engine/EngineMaterials/Substrate/Glints2/dict_0005_0219" 9789
"/Engine/EngineMaterials/Substrate/Glints2/dict_0005_0191" 9790
"/Engine/EngineMaterials/Substrate/Glints2/dict_0005_0228" 9791
"/Engine/EngineMaterials/Substrate/Glints2/dict_0005_0212" 9792
"/Engine/EngineMaterials/Substrate/Glints2/dict_0005_0211" 9793
"/Engine/EngineMaterials/Substrate/Glints2/dict_0005_0223" 9794
"/Engine/EngineMaterials/Substrate/Glints2/dict_0005_0210" 9795
"/Engine/EngineMaterials/Substrate/Glints2/dict_0005_0209" 9796
"/Engine/EngineMaterials/Substrate/Glints2/dict_0005_0208" 9797
"/Engine/EngineMaterials/Substrate/Glints2/dict_0005_0218" 9798
"/Engine/EngineMaterials/Substrate/Glints2/dict_0005_0207" 9799
"/Engine/EngineMaterials/Substrate/Glints2/dict_0005_0224" 9800
"/Engine/EngineMaterials/Substrate/Glints2/dict_0005_0178" 9801
"/Engine/EngineMaterials/Substrate/Glints2/dict_0005_0217" 9802
"/Engine/EngineMaterials/Substrate/Glints2/dict_0005_0206" 9803
"/Engine/EngineMaterials/Substrate/Glints2/dict_0005_0205" 9804
"/Engine/EngineMaterials/Substrate/Glints2/dict_0005_0204" 9805
"/Engine/EngineMaterials/Substrate/Glints2/dict_0005_0203" 9806
"/Engine/EngineMaterials/Substrate/Glints2/dict_0005_0202" 9807
"/Engine/EngineMaterials/Substrate/Glints2/dict_0005_0194" 9808
"/Engine/EngineMaterials/Substrate/Glints2/dict_0005_0213" 9809
"/Engine/EngineMaterials/Substrate/Glints2/dict_0005_0222" 9810
"/Engine/EngineMaterials/Substrate/Glints2/dict_0005_0216" 9811
"/Engine/EngineMaterials/Substrate/Glints2/dict_0005_0226" 9812
"../../../Engine/Content/EngineMaterials/Substrate/Glints2/dict_0005_0230.uasset" 9813
"../../../Engine/Content/EngineMaterials/Substrate/Glints2/dict_0005_0229.uasset" 9814
"../../../Engine/Content/EngineMaterials/Substrate/Glints2/dict_0005_0234.uasset" 9815
"../../../Engine/Content/EngineMaterials/Substrate/Glints2/dict_0005_0236.uasset" 9816
"../../../Engine/Content/EngineMaterials/Substrate/Glints2/dict_0005_0251.uasset" 9817
"../../../Engine/Content/EngineMaterials/Substrate/Glints2/dict_0006_0000.uasset" 9818
"../../../Engine/Content/EngineMaterials/Substrate/Glints2/dict_0005_0233.uasset" 9819
"../../../Engine/Content/EngineMaterials/Substrate/Glints2/dict_0005_0240.uasset" 9820
"../../../Engine/Content/EngineMaterials/Substrate/Glints2/dict_0005_0239.uasset" 9821
"../../../Engine/Content/EngineMaterials/Substrate/Glints2/dict_0005_0252.uasset" 9822
"../../../Engine/Content/EngineMaterials/Substrate/Glints2/dict_0005_0247.uasset" 9823
"../../../Engine/Content/EngineMaterials/Substrate/Glints2/dict_0005_0238.uasset" 9824
"../../../Engine/Content/EngineMaterials/Substrate/Glints2/dict_0005_0231.uasset" 9825
"../../../Engine/Content/EngineMaterials/Substrate/Glints2/dict_0005_0249.uasset" 9826
"../../../Engine/Content/EngineMaterials/Substrate/Glints2/dict_0005_0235.uasset" 9827
"../../../Engine/Content/EngineMaterials/Substrate/Glints2/dict_0005_0246.uasset" 9828
"../../../Engine/Content/EngineMaterials/Substrate/Glints2/dict_0005_0232.uasset" 9829
"../../../Engine/Content/EngineMaterials/Substrate/Glints2/dict_0006_0002.uasset" 9830
"../../../Engine/Content/EngineMaterials/Substrate/Glints2/dict_0005_0241.uasset" 9831
"../../../Engine/Content/EngineMaterials/Substrate/Glints2/dict_0005_0242.uasset" 9832
"../../../Engine/Content/EngineMaterials/Substrate/Glints2/dict_0005_0250.uasset" 9833
"../../../Engine/Content/EngineMaterials/Substrate/Glints2/dict_0005_0253.uasset" 9834
"../../../Engine/Content/EngineMaterials/Substrate/Glints2/dict_0005_0244.uasset" 9835
"../../../Engine/Content/EngineMaterials/Substrate/Glints2/dict_0006_0004.uasset" 9836
"../../../Engine/Content/EngineMaterials/Substrate/Glints2/dict_0005_0248.uasset" 9837
"../../../Engine/Content/EngineMaterials/Substrate/Glints2/dict_0005_0245.uasset" 9838
"../../../Engine/Content/EngineMaterials/Substrate/Glints2/dict_0005_0254.uasset" 9839
"../../../Engine/Content/EngineMaterials/Substrate/Glints2/dict_0005_0255.uasset" 9840
"../../../Engine/Content/EngineMaterials/Substrate/Glints2/dict_0006_0001.uasset" 9841
"../../../Engine/Content/EngineMaterials/Substrate/Glints2/dict_0006_0003.uasset" 9842
"../../../Engine/Content/EngineMaterials/Substrate/Glints2/dict_0005_0243.uasset" 9843
"../../../Engine/Content/EngineMaterials/Substrate/Glints2/dict_0005_0237.uasset" 9844
"/Engine/EngineMaterials/Substrate/Glints2/dict_0005_0255" 9845
"/Engine/EngineMaterials/Substrate/Glints2/dict_0005_0254" 9846
"/Engine/EngineMaterials/Substrate/Glints2/dict_0005_0253" 9847
"/Engine/EngineMaterials/Substrate/Glints2/dict_0005_0252" 9848
"/Engine/EngineMaterials/Substrate/Glints2/dict_0005_0251" 9849
"/Engine/EngineMaterials/Substrate/Glints2/dict_0005_0250" 9850
"/Engine/EngineMaterials/Substrate/Glints2/dict_0005_0249" 9851
"/Engine/EngineMaterials/Substrate/Glints2/dict_0006_0004" 9852
"/Engine/EngineMaterials/Substrate/Glints2/dict_0005_0248" 9853
"/Engine/EngineMaterials/Substrate/Glints2/dict_0005_0247" 9854
"/Engine/EngineMaterials/Substrate/Glints2/dict_0005_0246" 9855
"/Engine/EngineMaterials/Substrate/Glints2/dict_0006_0003" 9856
"/Engine/EngineMaterials/Substrate/Glints2/dict_0005_0245" 9857
"/Engine/EngineMaterials/Substrate/Glints2/dict_0005_0244" 9858
"/Engine/EngineMaterials/Substrate/Glints2/dict_0005_0243" 9859
"/Engine/EngineMaterials/Substrate/Glints2/dict_0005_0242" 9860
"/Engine/EngineMaterials/Substrate/Glints2/dict_0006_0002" 9861
"/Engine/EngineMaterials/Substrate/Glints2/dict_0005_0241" 9862
"/Engine/EngineMaterials/Substrate/Glints2/dict_0005_0240" 9863
"/Engine/EngineMaterials/Substrate/Glints2/dict_0005_0239" 9864
"/Engine/EngineMaterials/Substrate/Glints2/dict_0005_0238" 9865
"/Engine/EngineMaterials/Substrate/Glints2/dict_0005_0237" 9866
"/Engine/EngineMaterials/Substrate/Glints2/dict_0005_0236" 9867
"/Engine/EngineMaterials/Substrate/Glints2/dict_0005_0235" 9868
"/Engine/EngineMaterials/Substrate/Glints2/dict_0005_0234" 9869
"/Engine/EngineMaterials/Substrate/Glints2/dict_0005_0233" 9870
"/Engine/EngineMaterials/Substrate/Glints2/dict_0005_0232" 9871
"/Engine/EngineMaterials/Substrate/Glints2/dict_0006_0001" 9872
"/Engine/EngineMaterials/Substrate/Glints2/dict_0005_0231" 9873
"/Engine/EngineMaterials/Substrate/Glints2/dict_0005_0230" 9874
"/Engine/EngineMaterials/Substrate/Glints2/dict_0006_0000" 9875
"/Engine/EngineMaterials/Substrate/Glints2/dict_0005_0229" 9876
"../../../Engine/Content/EngineMaterials/Substrate/Glints2/dict_0006_0005.uasset" 9877
"../../../Engine/Content/EngineMaterials/Substrate/Glints2/dict_0006_0006.uasset" 9878
"../../../Engine/Content/EngineMaterials/Substrate/Glints2/dict_0006_0014.uasset" 9879
"../../../Engine/Content/EngineMaterials/Substrate/Glints2/dict_0006_0012.uasset" 9880
"../../../Engine/Content/EngineMaterials/Substrate/Glints2/dict_0006_0022.uasset" 9881
"../../../Engine/Content/EngineMaterials/Substrate/Glints2/dict_0006_0027.uasset" 9882
"../../../Engine/Content/EngineMaterials/Substrate/Glints2/dict_0006_0007.uasset" 9883
"../../../Engine/Content/EngineMaterials/Substrate/Glints2/dict_0006_0015.uasset" 9884
"../../../Engine/Content/EngineMaterials/Substrate/Glints2/dict_0006_0016.uasset" 9885
"../../../Engine/Content/EngineMaterials/Substrate/Glints2/dict_0006_0029.uasset" 9886
"../../../Engine/Content/EngineMaterials/Substrate/Glints2/dict_0006_0032.uasset" 9887
"../../../Engine/Content/EngineMaterials/Substrate/Glints2/dict_0006_0017.uasset" 9888
"../../../Engine/Content/EngineMaterials/Substrate/Glints2/dict_0006_0020.uasset" 9889
"../../../Engine/Content/EngineMaterials/Substrate/Glints2/dict_0006_0028.uasset" 9890
"../../../Engine/Content/EngineMaterials/Substrate/Glints2/dict_0006_0021.uasset" 9891
"../../../Engine/Content/EngineMaterials/Substrate/Glints2/dict_0006_0009.uasset" 9892
"../../../Engine/Content/EngineMaterials/Substrate/Glints2/dict_0006_0030.uasset" 9893
"../../../Engine/Content/EngineMaterials/Substrate/Glints2/dict_0006_0034.uasset" 9894
"../../../Engine/Content/EngineMaterials/Substrate/Glints2/dict_0006_0010.uasset" 9895
"../../../Engine/Content/EngineMaterials/Substrate/Glints2/dict_0006_0011.uasset" 9896
"../../../Engine/Content/EngineMaterials/Substrate/Glints2/dict_0006_0013.uasset" 9897
"../../../Engine/Content/EngineMaterials/Substrate/Glints2/dict_0006_0031.uasset" 9898
"../../../Engine/Content/EngineMaterials/Substrate/Glints2/dict_0006_0033.uasset" 9899
"../../../Engine/Content/EngineMaterials/Substrate/Glints2/dict_0006_0019.uasset" 9900
"../../../Engine/Content/EngineMaterials/Substrate/Glints2/dict_0006_0025.uasset" 9901
"../../../Engine/Content/EngineMaterials/Substrate/Glints2/dict_0006_0024.uasset" 9902
"../../../Engine/Content/EngineMaterials/Substrate/Glints2/dict_0006_0023.uasset" 9903
"../../../Engine/Content/EngineMaterials/Substrate/Glints2/dict_0006_0035.uasset" 9904
"../../../Engine/Content/EngineMaterials/Substrate/Glints2/dict_0006_0026.uasset" 9905
"../../../Engine/Content/EngineMaterials/Substrate/Glints2/dict_0006_0036.uasset" 9906
"../../../Engine/Content/EngineMaterials/Substrate/Glints2/dict_0006_0008.uasset" 9907
"../../../Engine/Content/EngineMaterials/Substrate/Glints2/dict_0006_0018.uasset" 9908
"/Engine/EngineMaterials/Substrate/Glints2/dict_0006_0036" 9909
"/Engine/EngineMaterials/Substrate/Glints2/dict_0006_0035" 9910
"/Engine/EngineMaterials/Substrate/Glints2/dict_0006_0034" 9911
"/Engine/EngineMaterials/Substrate/Glints2/dict_0006_0033" 9912
"/Engine/EngineMaterials/Substrate/Glints2/dict_0006_0032" 9913
"/Engine/EngineMaterials/Substrate/Glints2/dict_0006_0031" 9914
"/Engine/EngineMaterials/Substrate/Glints2/dict_0006_0030" 9915
"/Engine/EngineMaterials/Substrate/Glints2/dict_0006_0029" 9916
"/Engine/EngineMaterials/Substrate/Glints2/dict_0006_0028" 9917
"/Engine/EngineMaterials/Substrate/Glints2/dict_0006_0027" 9918
"/Engine/EngineMaterials/Substrate/Glints2/dict_0006_0026" 9919
"/Engine/EngineMaterials/Substrate/Glints2/dict_0006_0025" 9920
"/Engine/EngineMaterials/Substrate/Glints2/dict_0006_0024" 9921
"/Engine/EngineMaterials/Substrate/Glints2/dict_0006_0023" 9922
"/Engine/EngineMaterials/Substrate/Glints2/dict_0006_0022" 9923
"/Engine/EngineMaterials/Substrate/Glints2/dict_0006_0021" 9924
"/Engine/EngineMaterials/Substrate/Glints2/dict_0006_0020" 9925
"/Engine/EngineMaterials/Substrate/Glints2/dict_0006_0019" 9926
"/Engine/EngineMaterials/Substrate/Glints2/dict_0006_0018" 9927
"/Engine/EngineMaterials/Substrate/Glints2/dict_0006_0017" 9928
"/Engine/EngineMaterials/Substrate/Glints2/dict_0006_0016" 9929
"/Engine/EngineMaterials/Substrate/Glints2/dict_0006_0015" 9930
"/Engine/EngineMaterials/Substrate/Glints2/dict_0006_0014" 9931
"/Engine/EngineMaterials/Substrate/Glints2/dict_0006_0013" 9932
"/Engine/EngineMaterials/Substrate/Glints2/dict_0006_0012" 9933
"/Engine/EngineMaterials/Substrate/Glints2/dict_0006_0011" 9934
"/Engine/EngineMaterials/Substrate/Glints2/dict_0006_0010" 9935
"/Engine/EngineMaterials/Substrate/Glints2/dict_0006_0009" 9936
"/Engine/EngineMaterials/Substrate/Glints2/dict_0006_0008" 9937
"/Engine/EngineMaterials/Substrate/Glints2/dict_0006_0007" 9938
"/Engine/EngineMaterials/Substrate/Glints2/dict_0006_0006" 9939
"/Engine/EngineMaterials/Substrate/Glints2/dict_0006_0005" 9940
"../../../Engine/Content/EngineMaterials/Substrate/Glints2/dict_0006_0047.uasset" 9941
"../../../Engine/Content/EngineMaterials/Substrate/Glints2/dict_0006_0040.uasset" 9942
"../../../Engine/Content/EngineMaterials/Substrate/Glints2/dict_0006_0037.uasset" 9943
"../../../Engine/Content/EngineMaterials/Substrate/Glints2/dict_0006_0043.uasset" 9944
"../../../Engine/Content/EngineMaterials/Substrate/Glints2/dict_0006_0038.uasset" 9945
"../../../Engine/Content/EngineMaterials/Substrate/Glints2/dict_0006_0046.uasset" 9946
"../../../Engine/Content/EngineMaterials/Substrate/Glints2/dict_0006_0049.uasset" 9947
"../../../Engine/Content/EngineMaterials/Substrate/Glints2/dict_0006_0041.uasset" 9948
"../../../Engine/Content/EngineMaterials/Substrate/Glints2/dict_0006_0045.uasset" 9949
"../../../Engine/Content/EngineMaterials/Substrate/Glints2/dict_0006_0051.uasset" 9950
"../../../Engine/Content/EngineMaterials/Substrate/Glints2/dict_0006_0039.uasset" 9951
"../../../Engine/Content/EngineMaterials/Substrate/Glints2/dict_0006_0053.uasset" 9952
"../../../Engine/Content/EngineMaterials/Substrate/Glints2/dict_0006_0055.uasset" 9953
"../../../Engine/Content/EngineMaterials/Substrate/Glints2/dict_0006_0054.uasset" 9954
"../../../Engine/Content/EngineMaterials/Substrate/Glints2/dict_0006_0056.uasset" 9955
"../../../Engine/Content/EngineMaterials/Substrate/Glints2/dict_0006_0063.uasset" 9956
"../../../Engine/Content/EngineMaterials/Substrate/Glints2/dict_0006_0062.uasset" 9957
"../../../Engine/Content/EngineMaterials/Substrate/Glints2/dict_0006_0064.uasset" 9958
"../../../Engine/Content/EngineMaterials/Substrate/Glints2/dict_0006_0067.uasset" 9959
"../../../Engine/Content/EngineMaterials/Substrate/Glints2/dict_0006_0065.uasset" 9960
"../../../Engine/Content/EngineMaterials/Substrate/Glints2/dict_0006_0042.uasset" 9961
"../../../Engine/Content/EngineMaterials/Substrate/Glints2/dict_0006_0052.uasset" 9962
"../../../Engine/Content/EngineMaterials/Substrate/Glints2/dict_0006_0059.uasset" 9963
"../../../Engine/Content/EngineMaterials/Substrate/Glints2/dict_0006_0061.uasset" 9964
"../../../Engine/Content/EngineMaterials/Substrate/Glints2/dict_0006_0060.uasset" 9965
"../../../Engine/Content/EngineMaterials/Substrate/Glints2/dict_0006_0044.uasset" 9966
"../../../Engine/Content/EngineMaterials/Substrate/Glints2/dict_0006_0050.uasset" 9967
"../../../Engine/Content/EngineMaterials/Substrate/Glints2/dict_0006_0058.uasset" 9968
"../../../Engine/Content/EngineMaterials/Substrate/Glints2/dict_0006_0068.uasset" 9969
"../../../Engine/Content/EngineMaterials/Substrate/Glints2/dict_0006_0057.uasset" 9970
"../../../Engine/Content/EngineMaterials/Substrate/Glints2/dict_0006_0048.uasset" 9971
"../../../Engine/Content/EngineMaterials/Substrate/Glints2/dict_0006_0066.uasset" 9972
"/Engine/EngineMaterials/Substrate/Glints2/dict_0006_0068" 9973
"/Engine/EngineMaterials/Substrate/Glints2/dict_0006_0067" 9974
"/Engine/EngineMaterials/Substrate/Glints2/dict_0006_0066" 9975
"/Engine/EngineMaterials/Substrate/Glints2/dict_0006_0065" 9976
"/Engine/EngineMaterials/Substrate/Glints2/dict_0006_0064" 9977
"/Engine/EngineMaterials/Substrate/Glints2/dict_0006_0063" 9978
"/Engine/EngineMaterials/Substrate/Glints2/dict_0006_0062" 9979
"/Engine/EngineMaterials/Substrate/Glints2/dict_0006_0061" 9980
"/Engine/EngineMaterials/Substrate/Glints2/dict_0006_0060" 9981
"/Engine/EngineMaterials/Substrate/Glints2/dict_0006_0059" 9982
"/Engine/EngineMaterials/Substrate/Glints2/dict_0006_0058" 9983
"/Engine/EngineMaterials/Substrate/Glints2/dict_0006_0057" 9984
"/Engine/EngineMaterials/Substrate/Glints2/dict_0006_0056" 9985
"/Engine/EngineMaterials/Substrate/Glints2/dict_0006_0055" 9986
"/Engine/EngineMaterials/Substrate/Glints2/dict_0006_0054" 9987
"/Engine/EngineMaterials/Substrate/Glints2/dict_0006_0053" 9988
"/Engine/EngineMaterials/Substrate/Glints2/dict_0006_0052" 9989
"/Engine/EngineMaterials/Substrate/Glints2/dict_0006_0051" 9990
"/Engine/EngineMaterials/Substrate/Glints2/dict_0006_0050" 9991
"/Engine/EngineMaterials/Substrate/Glints2/dict_0006_0049" 9992
"/Engine/EngineMaterials/Substrate/Glints2/dict_0006_0048" 9993
"/Engine/EngineMaterials/Substrate/Glints2/dict_0006_0047" 9994
"/Engine/EngineMaterials/Substrate/Glints2/dict_0006_0046" 9995
"/Engine/EngineMaterials/Substrate/Glints2/dict_0006_0045" 9996
"/Engine/EngineMaterials/Substrate/Glints2/dict_0006_0044" 9997
"/Engine/EngineMaterials/Substrate/Glints2/dict_0006_0043" 9998
"/Engine/EngineMaterials/Substrate/Glints2/dict_0006_0042" 9999
"/Engine/EngineMaterials/Substrate/Glints2/dict_0006_0041" 10000
"/Engine/EngineMaterials/Substrate/Glints2/dict_0006_0040" 10001
"/Engine/EngineMaterials/Substrate/Glints2/dict_0006_0039" 10002
"/Engine/EngineMaterials/Substrate/Glints2/dict_0006_0038" 10003
"/Engine/EngineMaterials/Substrate/Glints2/dict_0006_0037" 10004
"../../../Engine/Content/EngineMaterials/Substrate/Glints2/dict_0006_0069.uasset" 10005
"../../../Engine/Content/EngineMaterials/Substrate/Glints2/dict_0006_0071.uasset" 10006
"../../../Engine/Content/EngineMaterials/Substrate/Glints2/dict_0006_0070.uasset" 10007
"../../../Engine/Content/EngineMaterials/Substrate/Glints2/dict_0006_0074.uasset" 10008
"../../../Engine/Content/EngineMaterials/Substrate/Glints2/dict_0006_0072.uasset" 10009
"../../../Engine/Content/EngineMaterials/Substrate/Glints2/dict_0006_0076.uasset" 10010
"../../../Engine/Content/EngineMaterials/Substrate/Glints2/dict_0006_0089.uasset" 10011
"../../../Engine/Content/EngineMaterials/Substrate/Glints2/dict_0006_0079.uasset" 10012
"../../../Engine/Content/EngineMaterials/Substrate/Glints2/dict_0006_0085.uasset" 10013
"../../../Engine/Content/EngineMaterials/Substrate/Glints2/dict_0006_0077.uasset" 10014
"../../../Engine/Content/EngineMaterials/Substrate/Glints2/dict_0006_0073.uasset" 10015
"../../../Engine/Content/EngineMaterials/Substrate/Glints2/dict_0006_0075.uasset" 10016
"../../../Engine/Content/EngineMaterials/Substrate/Glints2/dict_0006_0082.uasset" 10017
"../../../Engine/Content/EngineMaterials/Substrate/Glints2/dict_0006_0094.uasset" 10018
"../../../Engine/Content/EngineMaterials/Substrate/Glints2/dict_0006_0099.uasset" 10019
"../../../Engine/Content/EngineMaterials/Substrate/Glints2/dict_0006_0097.uasset" 10020
"../../../Engine/Content/EngineMaterials/Substrate/Glints2/dict_0006_0095.uasset" 10021
"../../../Engine/Content/EngineMaterials/Substrate/Glints2/dict_0006_0086.uasset" 10022
"../../../Engine/Content/EngineMaterials/Substrate/Glints2/dict_0006_0096.uasset" 10023
"../../../Engine/Content/EngineMaterials/Substrate/Glints2/dict_0006_0081.uasset" 10024
"../../../Engine/Content/EngineMaterials/Substrate/Glints2/dict_0006_0091.uasset" 10025
"../../../Engine/Content/EngineMaterials/Substrate/Glints2/dict_0006_0084.uasset" 10026
"../../../Engine/Content/EngineMaterials/Substrate/Glints2/dict_0006_0080.uasset" 10027
"../../../Engine/Content/EngineMaterials/Substrate/Glints2/dict_0006_0088.uasset" 10028
"../../../Engine/Content/EngineMaterials/Substrate/Glints2/dict_0006_0098.uasset" 10029
"../../../Engine/Content/EngineMaterials/Substrate/Glints2/dict_0006_0092.uasset" 10030
"../../../Engine/Content/EngineMaterials/Substrate/Glints2/dict_0006_0100.uasset" 10031
"../../../Engine/Content/EngineMaterials/Substrate/Glints2/dict_0006_0083.uasset" 10032
"../../../Engine/Content/EngineMaterials/Substrate/Glints2/dict_0006_0087.uasset" 10033
"../../../Engine/Content/EngineMaterials/Substrate/Glints2/dict_0006_0090.uasset" 10034
"../../../Engine/Content/EngineMaterials/Substrate/Glints2/dict_0006_0078.uasset" 10035
"../../../Engine/Content/EngineMaterials/Substrate/Glints2/dict_0006_0093.uasset" 10036
"/Engine/EngineMaterials/Substrate/Glints2/dict_0006_0100" 10037
"/Engine/EngineMaterials/Substrate/Glints2/dict_0006_0099" 10038
"/Engine/EngineMaterials/Substrate/Glints2/dict_0006_0098" 10039
"/Engine/EngineMaterials/Substrate/Glints2/dict_0006_0097" 10040
"/Engine/EngineMaterials/Substrate/Glints2/dict_0006_0096" 10041
"/Engine/EngineMaterials/Substrate/Glints2/dict_0006_0095" 10042
"/Engine/EngineMaterials/Substrate/Glints2/dict_0006_0094" 10043
"/Engine/EngineMaterials/Substrate/Glints2/dict_0006_0093" 10044
"/Engine/EngineMaterials/Substrate/Glints2/dict_0006_0092" 10045
"/Engine/EngineMaterials/Substrate/Glints2/dict_0006_0091" 10046
"/Engine/EngineMaterials/Substrate/Glints2/dict_0006_0090" 10047
"/Engine/EngineMaterials/Substrate/Glints2/dict_0006_0089" 10048
"/Engine/EngineMaterials/Substrate/Glints2/dict_0006_0088" 10049
"/Engine/EngineMaterials/Substrate/Glints2/dict_0006_0087" 10050
"/Engine/EngineMaterials/Substrate/Glints2/dict_0006_0086" 10051
"/Engine/EngineMaterials/Substrate/Glints2/dict_0006_0085" 10052
"/Engine/EngineMaterials/Substrate/Glints2/dict_0006_0084" 10053
"/Engine/EngineMaterials/Substrate/Glints2/dict_0006_0083" 10054
"/Engine/EngineMaterials/Substrate/Glints2/dict_0006_0082" 10055
"/Engine/EngineMaterials/Substrate/Glints2/dict_0006_0081" 10056
"/Engine/EngineMaterials/Substrate/Glints2/dict_0006_0080" 10057
"/Engine/EngineMaterials/Substrate/Glints2/dict_0006_0079" 10058
"/Engine/EngineMaterials/Substrate/Glints2/dict_0006_0078" 10059
"/Engine/EngineMaterials/Substrate/Glints2/dict_0006_0077" 10060
"/Engine/EngineMaterials/Substrate/Glints2/dict_0006_0076" 10061
"/Engine/EngineMaterials/Substrate/Glints2/dict_0006_0075" 10062
"/Engine/EngineMaterials/Substrate/Glints2/dict_0006_0074" 10063
"/Engine/EngineMaterials/Substrate/Glints2/dict_0006_0073" 10064
"/Engine/EngineMaterials/Substrate/Glints2/dict_0006_0072" 10065
"/Engine/EngineMaterials/Substrate/Glints2/dict_0006_0071" 10066
"/Engine/EngineMaterials/Substrate/Glints2/dict_0006_0070" 10067
"/Engine/EngineMaterials/Substrate/Glints2/dict_0006_0069" 10068
"../../../Engine/Content/EngineMaterials/Substrate/Glints2/dict_0006_0106.uasset" 10069
"../../../Engine/Content/EngineMaterials/Substrate/Glints2/dict_0006_0109.uasset" 10070
"../../../Engine/Content/EngineMaterials/Substrate/Glints2/dict_0006_0117.uasset" 10071
"../../../Engine/Content/EngineMaterials/Substrate/Glints2/dict_0006_0104.uasset" 10072
"../../../Engine/Content/EngineMaterials/Substrate/Glints2/dict_0006_0105.uasset" 10073
"../../../Engine/Content/EngineMaterials/Substrate/Glints2/dict_0006_0111.uasset" 10074
"../../../Engine/Content/EngineMaterials/Substrate/Glints2/dict_0006_0101.uasset" 10075
"../../../Engine/Content/EngineMaterials/Substrate/Glints2/dict_0006_0107.uasset" 10076
"../../../Engine/Content/EngineMaterials/Substrate/Glints2/dict_0006_0121.uasset" 10077
"../../../Engine/Content/EngineMaterials/Substrate/Glints2/dict_0006_0116.uasset" 10078
"../../../Engine/Content/EngineMaterials/Substrate/Glints2/dict_0006_0124.uasset" 10079
"../../../Engine/Content/EngineMaterials/Substrate/Glints2/dict_0006_0132.uasset" 10080
"../../../Engine/Content/EngineMaterials/Substrate/Glints2/dict_0006_0123.uasset" 10081
"../../../Engine/Content/EngineMaterials/Substrate/Glints2/dict_0006_0125.uasset" 10082
"../../../Engine/Content/EngineMaterials/Substrate/Glints2/dict_0006_0115.uasset" 10083
"../../../Engine/Content/EngineMaterials/Substrate/Glints2/dict_0006_0108.uasset" 10084
"../../../Engine/Content/EngineMaterials/Substrate/Glints2/dict_0006_0131.uasset" 10085
"../../../Engine/Content/EngineMaterials/Substrate/Glints2/dict_0006_0113.uasset" 10086
"../../../Engine/Content/EngineMaterials/Substrate/Glints2/dict_0006_0119.uasset" 10087
"../../../Engine/Content/EngineMaterials/Substrate/Glints2/dict_0006_0120.uasset" 10088
"../../../Engine/Content/EngineMaterials/Substrate/Glints2/dict_0006_0114.uasset" 10089
"../../../Engine/Content/EngineMaterials/Substrate/Glints2/dict_0006_0122.uasset" 10090
"../../../Engine/Content/EngineMaterials/Substrate/Glints2/dict_0006_0110.uasset" 10091
"../../../Engine/Content/EngineMaterials/Substrate/Glints2/dict_0006_0112.uasset" 10092
"../../../Engine/Content/EngineMaterials/Substrate/Glints2/dict_0006_0128.uasset" 10093
"../../../Engine/Content/EngineMaterials/Substrate/Glints2/dict_0006_0126.uasset" 10094
"../../../Engine/Content/EngineMaterials/Substrate/Glints2/dict_0006_0102.uasset" 10095
"../../../Engine/Content/EngineMaterials/Substrate/Glints2/dict_0006_0129.uasset" 10096
"../../../Engine/Content/EngineMaterials/Substrate/Glints2/dict_0006_0103.uasset" 10097
"../../../Engine/Content/EngineMaterials/Substrate/Glints2/dict_0006_0118.uasset" 10098
"../../../Engine/Content/EngineMaterials/Substrate/Glints2/dict_0006_0127.uasset" 10099
"../../../Engine/Content/EngineMaterials/Substrate/Glints2/dict_0006_0130.uasset" 10100
"/Engine/EngineMaterials/Substrate/Glints2/dict_0006_0132" 10101
"/Engine/EngineMaterials/Substrate/Glints2/dict_0006_0131" 10102
"/Engine/EngineMaterials/Substrate/Glints2/dict_0006_0130" 10103
"/Engine/EngineMaterials/Substrate/Glints2/dict_0006_0129" 10104
"/Engine/EngineMaterials/Substrate/Glints2/dict_0006_0128" 10105
"/Engine/EngineMaterials/Substrate/Glints2/dict_0006_0127" 10106
"/Engine/EngineMaterials/Substrate/Glints2/dict_0006_0126" 10107
"/Engine/EngineMaterials/Substrate/Glints2/dict_0006_0125" 10108
"/Engine/EngineMaterials/Substrate/Glints2/dict_0006_0124" 10109
"/Engine/EngineMaterials/Substrate/Glints2/dict_0006_0123" 10110
"/Engine/EngineMaterials/Substrate/Glints2/dict_0006_0122" 10111
"/Engine/EngineMaterials/Substrate/Glints2/dict_0006_0121" 10112
"/Engine/EngineMaterials/Substrate/Glints2/dict_0006_0120" 10113
"/Engine/EngineMaterials/Substrate/Glints2/dict_0006_0119" 10114
"/Engine/EngineMaterials/Substrate/Glints2/dict_0006_0118" 10115
"/Engine/EngineMaterials/Substrate/Glints2/dict_0006_0117" 10116
"/Engine/EngineMaterials/Substrate/Glints2/dict_0006_0116" 10117
"/Engine/EngineMaterials/Substrate/Glints2/dict_0006_0115" 10118
"/Engine/EngineMaterials/Substrate/Glints2/dict_0006_0114" 10119
"/Engine/EngineMaterials/Substrate/Glints2/dict_0006_0113" 10120
"/Engine/EngineMaterials/Substrate/Glints2/dict_0006_0112" 10121
"/Engine/EngineMaterials/Substrate/Glints2/dict_0006_0111" 10122
"/Engine/EngineMaterials/Substrate/Glints2/dict_0006_0110" 10123
"/Engine/EngineMaterials/Substrate/Glints2/dict_0006_0109" 10124
"/Engine/EngineMaterials/Substrate/Glints2/dict_0006_0108" 10125
"/Engine/EngineMaterials/Substrate/Glints2/dict_0006_0107" 10126
"/Engine/EngineMaterials/Substrate/Glints2/dict_0006_0106" 10127
"/Engine/EngineMaterials/Substrate/Glints2/dict_0006_0105" 10128
"/Engine/EngineMaterials/Substrate/Glints2/dict_0006_0104" 10129
"/Engine/EngineMaterials/Substrate/Glints2/dict_0006_0103" 10130
"/Engine/EngineMaterials/Substrate/Glints2/dict_0006_0102" 10131
"/Engine/EngineMaterials/Substrate/Glints2/dict_0006_0101" 10132
"../../../Engine/Content/EngineMaterials/Substrate/Glints2/dict_0006_0135.uasset" 10133
"../../../Engine/Content/EngineMaterials/Substrate/Glints2/dict_0006_0133.uasset" 10134
"../../../Engine/Content/EngineMaterials/Substrate/Glints2/dict_0006_0143.uasset" 10135
"../../../Engine/Content/EngineMaterials/Substrate/Glints2/dict_0006_0141.uasset" 10136
"../../../Engine/Content/EngineMaterials/Substrate/Glints2/dict_0006_0161.uasset" 10137
"../../../Engine/Content/EngineMaterials/Substrate/Glints2/dict_0006_0140.uasset" 10138
"../../../Engine/Content/EngineMaterials/Substrate/Glints2/dict_0006_0137.uasset" 10139
"../../../Engine/Content/EngineMaterials/Substrate/Glints2/dict_0006_0150.uasset" 10140
"../../../Engine/Content/EngineMaterials/Substrate/Glints2/dict_0006_0147.uasset" 10141
"../../../Engine/Content/EngineMaterials/Substrate/Glints2/dict_0006_0144.uasset" 10142
"../../../Engine/Content/EngineMaterials/Substrate/Glints2/dict_0006_0146.uasset" 10143
"../../../Engine/Content/EngineMaterials/Substrate/Glints2/dict_0006_0138.uasset" 10144
"../../../Engine/Content/EngineMaterials/Substrate/Glints2/dict_0006_0154.uasset" 10145
"../../../Engine/Content/EngineMaterials/Substrate/Glints2/dict_0006_0156.uasset" 10146
"../../../Engine/Content/EngineMaterials/Substrate/Glints2/dict_0006_0157.uasset" 10147
"../../../Engine/Content/EngineMaterials/Substrate/Glints2/dict_0006_0162.uasset" 10148
"/Engine/EngineMaterials/Substrate/Glints2/dict_0006_0161" 10149
"/Engine/EngineMaterials/Substrate/Glints2/dict_0006_0157" 10150
"../../../Engine/Content/EngineMaterials/Substrate/Glints2/dict_0006_0142.uasset" 10151
"/Engine/EngineMaterials/Substrate/Glints2/dict_0006_0156" 10152
"../../../Engine/Content/EngineMaterials/Substrate/Glints2/dict_0006_0134.uasset" 10153
"/Engine/EngineMaterials/Substrate/Glints2/dict_0006_0154" 10154
"/Engine/EngineMaterials/Substrate/Glints2/dict_0006_0150" 10155
"/Engine/EngineMaterials/Substrate/Glints2/dict_0006_0147" 10156
"../../../Engine/Content/EngineMaterials/Substrate/Glints2/dict_0006_0139.uasset" 10157
"/Engine/EngineMaterials/Substrate/Glints2/dict_0006_0146" 10158
"/Engine/EngineMaterials/Substrate/Glints2/dict_0006_0144" 10159
"../../../Engine/Content/EngineMaterials/Substrate/Glints2/dict_0006_0136.uasset" 10160
"/Engine/EngineMaterials/Substrate/Glints2/dict_0006_0143" 10161
"../../../Engine/Content/EngineMaterials/Substrate/Glints2/dict_0006_0153.uasset" 10162
"/Engine/EngineMaterials/Substrate/Glints2/dict_0006_0141" 10163
"/Engine/EngineMaterials/Substrate/Glints2/dict_0006_0140" 10164
"../../../Engine/Content/EngineMaterials/Substrate/Glints2/dict_0006_0152.uasset" 10165
"/Engine/EngineMaterials/Substrate/Glints2/dict_0006_0138" 10166
"../../../Engine/Content/EngineMaterials/Substrate/Glints2/dict_0006_0158.uasset" 10167
"/Engine/EngineMaterials/Substrate/Glints2/dict_0006_0137" 10168
"/Engine/EngineMaterials/Substrate/Glints2/dict_0006_0135" 10169
"/Engine/EngineMaterials/Substrate/Glints2/dict_0006_0133" 10170
"../../../Engine/Content/EngineMaterials/Substrate/Glints2/dict_0006_0159.uasset" 10171
"../../../Engine/Content/EngineMaterials/Substrate/Glints2/dict_0006_0164.uasset" 10172
"/Engine/EngineMaterials/Substrate/Glints2/dict_0006_0164" 10173
"/Engine/EngineMaterials/Substrate/Glints2/dict_0006_0162" 10174
"../../../Engine/Content/EngineMaterials/Substrate/Glints2/dict_0006_0160.uasset" 10175
"/Engine/EngineMaterials/Substrate/Glints2/dict_0006_0159" 10176
"../../../Engine/Content/EngineMaterials/Substrate/Glints2/dict_0006_0149.uasset" 10177
"/Engine/EngineMaterials/Substrate/Glints2/dict_0006_0158" 10178
"/Engine/EngineMaterials/Substrate/Glints2/dict_0006_0153" 10179
"/Engine/EngineMaterials/Substrate/Glints2/dict_0006_0152" 10180
"/Engine/EngineMaterials/Substrate/Glints2/dict_0006_0142" 10181
"../../../Engine/Content/EngineMaterials/Substrate/Glints2/dict_0006_0155.uasset" 10182
"/Engine/EngineMaterials/Substrate/Glints2/dict_0006_0139" 10183
"/Engine/EngineMaterials/Substrate/Glints2/dict_0006_0136" 10184
"../../../Engine/Content/EngineMaterials/Substrate/Glints2/dict_0006_0145.uasset" 10185
"/Engine/EngineMaterials/Substrate/Glints2/dict_0006_0134" 10186
"/Engine/EngineMaterials/Substrate/Glints2/dict_0006_0160" 10187
"/Engine/EngineMaterials/Substrate/Glints2/dict_0006_0155" 10188
"../../../Engine/Content/EngineMaterials/Substrate/Glints2/dict_0006_0170.uasset" 10189
"/Engine/EngineMaterials/Substrate/Glints2/dict_0006_0149" 10190
"/Engine/EngineMaterials/Substrate/Glints2/dict_0006_0145" 10191
"../../../Engine/Content/EngineMaterials/Substrate/Glints2/dict_0006_0177.uasset" 10192
"/Engine/EngineMaterials/Substrate/Glints2/dict_0006_0177" 10193
"../../../Engine/Content/EngineMaterials/Substrate/Glints2/dict_0006_0166.uasset" 10194
"/Engine/EngineMaterials/Substrate/Glints2/dict_0006_0170" 10195
"../../../Engine/Content/EngineMaterials/Substrate/Glints2/dict_0006_0180.uasset" 10196
"/Engine/EngineMaterials/Substrate/Glints2/dict_0006_0166" 10197
"/Engine/EngineMaterials/Substrate/Glints2/dict_0006_0180" 10198
"../../../Engine/Content/EngineMaterials/Substrate/Glints2/dict_0006_0183.uasset" 10199
"../../../Engine/Content/EngineMaterials/Substrate/Glints2/dict_0006_0175.uasset" 10200
"../../../Engine/Content/EngineMaterials/Substrate/Glints2/dict_0006_0176.uasset" 10201
"../../../Engine/Content/EngineMaterials/Substrate/Glints2/dict_0006_0165.uasset" 10202
"../../../Engine/Content/EngineMaterials/Substrate/Glints2/dict_0006_0179.uasset" 10203
"../../../Engine/Content/EngineMaterials/Substrate/Glints2/dict_0006_0163.uasset" 10204
"../../../Engine/Content/EngineMaterials/Substrate/Glints2/dict_0006_0181.uasset" 10205
"../../../Engine/Content/EngineMaterials/Substrate/Glints2/dict_0006_0167.uasset" 10206
"../../../Engine/Content/EngineMaterials/Substrate/Glints2/dict_0006_0171.uasset" 10207
"../../../Engine/Content/EngineMaterials/Substrate/Glints2/dict_0006_0148.uasset" 10208
"../../../Engine/Content/EngineMaterials/Substrate/Glints2/dict_0006_0188.uasset" 10209
"../../../Engine/Content/EngineMaterials/Substrate/Glints2/dict_0006_0182.uasset" 10210
"../../../Engine/Content/EngineMaterials/Substrate/Glints2/dict_0006_0186.uasset" 10211
"../../../Engine/Content/EngineMaterials/Substrate/Glints2/dict_0006_0173.uasset" 10212
"../../../Engine/Content/EngineMaterials/Substrate/Glints2/dict_0006_0192.uasset" 10213
"../../../Engine/Content/EngineMaterials/Substrate/Glints2/dict_0006_0193.uasset" 10214
"../../../Engine/Content/EngineMaterials/Substrate/Glints2/dict_0006_0195.uasset" 10215
"../../../Engine/Content/EngineMaterials/Substrate/Glints2/dict_0006_0197.uasset" 10216
"../../../Engine/Content/EngineMaterials/Substrate/Glints2/dict_0006_0169.uasset" 10217
"../../../Engine/Content/EngineMaterials/Substrate/Glints2/dict_0006_0172.uasset" 10218
"../../../Engine/Content/EngineMaterials/Substrate/Glints2/dict_0006_0168.uasset" 10219
"../../../Engine/Content/EngineMaterials/Substrate/Glints2/dict_0006_0189.uasset" 10220
"../../../Engine/Content/EngineMaterials/Substrate/Glints2/dict_0006_0185.uasset" 10221
"../../../Engine/Content/EngineMaterials/Substrate/Glints2/dict_0006_0191.uasset" 10222
"../../../Engine/Content/EngineMaterials/Substrate/Glints2/dict_0006_0196.uasset" 10223
"../../../Engine/Content/EngineMaterials/Substrate/Glints2/dict_0006_0151.uasset" 10224
"../../../Engine/Content/EngineMaterials/Substrate/Glints2/dict_0006_0184.uasset" 10225
"../../../Engine/Content/EngineMaterials/Substrate/Glints2/dict_0006_0174.uasset" 10226
"../../../Engine/Content/EngineMaterials/Substrate/Glints2/dict_0006_0194.uasset" 10227
"../../../Engine/Content/EngineMaterials/Substrate/Glints2/dict_0006_0187.uasset" 10228
"../../../Engine/Content/EngineMaterials/Substrate/Glints2/dict_0006_0178.uasset" 10229
"../../../Engine/Content/EngineMaterials/Substrate/Glints2/dict_0006_0190.uasset" 10230
"/Engine/EngineMaterials/Substrate/Glints2/dict_0006_0189" 10231
"/Engine/EngineMaterials/Substrate/Glints2/dict_0006_0163" 10232
"/Engine/EngineMaterials/Substrate/Glints2/dict_0006_0188" 10233
"/Engine/EngineMaterials/Substrate/Glints2/dict_0006_0179" 10234
"/Engine/EngineMaterials/Substrate/Glints2/dict_0006_0193" 10235
"/Engine/EngineMaterials/Substrate/Glints2/dict_0006_0187" 10236
"/Engine/EngineMaterials/Substrate/Glints2/dict_0006_0186" 10237
"/Engine/EngineMaterials/Substrate/Glints2/dict_0006_0178" 10238
"/Engine/EngineMaterials/Substrate/Glints2/dict_0006_0195" 10239
"/Engine/EngineMaterials/Substrate/Glints2/dict_0006_0192" 10240
"/Engine/EngineMaterials/Substrate/Glints2/dict_0006_0176" 10241
"/Engine/EngineMaterials/Substrate/Glints2/dict_0006_0185" 10242
"/Engine/EngineMaterials/Substrate/Glints2/dict_0006_0184" 10243
"/Engine/EngineMaterials/Substrate/Glints2/dict_0006_0151" 10244
"/Engine/EngineMaterials/Substrate/Glints2/dict_0006_0175" 10245
"/Engine/EngineMaterials/Substrate/Glints2/dict_0006_0191" 10246
"/Engine/EngineMaterials/Substrate/Glints2/dict_0006_0148" 10247
"/Engine/EngineMaterials/Substrate/Glints2/dict_0006_0174" 10248
"/Engine/EngineMaterials/Substrate/Glints2/dict_0006_0173" 10249
"/Engine/EngineMaterials/Substrate/Glints2/dict_0006_0190" 10250
"/Engine/EngineMaterials/Substrate/Glints2/dict_0006_0172" 10251
"/Engine/EngineMaterials/Substrate/Glints2/dict_0006_0171" 10252
"/Engine/EngineMaterials/Substrate/Glints2/dict_0006_0183" 10253
"/Engine/EngineMaterials/Substrate/Glints2/dict_0006_0194" 10254
"/Engine/EngineMaterials/Substrate/Glints2/dict_0006_0169" 10255
"/Engine/EngineMaterials/Substrate/Glints2/dict_0006_0182" 10256
"/Engine/EngineMaterials/Substrate/Glints2/dict_0006_0168" 10257
"/Engine/EngineMaterials/Substrate/Glints2/dict_0006_0167" 10258
"/Engine/EngineMaterials/Substrate/Glints2/dict_0006_0181" 10259
"/Engine/EngineMaterials/Substrate/Glints2/dict_0006_0196" 10260
"/Engine/EngineMaterials/Substrate/Glints2/dict_0006_0197" 10261
"/Engine/EngineMaterials/Substrate/Glints2/dict_0006_0165" 10262
"../../../Engine/Content/EngineMaterials/Substrate/Glints2/dict_0006_0198.uasset" 10263
"../../../Engine/Content/EngineMaterials/Substrate/Glints2/dict_0006_0203.uasset" 10264
"../../../Engine/Content/EngineMaterials/Substrate/Glints2/dict_0006_0201.uasset" 10265
"../../../Engine/Content/EngineMaterials/Substrate/Glints2/dict_0006_0199.uasset" 10266
"../../../Engine/Content/EngineMaterials/Substrate/Glints2/dict_0006_0200.uasset" 10267
"../../../Engine/Content/EngineMaterials/Substrate/Glints2/dict_0006_0204.uasset" 10268
"../../../Engine/Content/EngineMaterials/Substrate/Glints2/dict_0006_0202.uasset" 10269
"../../../Engine/Content/EngineMaterials/Substrate/Glints2/dict_0006_0205.uasset" 10270
"../../../Engine/Content/EngineMaterials/Substrate/Glints2/dict_0006_0219.uasset" 10271
"../../../Engine/Content/EngineMaterials/Substrate/Glints2/dict_0006_0217.uasset" 10272
"../../../Engine/Content/EngineMaterials/Substrate/Glints2/dict_0006_0212.uasset" 10273
"../../../Engine/Content/EngineMaterials/Substrate/Glints2/dict_0006_0213.uasset" 10274
"../../../Engine/Content/EngineMaterials/Substrate/Glints2/dict_0006_0207.uasset" 10275
"../../../Engine/Content/EngineMaterials/Substrate/Glints2/dict_0006_0211.uasset" 10276
"../../../Engine/Content/EngineMaterials/Substrate/Glints2/dict_0006_0210.uasset" 10277
"../../../Engine/Content/EngineMaterials/Substrate/Glints2/dict_0006_0220.uasset" 10278
"../../../Engine/Content/EngineMaterials/Substrate/Glints2/dict_0006_0221.uasset" 10279
"/Engine/EngineMaterials/Substrate/Glints2/dict_0006_0221" 10280
"../../../Engine/Content/EngineMaterials/Substrate/Glints2/dict_0006_0226.uasset" 10281
"/Engine/EngineMaterials/Substrate/Glints2/dict_0006_0220" 10282
"../../../Engine/Content/EngineMaterials/Substrate/Glints2/dict_0006_0229.uasset" 10283
"/Engine/EngineMaterials/Substrate/Glints2/dict_0006_0219" 10284
"../../../Engine/Content/EngineMaterials/Substrate/Glints2/dict_0006_0225.uasset" 10285
"/Engine/EngineMaterials/Substrate/Glints2/dict_0006_0217" 10286
"/Engine/EngineMaterials/Substrate/Glints2/dict_0006_0213" 10287
"/Engine/EngineMaterials/Substrate/Glints2/dict_0006_0212" 10288
"../../../Engine/Content/EngineMaterials/Substrate/Glints2/dict_0006_0228.uasset" 10289
"../../../Engine/Content/EngineMaterials/Substrate/Glints2/dict_0006_0227.uasset" 10290
"/Engine/EngineMaterials/Substrate/Glints2/dict_0006_0211" 10291
"/Engine/EngineMaterials/Substrate/Glints2/dict_0006_0210" 10292
"../../../Engine/Content/EngineMaterials/Substrate/Glints2/dict_0006_0215.uasset" 10293
"/Engine/EngineMaterials/Substrate/Glints2/dict_0006_0207" 10294
"../../../Engine/Content/EngineMaterials/Substrate/Glints2/dict_0006_0216.uasset" 10295
"/Engine/EngineMaterials/Substrate/Glints2/dict_0006_0205" 10296
"../../../Engine/Content/EngineMaterials/Substrate/Glints2/dict_0006_0223.uasset" 10297
"/Engine/EngineMaterials/Substrate/Glints2/dict_0006_0204" 10298
"/Engine/EngineMaterials/Substrate/Glints2/dict_0006_0203" 10299
"/Engine/EngineMaterials/Substrate/Glints2/dict_0006_0202" 10300
"/Engine/EngineMaterials/Substrate/Glints2/dict_0006_0201" 10301
"../../../Engine/Content/EngineMaterials/Substrate/Glints2/dict_0006_0222.uasset" 10302
"/Engine/EngineMaterials/Substrate/Glints2/dict_0006_0200" 10303
"/Engine/EngineMaterials/Substrate/Glints2/dict_0006_0199" 10304
"/Engine/EngineMaterials/Substrate/Glints2/dict_0006_0198" 10305
"../../../Engine/Content/EngineMaterials/Substrate/Glints2/dict_0006_0206.uasset" 10306
"/Engine/EngineMaterials/Substrate/Glints2/dict_0006_0229" 10307
"/Engine/EngineMaterials/Substrate/Glints2/dict_0006_0228" 10308
"/Engine/EngineMaterials/Substrate/Glints2/dict_0006_0227" 10309
"../../../Engine/Content/EngineMaterials/Substrate/Glints2/dict_0006_0208.uasset" 10310
"/Engine/EngineMaterials/Substrate/Glints2/dict_0006_0226" 10311
"/Engine/EngineMaterials/Substrate/Glints2/dict_0006_0225" 10312
"/Engine/EngineMaterials/Substrate/Glints2/dict_0006_0223" 10313
"/Engine/EngineMaterials/Substrate/Glints2/dict_0006_0222" 10314
"../../../Engine/Content/EngineMaterials/Substrate/Glints2/dict_0006_0209.uasset" 10315
"/Engine/EngineMaterials/Substrate/Glints2/dict_0006_0216" 10316
"/Engine/EngineMaterials/Substrate/Glints2/dict_0006_0215" 10317
"../../../Engine/Content/EngineMaterials/Substrate/Glints2/dict_0006_0234.uasset" 10318
"/Engine/EngineMaterials/Substrate/Glints2/dict_0006_0206" 10319
"../../../Engine/Content/EngineMaterials/Substrate/Glints2/dict_0006_0239.uasset" 10320
"/Engine/EngineMaterials/Substrate/Glints2/dict_0006_0239" 10321
"/Engine/EngineMaterials/Substrate/Glints2/dict_0006_0209" 10322
"/Engine/EngineMaterials/Substrate/Glints2/dict_0006_0208" 10323
"../../../Engine/Content/EngineMaterials/Substrate/Glints2/dict_0006_0244.uasset" 10324
"/Engine/EngineMaterials/Substrate/Glints2/dict_0006_0234" 10325
"/Engine/EngineMaterials/Substrate/Glints2/dict_0006_0244" 10326
"../../../Engine/Content/EngineMaterials/Substrate/Glints2/dict_0006_0238.uasset" 10327
"/Engine/EngineMaterials/Substrate/Glints2/dict_0006_0238" 10328
"../../../Engine/Content/EngineMaterials/Substrate/Glints2/dict_0006_0218.uasset" 10329
"../../../Engine/Content/EngineMaterials/Substrate/Glints2/dict_0006_0233.uasset" 10330
"../../../Engine/Content/EngineMaterials/Substrate/Glints2/dict_0007_0000.uasset" 10331
"../../../Engine/Content/EngineMaterials/Substrate/Glints2/dict_0006_0236.uasset" 10332
"../../../Engine/Content/EngineMaterials/Substrate/Glints2/dict_0006_0214.uasset" 10333
"../../../Engine/Content/EngineMaterials/Substrate/Glints2/dict_0006_0231.uasset" 10334
"../../../Engine/Content/EngineMaterials/Substrate/Glints2/dict_0006_0242.uasset" 10335
"../../../Engine/Content/EngineMaterials/Substrate/Glints2/dict_0006_0243.uasset" 10336
"../../../Engine/Content/EngineMaterials/Substrate/Glints2/dict_0006_0245.uasset" 10337
"../../../Engine/Content/EngineMaterials/Substrate/Glints2/dict_0006_0241.uasset" 10338
"../../../Engine/Content/EngineMaterials/Substrate/Glints2/dict_0006_0248.uasset" 10339
"../../../Engine/Content/EngineMaterials/Substrate/Glints2/dict_0006_0251.uasset" 10340
"../../../Engine/Content/EngineMaterials/Substrate/Glints2/dict_0006_0252.uasset" 10341
"../../../Engine/Content/EngineMaterials/Substrate/Glints2/dict_0006_0230.uasset" 10342
"../../../Engine/Content/EngineMaterials/Substrate/Glints2/dict_0006_0255.uasset" 10343
"../../../Engine/Content/EngineMaterials/Substrate/Glints2/dict_0007_0002.uasset" 10344
"../../../Engine/Content/EngineMaterials/Substrate/Glints2/dict_0007_0006.uasset" 10345
"../../../Engine/Content/EngineMaterials/Substrate/Glints2/dict_0007_0004.uasset" 10346
"../../../Engine/Content/EngineMaterials/Substrate/Glints2/dict_0006_0237.uasset" 10347
"../../../Engine/Content/EngineMaterials/Substrate/Glints2/dict_0006_0240.uasset" 10348
"../../../Engine/Content/EngineMaterials/Substrate/Glints2/dict_0006_0249.uasset" 10349
"/Engine/EngineMaterials/Substrate/Glints2/dict_0007_0000" 10350
"/Engine/EngineMaterials/Substrate/Glints2/dict_0006_0255" 10351
"/Engine/EngineMaterials/Substrate/Glints2/dict_0006_0252" 10352
"../../../Engine/Content/EngineMaterials/Substrate/Glints2/dict_0006_0253.uasset" 10353
"/Engine/EngineMaterials/Substrate/Glints2/dict_0006_0251" 10354
"/Engine/EngineMaterials/Substrate/Glints2/dict_0006_0245" 10355
"../../../Engine/Content/EngineMaterials/Substrate/Glints2/dict_0006_0247.uasset" 10356
"/Engine/EngineMaterials/Substrate/Glints2/dict_0006_0218" 10357
"/Engine/EngineMaterials/Substrate/Glints2/dict_0006_0243" 10358
"../../../Engine/Content/EngineMaterials/Substrate/Glints2/dict_0007_0003.uasset" 10359
"/Engine/EngineMaterials/Substrate/Glints2/dict_0006_0249" 10360
"/Engine/EngineMaterials/Substrate/Glints2/dict_0006_0248" 10361
"/Engine/EngineMaterials/Substrate/Glints2/dict_0006_0214" 10362
"../../../Engine/Content/EngineMaterials/Substrate/Glints2/dict_0006_0235.uasset" 10363
"/Engine/EngineMaterials/Substrate/Glints2/dict_0006_0242" 10364
"/Engine/EngineMaterials/Substrate/Glints2/dict_0006_0241" 10365
"/Engine/EngineMaterials/Substrate/Glints2/dict_0006_0240" 10366
"/Engine/EngineMaterials/Substrate/Glints2/dict_0007_0004" 10367
"../../../Engine/Content/EngineMaterials/Substrate/Glints2/dict_0006_0246.uasset" 10368
"/Engine/EngineMaterials/Substrate/Glints2/dict_0007_0002" 10369
"/Engine/EngineMaterials/Substrate/Glints2/dict_0007_0006" 10370
"../../../Engine/Content/EngineMaterials/Substrate/Glints2/dict_0006_0250.uasset" 10371
"/Engine/EngineMaterials/Substrate/Glints2/dict_0006_0237" 10372
"/Engine/EngineMaterials/Substrate/Glints2/dict_0006_0236" 10373
"/Engine/EngineMaterials/Substrate/Glints2/dict_0006_0233" 10374
"/Engine/EngineMaterials/Substrate/Glints2/dict_0006_0231" 10375
"../../../Engine/Content/EngineMaterials/Substrate/Glints2/dict_0006_0254.uasset" 10376
"/Engine/EngineMaterials/Substrate/Glints2/dict_0006_0230" 10377
"/Engine/EngineMaterials/Substrate/Glints2/dict_0006_0254" 10378
"/Engine/EngineMaterials/Substrate/Glints2/dict_0006_0253" 10379
"../../../Engine/Content/EngineMaterials/Substrate/Glints2/dict_0007_0005.uasset" 10380
"/Engine/EngineMaterials/Substrate/Glints2/dict_0006_0250" 10381
"../../../Engine/Content/EngineMaterials/Substrate/Glints2/dict_0006_0224.uasset" 10382
"/Engine/EngineMaterials/Substrate/Glints2/dict_0006_0246" 10383
"/Engine/EngineMaterials/Substrate/Glints2/dict_0007_0003" 10384
"/Engine/EngineMaterials/Substrate/Glints2/dict_0006_0247" 10385
"../../../Engine/Content/EngineMaterials/Substrate/Glints2/dict_0006_0232.uasset" 10386
"/Engine/EngineMaterials/Substrate/Glints2/dict_0006_0235" 10387
"/Engine/EngineMaterials/Substrate/Glints2/dict_0006_0224" 10388
"../../../Engine/Content/EngineMaterials/Substrate/Glints2/dict_0007_0001.uasset" 10389
"/Engine/EngineMaterials/Substrate/Glints2/dict_0007_0005" 10390
"/Engine/EngineMaterials/Substrate/Glints2/dict_0006_0232" 10391
"/Engine/EngineMaterials/Substrate/Glints2/dict_0007_0001" 10392
"../../../Engine/Content/EngineMaterials/Substrate/Glints2/dict_0007_0019.uasset" 10393
"/Engine/EngineMaterials/Substrate/Glints2/dict_0007_0019" 10394
"../../../Engine/Content/EngineMaterials/Substrate/Glints2/dict_0007_0017.uasset" 10395
"../../../Engine/Content/EngineMaterials/Substrate/Glints2/dict_0007_0018.uasset" 10396
"../../../Engine/Content/EngineMaterials/Substrate/Glints2/dict_0007_0008.uasset" 10397
"../../../Engine/Content/EngineMaterials/Substrate/Glints2/dict_0007_0013.uasset" 10398
"../../../Engine/Content/EngineMaterials/Substrate/Glints2/dict_0007_0033.uasset" 10399
"../../../Engine/Content/EngineMaterials/Substrate/Glints2/dict_0007_0038.uasset" 10400
"../../../Engine/Content/EngineMaterials/Substrate/Glints2/dict_0007_0010.uasset" 10401
"../../../Engine/Content/EngineMaterials/Substrate/Glints2/dict_0007_0015.uasset" 10402
"../../../Engine/Content/EngineMaterials/Substrate/Glints2/dict_0007_0020.uasset" 10403
"../../../Engine/Content/EngineMaterials/Substrate/Glints2/dict_0007_0012.uasset" 10404
"../../../Engine/Content/EngineMaterials/Substrate/Glints2/dict_0007_0024.uasset" 10405
"../../../Engine/Content/EngineMaterials/Substrate/Glints2/dict_0007_0011.uasset" 10406
"../../../Engine/Content/EngineMaterials/Substrate/Glints2/dict_0007_0028.uasset" 10407
"../../../Engine/Content/EngineMaterials/Substrate/Glints2/dict_0007_0029.uasset" 10408
"../../../Engine/Content/EngineMaterials/Substrate/Glints2/dict_0007_0030.uasset" 10409
"../../../Engine/Content/EngineMaterials/Substrate/Glints2/dict_0007_0034.uasset" 10410
"../../../Engine/Content/EngineMaterials/Substrate/Glints2/dict_0007_0035.uasset" 10411
"../../../Engine/Content/EngineMaterials/Substrate/Glints2/dict_0007_0022.uasset" 10412
"../../../Engine/Content/EngineMaterials/Substrate/Glints2/dict_0007_0039.uasset" 10413
"../../../Engine/Content/EngineMaterials/Substrate/Glints2/dict_0007_0007.uasset" 10414
"../../../Engine/Content/EngineMaterials/Substrate/Glints2/dict_0007_0027.uasset" 10415
"../../../Engine/Content/EngineMaterials/Substrate/Glints2/dict_0007_0023.uasset" 10416
"../../../Engine/Content/EngineMaterials/Substrate/Glints2/dict_0007_0009.uasset" 10417
"../../../Engine/Content/EngineMaterials/Substrate/Glints2/dict_0007_0016.uasset" 10418
"../../../Engine/Content/EngineMaterials/Substrate/Glints2/dict_0007_0037.uasset" 10419
"../../../Engine/Content/EngineMaterials/Substrate/Glints2/dict_0007_0021.uasset" 10420
"../../../Engine/Content/EngineMaterials/Substrate/Glints2/dict_0007_0014.uasset" 10421
"../../../Engine/Content/EngineMaterials/Substrate/Glints2/dict_0007_0032.uasset" 10422
"../../../Engine/Content/EngineMaterials/Substrate/Glints2/dict_0007_0036.uasset" 10423
"../../../Engine/Content/EngineMaterials/Substrate/Glints2/dict_0007_0026.uasset" 10424
"../../../Engine/Content/EngineMaterials/Substrate/Glints2/dict_0007_0025.uasset" 10425
"../../../Engine/Content/EngineMaterials/Substrate/Glints2/dict_0007_0031.uasset" 10426
"/Engine/EngineMaterials/Substrate/Glints2/dict_0007_0027" 10427
"/Engine/EngineMaterials/Substrate/Glints2/dict_0007_0026" 10428
"/Engine/EngineMaterials/Substrate/Glints2/dict_0007_0034" 10429
"/Engine/EngineMaterials/Substrate/Glints2/dict_0007_0033" 10430
"/Engine/EngineMaterials/Substrate/Glints2/dict_0007_0025" 10431
"/Engine/EngineMaterials/Substrate/Glints2/dict_0007_0037" 10432
"/Engine/EngineMaterials/Substrate/Glints2/dict_0007_0024" 10433
"/Engine/EngineMaterials/Substrate/Glints2/dict_0007_0032" 10434
"/Engine/EngineMaterials/Substrate/Glints2/dict_0007_0031" 10435
"/Engine/EngineMaterials/Substrate/Glints2/dict_0007_0023" 10436
"/Engine/EngineMaterials/Substrate/Glints2/dict_0007_0036" 10437
"/Engine/EngineMaterials/Substrate/Glints2/dict_0007_0022" 10438
"/Engine/EngineMaterials/Substrate/Glints2/dict_0007_0021" 10439
"/Engine/EngineMaterials/Substrate/Glints2/dict_0007_0020" 10440
"/Engine/EngineMaterials/Substrate/Glints2/dict_0007_0039" 10441
"/Engine/EngineMaterials/Substrate/Glints2/dict_0007_0018" 10442
"/Engine/EngineMaterials/Substrate/Glints2/dict_0007_0017" 10443
"/Engine/EngineMaterials/Substrate/Glints2/dict_0007_0016" 10444
"/Engine/EngineMaterials/Substrate/Glints2/dict_0007_0015" 10445
"/Engine/EngineMaterials/Substrate/Glints2/dict_0007_0014" 10446
"/Engine/EngineMaterials/Substrate/Glints2/dict_0007_0030" 10447
"/Engine/EngineMaterials/Substrate/Glints2/dict_0007_0013" 10448
"/Engine/EngineMaterials/Substrate/Glints2/dict_0007_0012" 10449
"/Engine/EngineMaterials/Substrate/Glints2/dict_0007_0029" 10450
"/Engine/EngineMaterials/Substrate/Glints2/dict_0007_0011" 10451
"/Engine/EngineMaterials/Substrate/Glints2/dict_0007_0010" 10452
"/Engine/EngineMaterials/Substrate/Glints2/dict_0007_0028" 10453
"/Engine/EngineMaterials/Substrate/Glints2/dict_0007_0038" 10454
"/Engine/EngineMaterials/Substrate/Glints2/dict_0007_0009" 10455
"/Engine/EngineMaterials/Substrate/Glints2/dict_0007_0035" 10456
"/Engine/EngineMaterials/Substrate/Glints2/dict_0007_0008" 10457
"/Engine/EngineMaterials/Substrate/Glints2/dict_0007_0007" 10458
"../../../Engine/Content/EngineMaterials/Substrate/Glints2/dict_0007_0040.uasset" 10459
"../../../Engine/Content/EngineMaterials/Substrate/Glints2/dict_0007_0045.uasset" 10460
"../../../Engine/Content/EngineMaterials/Substrate/Glints2/dict_0007_0044.uasset" 10461
"../../../Engine/Content/EngineMaterials/Substrate/Glints2/dict_0007_0042.uasset" 10462
"../../../Engine/Content/EngineMaterials/Substrate/Glints2/dict_0007_0049.uasset" 10463
"../../../Engine/Content/EngineMaterials/Substrate/Glints2/dict_0007_0043.uasset" 10464
"../../../Engine/Content/EngineMaterials/Substrate/Glints2/dict_0007_0048.uasset" 10465
"../../../Engine/Content/EngineMaterials/Substrate/Glints2/dict_0007_0052.uasset" 10466
"../../../Engine/Content/EngineMaterials/Substrate/Glints2/dict_0007_0057.uasset" 10467
"../../../Engine/Content/EngineMaterials/Substrate/Glints2/dict_0007_0058.uasset" 10468
"../../../Engine/Content/EngineMaterials/Substrate/Glints2/dict_0007_0046.uasset" 10469
"../../../Engine/Content/EngineMaterials/Substrate/Glints2/dict_0007_0061.uasset" 10470
"../../../Engine/Content/EngineMaterials/Substrate/Glints2/dict_0007_0062.uasset" 10471
"../../../Engine/Content/EngineMaterials/Substrate/Glints2/dict_0007_0041.uasset" 10472
"../../../Engine/Content/EngineMaterials/Substrate/Glints2/dict_0007_0067.uasset" 10473
"../../../Engine/Content/EngineMaterials/Substrate/Glints2/dict_0007_0056.uasset" 10474
"../../../Engine/Content/EngineMaterials/Substrate/Glints2/dict_0007_0050.uasset" 10475
"../../../Engine/Content/EngineMaterials/Substrate/Glints2/dict_0007_0068.uasset" 10476
"../../../Engine/Content/EngineMaterials/Substrate/Glints2/dict_0007_0065.uasset" 10477
"../../../Engine/Content/EngineMaterials/Substrate/Glints2/dict_0007_0066.uasset" 10478
"../../../Engine/Content/EngineMaterials/Substrate/Glints2/dict_0007_0051.uasset" 10479
"../../../Engine/Content/EngineMaterials/Substrate/Glints2/dict_0007_0070.uasset" 10480
"/Engine/EngineMaterials/Substrate/Glints2/dict_0007_0068" 10481
"../../../Engine/Content/EngineMaterials/Substrate/Glints2/dict_0007_0060.uasset" 10482
"/Engine/EngineMaterials/Substrate/Glints2/dict_0007_0067" 10483
"../../../Engine/Content/EngineMaterials/Substrate/Glints2/dict_0007_0053.uasset" 10484
"/Engine/EngineMaterials/Substrate/Glints2/dict_0007_0066" 10485
"../../../Engine/Content/EngineMaterials/Substrate/Glints2/dict_0007_0054.uasset" 10486
"/Engine/EngineMaterials/Substrate/Glints2/dict_0007_0065" 10487
"/Engine/EngineMaterials/Substrate/Glints2/dict_0007_0062" 10488
"../../../Engine/Content/EngineMaterials/Substrate/Glints2/dict_0007_0059.uasset" 10489
"/Engine/EngineMaterials/Substrate/Glints2/dict_0007_0061" 10490
"/Engine/EngineMaterials/Substrate/Glints2/dict_0007_0058" 10491
"../../../Engine/Content/EngineMaterials/Substrate/Glints2/dict_0007_0071.uasset" 10492
"/Engine/EngineMaterials/Substrate/Glints2/dict_0007_0057" 10493
"../../../Engine/Content/EngineMaterials/Substrate/Glints2/dict_0007_0055.uasset" 10494
"/Engine/EngineMaterials/Substrate/Glints2/dict_0007_0056" 10495
"../../../Engine/Content/EngineMaterials/Substrate/Glints2/dict_0007_0064.uasset" 10496
"/Engine/EngineMaterials/Substrate/Glints2/dict_0007_0052" 10497
"/Engine/EngineMaterials/Substrate/Glints2/dict_0007_0051" 10498
"../../../Engine/Content/EngineMaterials/Substrate/Glints2/dict_0007_0047.uasset" 10499
"../../../Engine/Content/EngineMaterials/Substrate/Glints2/dict_0007_0069.uasset" 10500
"/Engine/EngineMaterials/Substrate/Glints2/dict_0007_0050" 10501
"/Engine/EngineMaterials/Substrate/Glints2/dict_0007_0049" 10502
"../../../Engine/Content/EngineMaterials/Substrate/Glints2/dict_0007_0063.uasset" 10503
"/Engine/EngineMaterials/Substrate/Glints2/dict_0007_0048" 10504
"/Engine/EngineMaterials/Substrate/Glints2/dict_0007_0046" 10505
"/Engine/EngineMaterials/Substrate/Glints2/dict_0007_0045" 10506
"/Engine/EngineMaterials/Substrate/Glints2/dict_0007_0044" 10507
"/Engine/EngineMaterials/Substrate/Glints2/dict_0007_0043" 10508
"/Engine/EngineMaterials/Substrate/Glints2/dict_0007_0042" 10509
"/Engine/EngineMaterials/Substrate/Glints2/dict_0007_0041" 10510
"/Engine/EngineMaterials/Substrate/Glints2/dict_0007_0040" 10511
"/Engine/EngineMaterials/Substrate/Glints2/dict_0007_0071" 10512
"/Engine/EngineMaterials/Substrate/Glints2/dict_0007_0070" 10513
"/Engine/EngineMaterials/Substrate/Glints2/dict_0007_0069" 10514
"../../../Engine/Content/EngineMaterials/Substrate/Glints2/dict_0007_0072.uasset" 10515
"/Engine/EngineMaterials/Substrate/Glints2/dict_0007_0064" 10516
"/Engine/EngineMaterials/Substrate/Glints2/dict_0007_0063" 10517
"../../../Engine/Content/EngineMaterials/Substrate/Glints2/dict_0007_0077.uasset" 10518
"../../../Engine/Content/EngineMaterials/Substrate/Glints2/dict_0007_0073.uasset" 10519
"/Engine/EngineMaterials/Substrate/Glints2/dict_0007_0060" 10520
"/Engine/EngineMaterials/Substrate/Glints2/dict_0007_0059" 10521
"../../../Engine/Content/EngineMaterials/Substrate/Glints2/dict_0007_0083.uasset" 10522
"/Engine/EngineMaterials/Substrate/Glints2/dict_0007_0055" 10523
"../../../Engine/Content/EngineMaterials/Substrate/Glints2/dict_0007_0078.uasset" 10524
"/Engine/EngineMaterials/Substrate/Glints2/dict_0007_0054" 10525
"/Engine/EngineMaterials/Substrate/Glints2/dict_0007_0053" 10526
"../../../Engine/Content/EngineMaterials/Substrate/Glints2/dict_0007_0082.uasset" 10527
"/Engine/EngineMaterials/Substrate/Glints2/dict_0007_0047" 10528
"/Engine/EngineMaterials/Substrate/Glints2/dict_0007_0083" 10529
"../../../Engine/Content/EngineMaterials/Substrate/Glints2/dict_0007_0076.uasset" 10530
"../../../Engine/Content/EngineMaterials/Substrate/Glints2/dict_0007_0085.uasset" 10531
"/Engine/EngineMaterials/Substrate/Glints2/dict_0007_0082" 10532
"/Engine/EngineMaterials/Substrate/Glints2/dict_0007_0078" 10533
"../../../Engine/Content/EngineMaterials/Substrate/Glints2/dict_0007_0084.uasset" 10534
"/Engine/EngineMaterials/Substrate/Glints2/dict_0007_0077" 10535
"../../../Engine/Content/EngineMaterials/Substrate/Glints2/dict_0007_0081.uasset" 10536
"/Engine/EngineMaterials/Substrate/Glints2/dict_0007_0073" 10537
"../../../Engine/Content/EngineMaterials/Substrate/Glints2/dict_0007_0089.uasset" 10538
"/Engine/EngineMaterials/Substrate/Glints2/dict_0007_0072" 10539
"../../../Engine/Content/EngineMaterials/Substrate/Glints2/dict_0007_0086.uasset" 10540
"/Engine/EngineMaterials/Substrate/Glints2/dict_0007_0089" 10541
"/Engine/EngineMaterials/Substrate/Glints2/dict_0007_0085" 10542
"../../../Engine/Content/EngineMaterials/Substrate/Glints2/dict_0007_0092.uasset" 10543
"/Engine/EngineMaterials/Substrate/Glints2/dict_0007_0084" 10544
"../../../Engine/Content/EngineMaterials/Substrate/Glints2/dict_0007_0080.uasset" 10545
"/Engine/EngineMaterials/Substrate/Glints2/dict_0007_0081" 10546
"../../../Engine/Content/EngineMaterials/Substrate/Glints2/dict_0007_0079.uasset" 10547
"/Engine/EngineMaterials/Substrate/Glints2/dict_0007_0076" 10548
"../../../Engine/Content/EngineMaterials/Substrate/Glints2/dict_0007_0090.uasset" 10549
"/Engine/EngineMaterials/Substrate/Glints2/dict_0007_0092" 10550
"../../../Engine/Content/EngineMaterials/Substrate/Glints2/dict_0007_0097.uasset" 10551
"/Engine/EngineMaterials/Substrate/Glints2/dict_0007_0090" 10552
"/Engine/EngineMaterials/Substrate/Glints2/dict_0007_0086" 10553
"/Engine/EngineMaterials/Substrate/Glints2/dict_0007_0080" 10554
"../../../Engine/Content/EngineMaterials/Substrate/Glints2/dict_0007_0094.uasset" 10555
"/Engine/EngineMaterials/Substrate/Glints2/dict_0007_0079" 10556
"../../../Engine/Content/EngineMaterials/Substrate/Glints2/dict_0007_0096.uasset" 10557
"/Engine/EngineMaterials/Substrate/Glints2/dict_0007_0097" 10558
"../../../Engine/Content/EngineMaterials/Substrate/Glints2/dict_0007_0099.uasset" 10559
"/Engine/EngineMaterials/Substrate/Glints2/dict_0007_0096" 10560
"../../../Engine/Content/EngineMaterials/Substrate/Glints2/dict_0007_0088.uasset" 10561
"/Engine/EngineMaterials/Substrate/Glints2/dict_0007_0094" 10562
"/Engine/EngineMaterials/Substrate/Glints2/dict_0007_0099" 10563
"../../../Engine/Content/EngineMaterials/Substrate/Glints2/dict_0007_0074.uasset" 10564
"/Engine/EngineMaterials/Substrate/Glints2/dict_0007_0088" 10565
"../../../Engine/Content/EngineMaterials/Substrate/Glints2/dict_0007_0087.uasset" 10566
"/Engine/EngineMaterials/Substrate/Glints2/dict_0007_0087" 10567
"/Engine/EngineMaterials/Substrate/Glints2/dict_0007_0074" 10568
"../../../Engine/Content/EngineMaterials/Substrate/Glints2/dict_0007_0106.uasset" 10569
"/Engine/EngineMaterials/Substrate/Glints2/dict_0007_0106" 10570
"../../../Engine/Content/EngineMaterials/Substrate/Glints2/dict_0007_0109.uasset" 10571
"/Engine/EngineMaterials/Substrate/Glints2/dict_0007_0109" 10572
"../../../Engine/Content/EngineMaterials/Substrate/Glints2/dict_0007_0093.uasset" 10573
"/Engine/EngineMaterials/Substrate/Glints2/dict_0007_0093" 10574
"../../../Engine/Content/EngineMaterials/Substrate/Glints2/dict_0007_0075.uasset" 10575
"../../../Engine/Content/EngineMaterials/Substrate/Glints2/dict_0007_0126.uasset" 10576
"../../../Engine/Content/EngineMaterials/Substrate/Glints2/dict_0007_0113.uasset" 10577
"../../../Engine/Content/EngineMaterials/Substrate/Glints2/dict_0007_0112.uasset" 10578
"../../../Engine/Content/EngineMaterials/Substrate/Glints2/dict_0007_0102.uasset" 10579
"../../../Engine/Content/EngineMaterials/Substrate/Glints2/dict_0007_0095.uasset" 10580
"../../../Engine/Content/EngineMaterials/Substrate/Glints2/dict_0007_0101.uasset" 10581
"../../../Engine/Content/EngineMaterials/Substrate/Glints2/dict_0007_0091.uasset" 10582
"../../../Engine/Content/EngineMaterials/Substrate/Glints2/dict_0007_0116.uasset" 10583
"../../../Engine/Content/EngineMaterials/Substrate/Glints2/dict_0007_0118.uasset" 10584
"../../../Engine/Content/EngineMaterials/Substrate/Glints2/dict_0007_0108.uasset" 10585
"../../../Engine/Content/EngineMaterials/Substrate/Glints2/dict_0007_0107.uasset" 10586
"../../../Engine/Content/EngineMaterials/Substrate/Glints2/dict_0007_0124.uasset" 10587
"../../../Engine/Content/EngineMaterials/Substrate/Glints2/dict_0007_0125.uasset" 10588
"../../../Engine/Content/EngineMaterials/Substrate/Glints2/dict_0007_0103.uasset" 10589
"../../../Engine/Content/EngineMaterials/Substrate/Glints2/dict_0007_0111.uasset" 10590
"../../../Engine/Content/EngineMaterials/Substrate/Glints2/dict_0007_0128.uasset" 10591
"../../../Engine/Content/EngineMaterials/Substrate/Glints2/dict_0007_0098.uasset" 10592
"../../../Engine/Content/EngineMaterials/Substrate/Glints2/dict_0007_0119.uasset" 10593
"../../../Engine/Content/EngineMaterials/Substrate/Glints2/dict_0007_0117.uasset" 10594
"../../../Engine/Content/EngineMaterials/Substrate/Glints2/dict_0007_0121.uasset" 10595
"../../../Engine/Content/EngineMaterials/Substrate/Glints2/dict_0007_0122.uasset" 10596
"../../../Engine/Content/EngineMaterials/Substrate/Glints2/dict_0007_0105.uasset" 10597
"../../../Engine/Content/EngineMaterials/Substrate/Glints2/dict_0007_0110.uasset" 10598
"../../../Engine/Content/EngineMaterials/Substrate/Glints2/dict_0007_0129.uasset" 10599
"../../../Engine/Content/EngineMaterials/Substrate/Glints2/dict_0007_0115.uasset" 10600
"../../../Engine/Content/EngineMaterials/Substrate/Glints2/dict_0007_0120.uasset" 10601
"../../../Engine/Content/EngineMaterials/Substrate/Glints2/dict_0007_0123.uasset" 10602
"/Engine/EngineMaterials/Substrate/Glints2/dict_0007_0103" 10603
"../../../Engine/Content/EngineMaterials/Substrate/Glints2/dict_0007_0100.uasset" 10604
"/Engine/EngineMaterials/Substrate/Glints2/dict_0007_0102" 10605
"../../../Engine/Content/EngineMaterials/Substrate/Glints2/dict_0007_0127.uasset" 10606
"/Engine/EngineMaterials/Substrate/Glints2/dict_0007_0101" 10607
"../../../Engine/Content/EngineMaterials/Substrate/Glints2/dict_0007_0104.uasset" 10608
"/Engine/EngineMaterials/Substrate/Glints2/dict_0007_0119" 10609
"../../../Engine/Content/EngineMaterials/Substrate/Glints2/dict_0007_0114.uasset" 10610
"/Engine/EngineMaterials/Substrate/Glints2/dict_0007_0091" 10611
"/Engine/EngineMaterials/Substrate/Glints2/dict_0007_0118" 10612
"/Engine/EngineMaterials/Substrate/Glints2/dict_0007_0124" 10613
"/Engine/EngineMaterials/Substrate/Glints2/dict_0007_0123" 10614
"/Engine/EngineMaterials/Substrate/Glints2/dict_0007_0126" 10615
"/Engine/EngineMaterials/Substrate/Glints2/dict_0007_0098" 10616
"/Engine/EngineMaterials/Substrate/Glints2/dict_0007_0122" 10617
"/Engine/EngineMaterials/Substrate/Glints2/dict_0007_0117" 10618
"/Engine/EngineMaterials/Substrate/Glints2/dict_0007_0113" 10619
"/Engine/EngineMaterials/Substrate/Glints2/dict_0007_0112" 10620
"/Engine/EngineMaterials/Substrate/Glints2/dict_0007_0121" 10621
"/Engine/EngineMaterials/Substrate/Glints2/dict_0007_0095" 10622
"/Engine/EngineMaterials/Substrate/Glints2/dict_0007_0120" 10623
"/Engine/EngineMaterials/Substrate/Glints2/dict_0007_0128" 10624
"/Engine/EngineMaterials/Substrate/Glints2/dict_0007_0108" 10625
"/Engine/EngineMaterials/Substrate/Glints2/dict_0007_0111" 10626
"/Engine/EngineMaterials/Substrate/Glints2/dict_0007_0116" 10627
"/Engine/EngineMaterials/Substrate/Glints2/dict_0007_0115" 10628
"/Engine/EngineMaterials/Substrate/Glints2/dict_0007_0129" 10629
"/Engine/EngineMaterials/Substrate/Glints2/dict_0007_0107" 10630
"/Engine/EngineMaterials/Substrate/Glints2/dict_0007_0110" 10631
"/Engine/EngineMaterials/Substrate/Glints2/dict_0007_0075" 10632
"/Engine/EngineMaterials/Substrate/Glints2/dict_0007_0125" 10633
"/Engine/EngineMaterials/Substrate/Glints2/dict_0007_0105" 10634
"/Engine/EngineMaterials/Substrate/Glints2/dict_0007_0114" 10635
"/Engine/EngineMaterials/Substrate/Glints2/dict_0007_0100" 10636
"/Engine/EngineMaterials/Substrate/Glints2/dict_0007_0127" 10637
"/Engine/EngineMaterials/Substrate/Glints2/dict_0007_0104" 10638
"../../../Engine/Content/EngineMaterials/Substrate/Glints2/dict_0007_0130.uasset" 10639
"../../../Engine/Content/EngineMaterials/Substrate/Glints2/dict_0007_0138.uasset" 10640
"../../../Engine/Content/EngineMaterials/Substrate/Glints2/dict_0007_0133.uasset" 10641
"../../../Engine/Content/EngineMaterials/Substrate/Glints2/dict_0007_0131.uasset" 10642
"../../../Engine/Content/EngineMaterials/Substrate/Glints2/dict_0007_0139.uasset" 10643
"../../../Engine/Content/EngineMaterials/Substrate/Glints2/dict_0007_0142.uasset" 10644
"../../../Engine/Content/EngineMaterials/Substrate/Glints2/dict_0007_0141.uasset" 10645
"../../../Engine/Content/EngineMaterials/Substrate/Glints2/dict_0007_0140.uasset" 10646
"../../../Engine/Content/EngineMaterials/Substrate/Glints2/dict_0007_0151.uasset" 10647
"../../../Engine/Content/EngineMaterials/Substrate/Glints2/dict_0007_0136.uasset" 10648
"../../../Engine/Content/EngineMaterials/Substrate/Glints2/dict_0007_0154.uasset" 10649
"../../../Engine/Content/EngineMaterials/Substrate/Glints2/dict_0007_0152.uasset" 10650
"../../../Engine/Content/EngineMaterials/Substrate/Glints2/dict_0007_0149.uasset" 10651
"../../../Engine/Content/EngineMaterials/Substrate/Glints2/dict_0007_0158.uasset" 10652
"../../../Engine/Content/EngineMaterials/Substrate/Glints2/dict_0007_0156.uasset" 10653
"../../../Engine/Content/EngineMaterials/Substrate/Glints2/dict_0007_0134.uasset" 10654
"../../../Engine/Content/EngineMaterials/Substrate/Glints2/dict_0007_0160.uasset" 10655
"../../../Engine/Content/EngineMaterials/Substrate/Glints2/dict_0007_0135.uasset" 10656
"../../../Engine/Content/EngineMaterials/Substrate/Glints2/dict_0007_0145.uasset" 10657
"../../../Engine/Content/EngineMaterials/Substrate/Glints2/dict_0007_0144.uasset" 10658
"../../../Engine/Content/EngineMaterials/Substrate/Glints2/dict_0007_0143.uasset" 10659
"../../../Engine/Content/EngineMaterials/Substrate/Glints2/dict_0007_0155.uasset" 10660
"../../../Engine/Content/EngineMaterials/Substrate/Glints2/dict_0007_0159.uasset" 10661
"../../../Engine/Content/EngineMaterials/Substrate/Glints2/dict_0007_0161.uasset" 10662
"../../../Engine/Content/EngineMaterials/Substrate/Glints2/dict_0007_0137.uasset" 10663
"/Engine/EngineMaterials/Substrate/Glints2/dict_0007_0156" 10664
"../../../Engine/Content/EngineMaterials/Substrate/Glints2/dict_0007_0146.uasset" 10665
"/Engine/EngineMaterials/Substrate/Glints2/dict_0007_0155" 10666
"/Engine/EngineMaterials/Substrate/Glints2/dict_0007_0154" 10667
"/Engine/EngineMaterials/Substrate/Glints2/dict_0007_0152" 10668
"../../../Engine/Content/EngineMaterials/Substrate/Glints2/dict_0007_0150.uasset" 10669
"/Engine/EngineMaterials/Substrate/Glints2/dict_0007_0161" 10670
"/Engine/EngineMaterials/Substrate/Glints2/dict_0007_0160" 10671
"/Engine/EngineMaterials/Substrate/Glints2/dict_0007_0151" 10672
"/Engine/EngineMaterials/Substrate/Glints2/dict_0007_0149" 10673
"../../../Engine/Content/EngineMaterials/Substrate/Glints2/dict_0007_0157.uasset" 10674
"/Engine/EngineMaterials/Substrate/Glints2/dict_0007_0145" 10675
"/Engine/EngineMaterials/Substrate/Glints2/dict_0007_0144" 10676
"../../../Engine/Content/EngineMaterials/Substrate/Glints2/dict_0007_0132.uasset" 10677
"/Engine/EngineMaterials/Substrate/Glints2/dict_0007_0143" 10678
"/Engine/EngineMaterials/Substrate/Glints2/dict_0007_0142" 10679
"/Engine/EngineMaterials/Substrate/Glints2/dict_0007_0141" 10680
"/Engine/EngineMaterials/Substrate/Glints2/dict_0007_0140" 10681
"/Engine/EngineMaterials/Substrate/Glints2/dict_0007_0139" 10682
"/Engine/EngineMaterials/Substrate/Glints2/dict_0007_0138" 10683
"../../../Engine/Content/EngineMaterials/Substrate/Glints2/dict_0007_0147.uasset" 10684
"/Engine/EngineMaterials/Substrate/Glints2/dict_0007_0137" 10685
"/Engine/EngineMaterials/Substrate/Glints2/dict_0007_0136" 10686
"/Engine/EngineMaterials/Substrate/Glints2/dict_0007_0135" 10687
"/Engine/EngineMaterials/Substrate/Glints2/dict_0007_0134" 10688
"/Engine/EngineMaterials/Substrate/Glints2/dict_0007_0159" 10689
"../../../Engine/Content/EngineMaterials/Substrate/Glints2/dict_0007_0153.uasset" 10690
"/Engine/EngineMaterials/Substrate/Glints2/dict_0007_0133" 10691
"/Engine/EngineMaterials/Substrate/Glints2/dict_0007_0131" 10692
"/Engine/EngineMaterials/Substrate/Glints2/dict_0007_0130" 10693
"../../../Engine/Content/EngineMaterials/Substrate/Glints2/dict_0007_0148.uasset" 10694
"/Engine/EngineMaterials/Substrate/Glints2/dict_0007_0158" 10695
"/Engine/EngineMaterials/Substrate/Glints2/dict_0007_0157" 10696
"/Engine/EngineMaterials/Substrate/Glints2/dict_0007_0153" 10697
"/Engine/EngineMaterials/Substrate/Glints2/dict_0007_0150" 10698
"/Engine/EngineMaterials/Substrate/Glints2/dict_0007_0148" 10699
"/Engine/EngineMaterials/Substrate/Glints2/dict_0007_0147" 10700
"/Engine/EngineMaterials/Substrate/Glints2/dict_0007_0146" 10701
"/Engine/EngineMaterials/Substrate/Glints2/dict_0007_0132" 10702
"../../../Engine/Content/EngineMaterials/Substrate/Glints2/dict_0007_0163.uasset" 10703
"../../../Engine/Content/EngineMaterials/Substrate/Glints2/dict_0007_0170.uasset" 10704
"../../../Engine/Content/EngineMaterials/Substrate/Glints2/dict_0007_0169.uasset" 10705
"../../../Engine/Content/EngineMaterials/Substrate/Glints2/dict_0007_0164.uasset" 10706
"../../../Engine/Content/EngineMaterials/Substrate/Glints2/dict_0007_0166.uasset" 10707
"../../../Engine/Content/EngineMaterials/Substrate/Glints2/dict_0007_0162.uasset" 10708
"../../../Engine/Content/EngineMaterials/Substrate/Glints2/dict_0007_0173.uasset" 10709
"../../../Engine/Content/EngineMaterials/Substrate/Glints2/dict_0007_0180.uasset" 10710
"../../../Engine/Content/EngineMaterials/Substrate/Glints2/dict_0007_0174.uasset" 10711
"../../../Engine/Content/EngineMaterials/Substrate/Glints2/dict_0007_0178.uasset" 10712
"../../../Engine/Content/EngineMaterials/Substrate/Glints2/dict_0007_0176.uasset" 10713
"../../../Engine/Content/EngineMaterials/Substrate/Glints2/dict_0007_0165.uasset" 10714
"../../../Engine/Content/EngineMaterials/Substrate/Glints2/dict_0007_0183.uasset" 10715
"../../../Engine/Content/EngineMaterials/Substrate/Glints2/dict_0007_0186.uasset" 10716
"../../../Engine/Content/EngineMaterials/Substrate/Glints2/dict_0007_0172.uasset" 10717
"../../../Engine/Content/EngineMaterials/Substrate/Glints2/dict_0007_0190.uasset" 10718
"../../../Engine/Content/EngineMaterials/Substrate/Glints2/dict_0007_0187.uasset" 10719
"../../../Engine/Content/EngineMaterials/Substrate/Glints2/dict_0007_0189.uasset" 10720
"../../../Engine/Content/EngineMaterials/Substrate/Glints2/dict_0007_0192.uasset" 10721
"../../../Engine/Content/EngineMaterials/Substrate/Glints2/dict_0007_0177.uasset" 10722
"../../../Engine/Content/EngineMaterials/Substrate/Glints2/dict_0007_0181.uasset" 10723
"../../../Engine/Content/EngineMaterials/Substrate/Glints2/dict_0007_0179.uasset" 10724
"../../../Engine/Content/EngineMaterials/Substrate/Glints2/dict_0007_0184.uasset" 10725
"../../../Engine/Content/EngineMaterials/Substrate/Glints2/dict_0007_0167.uasset" 10726
"../../../Engine/Content/EngineMaterials/Substrate/Glints2/dict_0007_0191.uasset" 10727
"../../../Engine/Content/EngineMaterials/Substrate/Glints2/dict_0007_0171.uasset" 10728
"../../../Engine/Content/EngineMaterials/Substrate/Glints2/dict_0007_0175.uasset" 10729
"../../../Engine/Content/EngineMaterials/Substrate/Glints2/dict_0007_0193.uasset" 10730
"../../../Engine/Content/EngineMaterials/Substrate/Glints2/dict_0007_0185.uasset" 10731
"../../../Engine/Content/EngineMaterials/Substrate/Glints2/dict_0007_0188.uasset" 10732
"../../../Engine/Content/EngineMaterials/Substrate/Glints2/dict_0007_0182.uasset" 10733
"../../../Engine/Content/EngineMaterials/Substrate/Glints2/dict_0007_0168.uasset" 10734
"/Engine/EngineMaterials/Substrate/Glints2/dict_0007_0193" 10735
"/Engine/EngineMaterials/Substrate/Glints2/dict_0007_0186" 10736
"/Engine/EngineMaterials/Substrate/Glints2/dict_0007_0185" 10737
"/Engine/EngineMaterials/Substrate/Glints2/dict_0007_0184" 10738
"/Engine/EngineMaterials/Substrate/Glints2/dict_0007_0192" 10739
"/Engine/EngineMaterials/Substrate/Glints2/dict_0007_0183" 10740
"/Engine/EngineMaterials/Substrate/Glints2/dict_0007_0182" 10741
"/Engine/EngineMaterials/Substrate/Glints2/dict_0007_0181" 10742
"/Engine/EngineMaterials/Substrate/Glints2/dict_0007_0180" 10743
"/Engine/EngineMaterials/Substrate/Glints2/dict_0007_0191" 10744
"/Engine/EngineMaterials/Substrate/Glints2/dict_0007_0179" 10745
"/Engine/EngineMaterials/Substrate/Glints2/dict_0007_0190" 10746
"/Engine/EngineMaterials/Substrate/Glints2/dict_0007_0189" 10747
"/Engine/EngineMaterials/Substrate/Glints2/dict_0007_0188" 10748
"/Engine/EngineMaterials/Substrate/Glints2/dict_0007_0178" 10749
"/Engine/EngineMaterials/Substrate/Glints2/dict_0007_0177" 10750
"/Engine/EngineMaterials/Substrate/Glints2/dict_0007_0176" 10751
"/Engine/EngineMaterials/Substrate/Glints2/dict_0007_0175" 10752
"/Engine/EngineMaterials/Substrate/Glints2/dict_0007_0174" 10753
"/Engine/EngineMaterials/Substrate/Glints2/dict_0007_0173" 10754
"/Engine/EngineMaterials/Substrate/Glints2/dict_0007_0172" 10755
"/Engine/EngineMaterials/Substrate/Glints2/dict_0007_0171" 10756
"/Engine/EngineMaterials/Substrate/Glints2/dict_0007_0170" 10757
"/Engine/EngineMaterials/Substrate/Glints2/dict_0007_0169" 10758
"/Engine/EngineMaterials/Substrate/Glints2/dict_0007_0168" 10759
"/Engine/EngineMaterials/Substrate/Glints2/dict_0007_0167" 10760
"/Engine/EngineMaterials/Substrate/Glints2/dict_0007_0166" 10761
"/Engine/EngineMaterials/Substrate/Glints2/dict_0007_0165" 10762
"/Engine/EngineMaterials/Substrate/Glints2/dict_0007_0187" 10763
"/Engine/EngineMaterials/Substrate/Glints2/dict_0007_0164" 10764
"/Engine/EngineMaterials/Substrate/Glints2/dict_0007_0163" 10765
"/Engine/EngineMaterials/Substrate/Glints2/dict_0007_0162" 10766
"../../../Engine/Content/EngineMaterials/Substrate/Glints2/dict_0007_0195.uasset" 10767
"../../../Engine/Content/EngineMaterials/Substrate/Glints2/dict_0007_0194.uasset" 10768
"../../../Engine/Content/EngineMaterials/Substrate/Glints2/dict_0007_0196.uasset" 10769
"../../../Engine/Content/EngineMaterials/Substrate/Glints2/dict_0007_0197.uasset" 10770
"../../../Engine/Content/EngineMaterials/Substrate/Glints2/dict_0007_0200.uasset" 10771
"../../../Engine/Content/EngineMaterials/Substrate/Glints2/dict_0007_0199.uasset" 10772
"../../../Engine/Content/EngineMaterials/Substrate/Glints2/dict_0007_0203.uasset" 10773
"../../../Engine/Content/EngineMaterials/Substrate/Glints2/dict_0007_0204.uasset" 10774
"../../../Engine/Content/EngineMaterials/Substrate/Glints2/dict_0007_0212.uasset" 10775
"../../../Engine/Content/EngineMaterials/Substrate/Glints2/dict_0007_0202.uasset" 10776
"../../../Engine/Content/EngineMaterials/Substrate/Glints2/dict_0007_0219.uasset" 10777
"../../../Engine/Content/EngineMaterials/Substrate/Glints2/dict_0007_0211.uasset" 10778
"../../../Engine/Content/EngineMaterials/Substrate/Glints2/dict_0007_0206.uasset" 10779
"../../../Engine/Content/EngineMaterials/Substrate/Glints2/dict_0007_0210.uasset" 10780
"../../../Engine/Content/EngineMaterials/Substrate/Glints2/dict_0007_0222.uasset" 10781
"../../../Engine/Content/EngineMaterials/Substrate/Glints2/dict_0007_0213.uasset" 10782
"../../../Engine/Content/EngineMaterials/Substrate/Glints2/dict_0007_0217.uasset" 10783
"../../../Engine/Content/EngineMaterials/Substrate/Glints2/dict_0007_0218.uasset" 10784
"../../../Engine/Content/EngineMaterials/Substrate/Glints2/dict_0007_0214.uasset" 10785
"../../../Engine/Content/EngineMaterials/Substrate/Glints2/dict_0007_0198.uasset" 10786
"/Engine/EngineMaterials/Substrate/Glints2/dict_0007_0222" 10787
"../../../Engine/Content/EngineMaterials/Substrate/Glints2/dict_0007_0224.uasset" 10788
"/Engine/EngineMaterials/Substrate/Glints2/dict_0007_0219" 10789
"/Engine/EngineMaterials/Substrate/Glints2/dict_0007_0218" 10790
"../../../Engine/Content/EngineMaterials/Substrate/Glints2/dict_0007_0215.uasset" 10791
"/Engine/EngineMaterials/Substrate/Glints2/dict_0007_0217" 10792
"../../../Engine/Content/EngineMaterials/Substrate/Glints2/dict_0007_0216.uasset" 10793
"/Engine/EngineMaterials/Substrate/Glints2/dict_0007_0214" 10794
"/Engine/EngineMaterials/Substrate/Glints2/dict_0007_0213" 10795
"/Engine/EngineMaterials/Substrate/Glints2/dict_0007_0212" 10796
"/Engine/EngineMaterials/Substrate/Glints2/dict_0007_0211" 10797
"/Engine/EngineMaterials/Substrate/Glints2/dict_0007_0210" 10798
"/Engine/EngineMaterials/Substrate/Glints2/dict_0007_0206" 10799
"../../../Engine/Content/EngineMaterials/Substrate/Glints2/dict_0007_0205.uasset" 10800
"/Engine/EngineMaterials/Substrate/Glints2/dict_0007_0204" 10801
"/Engine/EngineMaterials/Substrate/Glints2/dict_0007_0203" 10802
"../../../Engine/Content/EngineMaterials/Substrate/Glints2/dict_0007_0201.uasset" 10803
"/Engine/EngineMaterials/Substrate/Glints2/dict_0007_0202" 10804
"/Engine/EngineMaterials/Substrate/Glints2/dict_0007_0200" 10805
"/Engine/EngineMaterials/Substrate/Glints2/dict_0007_0199" 10806
"../../../Engine/Content/EngineMaterials/Substrate/Glints2/dict_0007_0225.uasset" 10807
"/Engine/EngineMaterials/Substrate/Glints2/dict_0007_0198" 10808
"/Engine/EngineMaterials/Substrate/Glints2/dict_0007_0197" 10809
"/Engine/EngineMaterials/Substrate/Glints2/dict_0007_0196" 10810
"/Engine/EngineMaterials/Substrate/Glints2/dict_0007_0195" 10811
"/Engine/EngineMaterials/Substrate/Glints2/dict_0007_0194" 10812
"../../../Engine/Content/EngineMaterials/Substrate/Glints2/dict_0007_0207.uasset" 10813
"../../../Engine/Content/EngineMaterials/Substrate/Glints2/dict_0007_0223.uasset" 10814
"/Engine/EngineMaterials/Substrate/Glints2/dict_0007_0225" 10815
"../../../Engine/Content/EngineMaterials/Substrate/Glints2/dict_0007_0221.uasset" 10816
"/Engine/EngineMaterials/Substrate/Glints2/dict_0007_0224" 10817
"../../../Engine/Content/EngineMaterials/Substrate/Glints2/dict_0007_0208.uasset" 10818
"../../../Engine/Content/EngineMaterials/Substrate/Glints2/dict_0007_0227.uasset" 10819
"/Engine/EngineMaterials/Substrate/Glints2/dict_0007_0223" 10820
"/Engine/EngineMaterials/Substrate/Glints2/dict_0007_0216" 10821
"../../../Engine/Content/EngineMaterials/Substrate/Glints2/dict_0007_0220.uasset" 10822
"/Engine/EngineMaterials/Substrate/Glints2/dict_0007_0215" 10823
"/Engine/EngineMaterials/Substrate/Glints2/dict_0007_0207" 10824
"../../../Engine/Content/EngineMaterials/Substrate/Glints2/dict_0007_0209.uasset" 10825
"/Engine/EngineMaterials/Substrate/Glints2/dict_0007_0205" 10826
"/Engine/EngineMaterials/Substrate/Glints2/dict_0007_0201" 10827
"/Engine/EngineMaterials/Substrate/Glints2/dict_0007_0221" 10828
"../../../Engine/Content/EngineMaterials/Substrate/Glints2/dict_0007_0242.uasset" 10829
"/Engine/EngineMaterials/Substrate/Glints2/dict_0007_0220" 10830
"/Engine/EngineMaterials/Substrate/Glints2/dict_0007_0209" 10831
"/Engine/EngineMaterials/Substrate/Glints2/dict_0007_0208" 10832
"../../../Engine/Content/EngineMaterials/Substrate/Glints2/dict_0007_0229.uasset" 10833
"/Engine/EngineMaterials/Substrate/Glints2/dict_0007_0227" 10834
"../../../Engine/Content/EngineMaterials/Substrate/Glints2/dict_0007_0237.uasset" 10835
"/Engine/EngineMaterials/Substrate/Glints2/dict_0007_0242" 10836
"/Engine/EngineMaterials/Substrate/Glints2/dict_0007_0229" 10837
"../../../Engine/Content/EngineMaterials/Substrate/Glints2/dict_0007_0228.uasset" 10838
"/Engine/EngineMaterials/Substrate/Glints2/dict_0007_0237" 10839
"/Engine/EngineMaterials/Substrate/Glints2/dict_0007_0228" 10840
"../../../Engine/Content/EngineMaterials/Substrate/Glints2/dict_0007_0243.uasset" 10841
"../../../Engine/Content/EngineMaterials/Substrate/Glints2/dict_0007_0254.uasset" 10842
"../../../Engine/Content/EngineMaterials/Substrate/Glints2/dict_0007_0245.uasset" 10843
"../../../Engine/Content/EngineMaterials/Substrate/Glints2/dict_0007_0239.uasset" 10844
"../../../Engine/Content/EngineMaterials/Substrate/Glints2/dict_0007_0241.uasset" 10845
"../../../Engine/Content/EngineMaterials/Substrate/Glints2/dict_0007_0238.uasset" 10846
"../../../Engine/Content/EngineMaterials/Substrate/Glints2/dict_0007_0244.uasset" 10847
"../../../Engine/Content/EngineMaterials/Substrate/Glints2/dict_0007_0233.uasset" 10848
"../../../Engine/Content/EngineMaterials/Substrate/Volume/SubstrateSimpleVolumeLUT3D.uasset" 10849
"../../../Engine/Content/EngineMaterials/Substrate/Volume/SubstrateSimpleVolumeLUT2D.uasset" 10850
"../../../Engine/Content/EngineMaterials/Substrate/Glints2/dict_0007_0253.uasset" 10851
"../../../Engine/Content/EngineMaterials/Substrate/Volume/SubstrateSimpleVolumeEnvLUT2D.uasset" 10852
"../../../Engine/Content/EngineMaterials/Substrate/Glints2/dict_0007_0255.uasset" 10853
"../../../Engine/Content/EngineMaterials/Substrate/Glints2/dict_0007_0236.uasset" 10854
"../../../Engine/Content/EngineMaterials/Substrate/Volume/SubstrateSimpleVolumeEnvLUT3D.uasset" 10855
"../../../Engine/Content/EngineMaterials/Substrate/Glints2/dict_0007_0232.uasset" 10856
"../../../Engine/Content/EngineMaterials/Substrate/Glints2/dict_0007_0231.uasset" 10857
"../../../Engine/Content/EngineMaterials/Substrate/Glints2/dict_0007_0230.uasset" 10858
"../../../Engine/Content/EngineMaterials/Substrate/Glints2/dict_0007_0235.uasset" 10859
"../../../Engine/Content/EngineMaterials/Substrate/Glints2/dict_0007_0250.uasset" 10860
"../../../Engine/Content/EngineMaterials/Substrate/Glints2/dict_0007_0252.uasset" 10861
"../../../Engine/Content/EngineMaterials/Substrate/Glints2/dict_0007_0248.uasset" 10862
"../../../Engine/Content/EngineMaterials/Substrate/Glints2/AGlintTex2dArray2.uasset" 10863
"../../../Engine/Content/EngineMaterials/Substrate/Glints2/dict_0007_0247.uasset" 10864
"../../../Engine/Content/EngineMaterials/DefaultCalibrationColor.uasset" 10865
"../../../Engine/Content/EngineMaterials/Substrate/Glints2/dict_0007_0226.uasset" 10866
"../../../Engine/Content/EngineMaterials/Substrate/Glints2/dict_0007_0240.uasset" 10867
"../../../Engine/Content/EngineMaterials/Substrate/Glints2/dict_0007_0246.uasset" 10868
"../../../Engine/Content/EngineMaterials/Substrate/Glints2/dict_0007_0251.uasset" 10869
"../../../Engine/Content/EngineMaterials/Substrate/Glints2/dict_0007_0234.uasset" 10870
"../../../Engine/Content/EngineMaterials/Substrate/Glints2/dict_0007_0249.uasset" 10871
"../../../Engine/Content/EngineMaterials/PPM_DefaultCalibrationColor.uasset" 10872
"/Engine/EngineMaterials/Substrate/Glints2/dict_0007_0253" 10873
"/Engine/EngineMaterials/Substrate/Glints2/dict_0007_0252" 10874
"/Engine/EngineMaterials/Substrate/Glints2/dict_0007_0251" 10875
"/Engine/EngineMaterials/Substrate/Glints2/dict_0007_0245" 10876
"/Engine/EngineMaterials/Substrate/Volume/SubstrateSimpleVolumeLUT3D" 10877
"/Engine/EngineMaterials/Substrate/Glints2/dict_0007_0244" 10878
"/Engine/EngineMaterials/Substrate/Glints2/dict_0007_0243" 10879
"/Engine/EngineMaterials/Substrate/Volume/SubstrateSimpleVolumeEnvLUT3D" 10880
"/Engine/EngineMaterials/Substrate/Glints2/dict_0007_0250" 10881
"/Engine/EngineMaterials/Substrate/Glints2/dict_0007_0249" 10882
"/Engine/EngineMaterials/Substrate/Glints2/dict_0007_0241" 10883
"/Engine/EngineMaterials/Substrate/Glints2/dict_0007_0240" 10884
"/Engine/EngineMaterials/Substrate/Glints2/dict_0007_0239" 10885
"/Engine/EngineMaterials/Substrate/Glints2/dict_0007_0238" 10886
"/Engine/EngineMaterials/PPM_DefaultCalibrationColor" 10887
"/Engine/EngineMaterials/Substrate/Glints2/AGlintTex2dArray2" 10888
"../../../Engine/Content/EngineMaterials/DefaultCalibrationGrayscale.uasset" 10889
"../../../Engine/Content/Functions/MaterialLayerFunctions/MatLayerBlend_OverrideOpacity.uasset" 10890
"../../../Engine/Plugins/Interchange/Assets/Content/Functions/MX_Surface.uasset" 10891
"../../../Engine/Plugins/Interchange/Assets/Content/Functions/MX_Displacement.uasset" 10892
"../../../Engine/Content/EngineMaterials/PPM_DefaultCalibrationGrayscale.uasset" 10893
"C:/Users/tazmi/Documents/Unreal Projects/Tandalfs-Tumultuous-Time-Trials/TandalfsTumultuousTT/Content/Characters/Mannequins/Meshes/SK_Mannequin.uasset" 10894
"../../../Engine/Content/Functions/Engine_MaterialFunctions03/Procedurals/HeightToNormalSmooth.uasset" 10895
"../../../Engine/Content/EditorResources/BSPVertex.uasset" 10896
"../../../Engine/Plugins/NNE/NNEDenoiser/Content/NNEDIM_ColorAlbedoNormal_Alpha.uasset" 10897
"../../../Engine/Plugins/NNE/NNEDenoiser/Content/NNEDIM_ColorAlbedoNormal_Default.uasset" 10898
"../../../Engine/Plugins/NNE/NNEDenoiser/Content/NNE_oidn2-3-0_rt_hdr_alb_nrm__dyn__fp16_opset11_DenoiseAlpha.uasset" 10899
"../../../Engine/Plugins/NNE/NNEDenoiser/Content/NNEDTOM_Output_Default.uasset" 10900
"../../../Engine/Plugins/NNE/NNEDenoiser/Content/NNEDT_Oidn2-3_Balanced.uasset" 10901
"../../../Engine/Plugins/NNE/NNEDenoiser/Content/NNED_Oidn2-3_Fast.uasset" 10902
"../../../Engine/Plugins/NNE/NNEDenoiser/Content/NNED_Oidn2-3_HighQuality_Alpha.uasset" 10903
"../../../Engine/Plugins/NNE/NNEDenoiser/Content/NNED_Oidn2-3_HighQuality.uasset" 10904
"../../../Engine/Plugins/NNE/NNEDenoiser/Content/NNED_Oidn2-3_Balanced_Alpha.uasset" 10905
"../../../Engine/Plugins/NNE/NNEDenoiser/Content/NNE_oidn2-3-0_rt_hdr_alb_nrm_small__dyn__fp16_opset11_DenoiseAlpha.uasset" 10906
"../../../Engine/Plugins/NNE/NNEDenoiser/Content/NNEDTIM_ColorAlbedoNormal_Alpha.uasset" 10907
"../../../Engine/Plugins/NNE/NNEDenoiser/Content/NNEDOM_Output_Default.uasset" 10908
"../../../Engine/Plugins/NNE/NNEDenoiser/Content/NNEDIM_HighQuality_Alpha.uasset" 10909
"../../../Engine/Plugins/NNE/NNEDenoiser/Content/NNE_oidn2-3-0_rt_hdr_calb_cnrm_large__dyn__fp16_opset11_ForwardAlpha.uasset" 10910
"../../../Engine/Plugins/NNE/NNEDenoiser/Content/NNED_Oidn2-3_Fast_Alpha.uasset" 10911
"../../../Engine/Plugins/NNE/NNEDenoiser/Content/NNED_Oidn2-3_Balanced.uasset" 10912
"../../../Engine/Plugins/NNE/NNEDenoiser/Content/NNE_oidn2-3-0_rt_hdr_alb_nrm__dyn__fp16_opset11_ForwardAlpha.uasset" 10913
"../../../Engine/Plugins/NNE/NNEDenoiser/Content/NNE_oidn2-3-0_rt_hdr_alb_nrm_small__dyn__fp16_opset11_ForwardAlpha.uasset" 10914
"../../../Engine/Plugins/NNE/NNEDenoiser/Content/NNEDTOM_Output_Alpha.uasset" 10915
"../../../Engine/Plugins/NNE/NNEDenoiser/Content/NNEDT_Oidn2-3_Balanced_Alpha.uasset" 10916
"../../../Engine/Plugins/NNE/NNEDenoiser/Content/NNEDOM_Output_Alpha.uasset" 10917
"../../../Engine/Plugins/NNE/NNEDenoiser/Content/NNEDIM_HighQuality_Default.uasset" 10918
"../../../Engine/Plugins/NNE/NNEDenoiser/Content/NNEDTIM_ColorAlbedoNormal_Default.uasset" 10919
"../../../Engine/Plugins/NNE/NNEDenoiser/Content/NNE_oidn2-3-0_rt_hdr_calb_cnrm_large__dyn__fp16_opset11_DenoiseAlpha.uasset" 10920
"/Engine/EditorResources/BSPVertex" 10921
"/NNEDenoiser/NNE_oidn2-3-0_rt_hdr_calb_cnrm_large__dyn__fp16_opset11_ForwardAlpha" 10922
"/NNEDenoiser/NNE_oidn2-3-0_rt_hdr_alb_nrm__dyn__fp16_opset11_ForwardAlpha" 10923
"/NNEDenoiser/NNE_oidn2-3-0_rt_hdr_alb_nrm__dyn__fp16_opset11_DenoiseAlpha" 10924
"/NNEDenoiser/NNE_oidn2-3-0_rt_hdr_alb_nrm_small__dyn__fp16_opset11_ForwardAlpha" 10925
"/NNEDenoiser/NNE_oidn2-3-0_rt_hdr_alb_nrm_small__dyn__fp16_opset11_DenoiseAlpha" 10926
"/NNEDenoiser/NNED_Oidn2-3_HighQuality_Alpha" 10927
"/NNEDenoiser/NNED_Oidn2-3_HighQuality" 10928
"/NNEDenoiser/NNED_Oidn2-3_Fast_Alpha" 10929
"/NNEDenoiser/NNED_Oidn2-3_Fast" 10930
"/NNEDenoiser/NNED_Oidn2-3_Balanced_Alpha" 10931
"/NNEDenoiser/NNED_Oidn2-3_Balanced" 10932
"/NNEDenoiser/NNEDT_Oidn2-3_Balanced_Alpha" 10933
"/NNEDenoiser/NNEDT_Oidn2-3_Balanced" 10934
"/NNEDenoiser/NNEDTOM_Output_Default" 10935
"/NNEDenoiser/NNEDTOM_Output_Alpha" 10936
"C:/Users/tazmi/Documents/Unreal Projects/Tandalfs-Tumultuous-Time-Trials/TandalfsTumultuousTT/Intermediate/ORTOptimizerPass_Optimized9D18D1244F33FC5393E0B1847C08EF61.onnx" 10937
"C:/Users/tazmi/Documents/Unreal Projects/Tandalfs-Tumultuous-Time-Trials/TandalfsTumultuousTT/Intermediate/ORTOptimizerPass_Optimized6C35440142AB8096B5516EBCADDF779C.onnx" 10938
"C:/Users/tazmi/Documents/Unreal Projects/Tandalfs-Tumultuous-Time-Trials/TandalfsTumultuousTT/Intermediate/ORTOptimizerPass_OptimizedBB1CA9384308B36CE489ABBC80B73FA0.onnx" 10939
"C:/Users/tazmi/Documents/Unreal Projects/Tandalfs-Tumultuous-Time-Trials/TandalfsTumultuousTT/Intermediate/ORTOptimizerPass_OptimizedD76F31FC481012BF9CFA339D82BD6473.onnx" 10940
"C:/Users/tazmi/Documents/Unreal Projects/Tandalfs-Tumultuous-Time-Trials/TandalfsTumultuousTT/Intermediate/ORTOptimizerPass_Optimized3C79E0464AED02F7765A4B84EF945139.onnx" 10941
"C:/Users/tazmi/Documents/Unreal Projects/Tandalfs-Tumultuous-Time-Trials/TandalfsTumultuousTT/Intermediate/ORTOptimizerPass_OptimizedAD434FA744F64C1080229E8CF345E2BF.onnx" 10942
"C:/Users/tazmi/Documents/Unreal Projects/Tandalfs-Tumultuous-Time-Trials/TandalfsTumultuousTT/Intermediate/ORTOptimizerPass_OptimizedAE5BE7DD444EB24CF3F0CBB335E24ED2.onnx" 10943
"C:/Users/tazmi/Documents/Unreal Projects/Tandalfs-Tumultuous-Time-Trials/TandalfsTumultuousTT/Intermediate/ORTOptimizerPass_Optimized087C6DDB41331037812CA0B7D0D239F2.onnx" 10944
"C:/Users/tazmi/Documents/Unreal Projects/Tandalfs-Tumultuous-Time-Trials/TandalfsTumultuousTT/Intermediate/ORTOptimizerPass_Optimized764D5BC449259C58A87BB085470A7A4C.onnx" 10945
"C:/Users/tazmi/Documents/Unreal Projects/Tandalfs-Tumultuous-Time-Trials/TandalfsTumultuousTT/Intermediate/ORTOptimizerPass_Optimized09737B41429A42FA1CC434B72D1E45E2.onnx" 10946
"/NNEDenoiser/NNEDTIM_ColorAlbedoNormal_Default" 10947
"/NNEDenoiser/NNEDTIM_ColorAlbedoNormal_Alpha" 10948
"/NNEDenoiser/NNEDOM_Output_Default" 10949
"/NNEDenoiser/NNEDOM_Output_Alpha" 10950
"/NNEDenoiser/NNEDIM_HighQuality_Default" 10951
"/NNEDenoiser/NNEDIM_HighQuality_Alpha" 10952
"/NNEDenoiser/NNEDIM_ColorAlbedoNormal_Default" 10953
"/NNEDenoiser/NNEDIM_ColorAlbedoNormal_Alpha" 10954
"/Game/Characters/Mannequins/Meshes/SK_Mannequin" 10955
"/InterchangeAssets/Functions/MX_Displacement" 10956
"/InterchangeAssets/Functions/MX_Surface" 10957
"/Engine/EngineMaterials/PPM_DefaultCalibrationGrayscale" 10958
"/NNEDenoiser/NNE_oidn2-3-0_rt_hdr_calb_cnrm_large__dyn__fp16_opset11_DenoiseAlpha" 10959
"../../../Engine/Content/EngineDebugMaterials/DebugEditorMaterial.uasset" 10960
"../../../Engine/Content/EngineMaterials/FastBlueNoise_scalar_128x128x64.uasset" 10961
"../../../Engine/Content/EngineMaterials/DefaultBloomKernel.uasset" 10962
"../../../Engine/Content/EngineMaterials/FastBlueNoise_vec2_128x128x64.uasset" 10963
"../../../Engine/Content/EngineMaterials/FastBlueNoise_scalar_128x128x8.uasset" 10964
"../../../Engine/Content/EngineResources/Development/ZenLogo_64.uasset" 10965
"../../../Engine/Plugins/Interchange/Runtime/Content/Pipelines/DefaultAssetsPipeline.uasset" 10966
"../../../Engine/Plugins/Interchange/Runtime/Content/Pipelines/DefaultTexturePipeline.uasset" 10967
"../../../Engine/Plugins/Interchange/Assets/Content/Functions/MX_TranslucentBSDF.uasset" 10968
"../../../Engine/Plugins/Interchange/Assets/Content/Functions/MX_SubsurfaceBSDF.uasset" 10969
"../../../Engine/Plugins/Interchange/Runtime/Content/Pipelines/DefaultGLTFAssetsPipeline.uasset" 10970
"../../../Engine/Plugins/Interchange/Runtime/Content/Pipelines/DefaultMaterialXPipeline.uasset" 10971
"../../../Engine/Content/EngineSounds/Master.uasset" 10972
"../../../Engine/Plugins/Interchange/Runtime/Content/Pipelines/DefaultSceneAssetsPipeline.uasset" 10973
"../../../Engine/Content/EngineMaterials/EnergyConservation/Sheen_Energy.uasset" 10974
"../../../Engine/Plugins/Interchange/Runtime/Content/Pipelines/DefaultMaterialPipeline.uasset" 10975
"../../../Engine/Plugins/Interchange/Assets/Content/Functions/MX_BurleyDiffuseBSDF.uasset" 10976
"../../../Engine/Plugins/Interchange/Assets/Content/Functions/MX_UsdPreviewSurface.uasset" 10977
"../../../Engine/Plugins/Interchange/Assets/Content/Functions/MX_GeneralizedSchlickBSDF.uasset" 10978
"../../../Engine/Plugins/Interchange/Assets/Content/Functions/MX_SheenBSDF.uasset" 10979
"../../../Engine/Plugins/Interchange/Assets/Content/Functions/MX_ThinFilmBSDF.uasset" 10980
"../../../Engine/Content/EngineMaterials/LTC/Sheen_LTC.uasset" 10981
"../../../Engine/Plugins/Interchange/Assets/Content/Functions/MX_SurfaceUnlit.uasset" 10982
"../../../Engine/Plugins/Interchange/Assets/Content/Functions/MX_DielectricBSDF.uasset" 10983
"../../../Engine/Plugins/Interchange/Runtime/Content/Pipelines/DefaultGLTFPipeline.uasset" 10984
"../../../Engine/Plugins/Interchange/Runtime/Content/Pipelines/DefaultSceneLevelPipeline.uasset" 10985
"../../../Engine/Plugins/Interchange/Assets/Content/Functions/MX_OrenNayarBSDF.uasset" 10986
"../../../Engine/Content/EngineResources/FilmGrains/Marcie_Grain_v3_128_M2_000.uasset" 10987
"../../../Engine/Plugins/Interchange/Runtime/Content/Pipelines/DefaultGLTFSceneAssetsPipeline.uasset" 10988
"../../../Engine/Plugins/Interchange/Assets/Content/Functions/MX_ConductorBSDF.uasset" 10989
"../../../Engine/Content/EngineMaterials/EnergyConservation/Diffuse_Energy.uasset" 10990
"/InterchangeAssets/Functions/MX_ThinFilmBSDF" 10991
"/InterchangeAssets/Functions/MX_SheenBSDF" 10992
"../../../Engine/Plugins/Interchange/Assets/Content/Functions/MX_UniformEDF.uasset" 10993
"/InterchangeAssets/Functions/MX_SubsurfaceBSDF" 10994
"/InterchangeAssets/Functions/MX_GeneralizedSchlickBSDF" 10995
"/InterchangeAssets/Functions/MX_ConductorBSDF" 10996
"/InterchangeAssets/Functions/MX_DielectricBSDF" 10997
"/InterchangeAssets/Functions/MX_TranslucentBSDF" 10998
"/InterchangeAssets/Functions/MX_BurleyDiffuseBSDF" 10999
"/InterchangeAssets/Functions/MX_OrenNayarBSDF" 11000
"/InterchangeAssets/Functions/MX_UsdPreviewSurface" 11001
"/InterchangeAssets/Functions/MX_SurfaceUnlit" 11002
"/Interchange/Pipelines/DefaultGLTFSceneAssetsPipeline" 11003
"/Interchange/Pipelines/DefaultSceneLevelPipeline" 11004
"/Interchange/Pipelines/DefaultSceneAssetsPipeline" 11005
"/Interchange/Pipelines/DefaultTexturePipeline" 11006
"/Interchange/Pipelines/DefaultMaterialPipeline" 11007
"/Interchange/Pipelines/DefaultGLTFPipeline" 11008
"/Interchange/Pipelines/DefaultGLTFAssetsPipeline" 11009
"C:/Users/tazmi/Documents/Unreal Projects/Tandalfs-Tumultuous-Time-Trials/TandalfsTumultuousTT/Intermediate/ORTOptimizerPass_OptimizedC88B7C94423390522855F59073DAEB7E.onnx" 11010
"C:/Users/tazmi/Documents/Unreal Projects/Tandalfs-Tumultuous-Time-Trials/TandalfsTumultuousTT/Intermediate/ORTOptimizerPass_Optimized4DFF18EC49BA980B4B84EF85E4343416.onnx" 11011
"/Interchange/Pipelines/DefaultMaterialXPipeline" 11012
"/Interchange/Pipelines/DefaultAssetsPipeline" 11013
"/Engine/EngineSounds/Master" 11014
"/Engine/EngineMaterials/EnergyConservation/Diffuse_Energy" 11015
"/Engine/EngineMaterials/EnergyConservation/Sheen_Energy" 11016
"/Engine/EngineMaterials/LTC/Sheen_LTC" 11017
"/Engine/EngineMaterials/FastBlueNoise_vec2_128x128x64" 11018
"/Engine/EngineMaterials/FastBlueNoise_scalar_128x128x8" 11019
"/Engine/EngineMaterials/FastBlueNoise_scalar_128x128x64" 11020
"/Engine/EngineDebugMaterials/DebugEditorMaterial" 11021
"/Engine/EngineResources/Development/ZenLogo_64" 11022
"/Engine/EngineResources/FilmGrains/Marcie_Grain_v3_128_M2_000" 11023
"/Engine/EngineMaterials/DefaultBloomKernel" 11024
"/InterchangeAssets/Functions/MX_UniformEDF" 11025
"../../../Engine/Plugins/Interchange/Assets/Content/Functions/MX_MeasuredEDF.uasset" 11026
"../../../Engine/Plugins/Interchange/Assets/Content/Functions/MX_ConicalEDF.uasset" 11027
"../../../Engine/Plugins/Interchange/Assets/Content/Functions/MX_AbsorptionVDF.uasset" 11028
"../../../Engine/Plugins/Animation/ControlRig/Content/Controls/ControlRigGizmoMaterial.uasset" 11029
"../../../Engine/Plugins/Interchange/Assets/Content/Functions/MX_AnisotropicVDF.uasset" 11030
"/ControlRig/Controls/ControlRigGizmoMaterial" 11031
"/InterchangeAssets/Functions/MX_AnisotropicVDF" 11032
"/InterchangeAssets/Functions/MX_AbsorptionVDF" 11033
"/InterchangeAssets/Functions/MX_MeasuredEDF" 11034
"/InterchangeAssets/Functions/MX_ConicalEDF" 11035
"C:/Users/tazmi/Documents/Unreal Projects/Tandalfs-Tumultuous-Time-Trials/TandalfsTumultuousTT/Saved/Cooked/Windows/TandalfsTumultuousTT/Metadata/CookedSettings.txt" 11036
